key,fare_amount
2015-01-27 13:08:24,10.621217012188936
2015-01-27 13:08:24,11.486834982209984
2011-10-08 11:53:44,10.614239465938226
2012-12-01 21:12:12,8.872239909424025
2012-12-01 21:12:12,9.220440786159088
2012-12-01 21:12:12,11.837026378570954
2011-10-06 12:10:20,11.980160362114475
2011-10-06 12:10:20,33.13089043041873
2011-10-06 12:10:20,9.927766043891097
2014-02-18 15:22:20,9.609748115000912
2014-02-18 15:22:20,10.652446683983726
2014-02-18 15:22:20,9.931441354898197
2010-03-29 20:20:32,10.14616828571343
2010-03-29 20:20:32,8.028362040695356
2011-10-06 03:59:12,10.780785056869718
2011-10-06 03:59:12,10.473072516562752
2012-07-15 16:45:04,8.790147346840968
2012-07-15 16:45:04,9.289901326294057
2012-07-15 16:45:04,10.54830709892849
2012-07-15 16:45:04,11.045457677153536
2014-10-29 02:09:56,21.59744132931155
2014-06-14 13:39:00,11.240083983388104
2014-06-14 13:39:00,10.193310186725284
2014-06-14 13:39:00,7.612413836801352
2014-06-14 13:39:00,9.088158643309725
2014-06-14 13:39:00,7.734206725846889
2014-06-14 13:39:00,34.02857220929582
2014-06-14 13:39:00,10.146319851268345
2014-06-14 13:39:00,11.832290969094174
2014-06-14 13:39:00,12.095404237581533
2014-06-14 13:39:00,11.191053289123374
2014-06-14 13:39:00,9.398248547960975
2014-06-14 13:39:00,11.70423324739204
2014-06-14 13:39:00,8.863306241169994
2014-06-14 13:39:00,11.234981466932368
2014-06-14 13:39:00,11.01786334627468
2014-06-14 13:39:00,11.457197823814568
2014-06-14 13:39:00,9.149342410710233
2014-06-14 13:39:00,8.697183246689747
2014-06-14 13:39:00,10.394097790456726
2014-06-14 13:39:00,7.237564389848558
2014-06-14 13:39:00,7.884093274547922
2014-06-14 13:39:00,11.04811594401508
2014-06-14 13:39:00,9.804022584841732
2014-06-14 13:39:00,8.578072987553242
2014-06-14 13:39:00,10.190829121873321
2014-06-14 13:39:00,11.368406376355779
2014-06-14 13:39:00,9.196190909275174
2014-06-14 13:39:00,11.56873667493528
2014-06-14 13:39:00,11.43771059296705
2014-06-14 13:39:00,13.627717569837841
2014-06-14 13:39:00,10.271316781083442
2014-06-14 13:39:00,15.58631895945291
2014-06-14 13:39:00,8.329947664222345
2014-06-14 13:39:00,11.265381895123937
2014-06-14 13:39:00,11.196008789134794
2014-06-14 13:39:00,10.428954202154273
2014-06-14 13:39:00,9.24959363322705
2014-06-14 13:39:00,9.71517615382254
2014-06-14 13:39:00,10.486900510040869
2014-06-14 13:39:00,16.397669641650282
2014-06-14 13:39:00,7.883081225783826
2014-06-14 13:39:00,9.13963865365804
2014-06-14 13:39:00,10.90703746267718
2014-06-14 13:39:00,10.978398746896346
2014-06-14 13:39:00,8.033851703368782
2014-06-14 13:39:00,9.163955890782745
2014-06-14 13:39:00,10.073357102472073
2014-06-14 13:39:00,9.758223548933529
2014-06-14 13:39:00,10.351922898167686
2014-06-14 13:39:00,11.055214374749994
2014-06-14 13:39:00,9.935428080396377
2014-06-14 13:39:00,10.09966217956935
2014-06-14 13:39:00,11.131847260638096
2014-06-14 13:39:00,11.482063540188392
2014-06-14 13:39:00,10.920198468747913
2014-06-14 13:39:00,39.11975371683002
2014-06-14 13:39:00,7.9019131049426505
2014-06-14 13:39:00,8.717256687657937
2014-06-14 13:39:00,11.061518503736806
2014-06-14 13:39:00,12.997189499626984
2014-06-14 13:39:00,11.156206346486215
2014-06-14 13:39:00,8.78702763288129
2014-06-14 13:39:00,11.821098232087024
2014-06-14 13:39:00,11.538457263348391
2014-06-14 13:39:00,7.388140710352673
2014-06-14 13:39:00,9.745450575614086
2014-06-14 13:39:00,9.199745038666151
2014-06-14 13:39:00,12.62107172533797
2014-06-14 13:39:00,10.470863169266522
2014-06-14 13:39:00,10.167838022496653
2014-06-14 13:39:00,10.658117742174
2014-06-14 13:39:00,9.855691272550757
2014-06-14 13:39:00,7.700062954252644
2014-06-14 13:39:00,10.509657043290645
2014-06-14 13:39:00,9.10406446693014
2014-06-14 13:39:00,11.756393187017238
2014-06-14 13:39:00,9.763560001623773
2014-06-14 13:39:00,9.655003426280018
2014-06-14 13:39:00,9.198759122187766
2014-06-14 13:39:00,10.702183035178678
2014-06-14 13:39:00,15.890123980150747
2014-06-14 13:39:00,32.20621268276227
2014-06-14 13:39:00,9.942157643010432
2014-06-14 13:39:00,9.421223335193645
2014-06-14 13:39:00,8.071989610672972
2014-06-14 13:39:00,9.057064571041337
2014-06-14 13:39:00,11.092292009825542
2014-06-14 13:39:00,11.188806729533098
2014-06-14 13:39:00,14.570857857819647
2014-06-14 13:39:00,39.73043404575219
2014-06-14 13:39:00,10.516830661163112
2014-06-14 13:39:00,10.230131181213437
2014-06-14 13:39:00,10.485841769057515
2014-06-14 13:39:00,8.021310846794222
2014-06-14 13:39:00,7.388268004744532
2014-06-14 13:39:00,13.238791127800141
2014-06-14 13:39:00,6.561017806863674
2014-06-14 13:39:00,9.215073905383178
2014-06-14 13:39:00,9.094317197186683
2014-06-14 13:39:00,9.868078345431059
2014-06-14 13:39:00,10.870783506741645
2014-06-14 13:39:00,9.35010009830512
2014-06-14 13:39:00,8.719339739967836
2014-06-14 13:39:00,10.638559851890022
2014-06-14 13:39:00,11.067208664770078
2014-06-14 13:39:00,9.773334306253673
2014-06-14 13:39:00,9.649525065247872
2014-06-14 13:39:00,10.604086293185901
2014-06-14 13:39:00,10.640179103538685
2014-06-14 13:39:00,11.469827408211131
2014-06-14 13:39:00,11.683351134004624
2014-06-14 13:39:00,10.794266155520745
2014-06-14 13:39:00,8.54968752118657
2014-06-14 13:39:00,10.181599470295623
2014-06-14 13:39:00,10.124582571881547
2014-06-14 13:39:00,9.556274799233506
2014-06-14 13:39:00,7.691231137559953
2014-06-14 13:39:00,10.1804518251829
2014-06-14 13:39:00,9.695166660238101
2014-06-14 13:39:00,12.167576100826409
2014-06-14 13:39:00,12.28642435013171
2014-06-14 13:39:00,8.736475126341247
2014-06-14 13:39:00,12.168961276594928
2014-06-14 13:39:00,9.300016635423162
2014-06-14 13:39:00,10.297364811667649
2014-06-14 13:39:00,10.018380233832431
2014-06-14 13:39:00,9.769271997151009
2014-06-14 13:39:00,8.770921117578837
2014-06-14 13:39:00,10.048899566580076
2014-06-14 13:39:00,10.159401805089146
2014-06-14 13:39:00,9.553937258588121
2011-12-12 09:42:12,10.710494084836682
2011-12-12 09:42:12,6.9392478768259025
2011-12-12 09:42:12,11.01268137217994
2011-12-12 09:42:12,10.178028652571811
2011-12-12 09:42:12,10.653871453172542
2013-06-27 00:20:40,6.470807673333184
2013-06-27 00:20:40,9.504402812584885
2009-02-20 13:34:16,10.609586323851545
2009-02-20 13:34:16,8.28376496133933
2009-02-20 13:34:16,11.028096004591134
2010-08-22 21:14:08,18.39576047994342
2010-08-22 21:14:08,9.547462576383623
2010-08-22 21:14:08,9.507143471113523
2010-08-22 21:14:08,11.546885671134078
2012-08-06 08:58:08,12.296051785830059
2012-08-06 08:58:08,16.35978356342821
2013-11-04 08:34:12,11.325257220043568
2013-11-04 08:34:12,9.022212785954252
2013-11-04 08:34:12,8.867865944175719
2011-06-24 20:34:48,10.8657667388361
2011-06-24 20:34:48,8.50913621354266
2011-03-28 20:38:36,7.985712183730357
2011-03-28 20:38:36,8.52309514481567
2011-03-28 20:38:36,8.787305831310732
2011-08-14 20:36:28,10.169556030474268
2011-08-14 20:36:28,10.483904847160375
2011-08-14 20:36:28,13.774450525494103
2011-08-14 20:36:28,10.84531997519116
2015-02-21 15:52:44,9.040269896313475
2015-02-21 15:52:44,10.818150798793795
2015-02-21 15:52:44,13.72106917507881
2015-02-21 15:52:44,10.71725341002093
2013-01-29 11:29:52,8.118912775516947
2014-09-12 19:03:48,11.184125313136974
2013-11-09 18:52:40,11.299233663830819
2013-11-09 18:52:40,9.974904447159133
2013-04-25 16:10:04,27.26633691085226
2013-04-25 16:10:04,9.10139498922399
2013-09-07 14:37:52,8.64712479060654
2013-09-07 14:37:52,11.16000796910157
2013-09-07 14:37:52,8.19118437169709
2011-05-21 13:16:20,7.398840994910643
2011-05-21 13:16:20,10.791313134335724
2011-05-21 13:16:20,9.844352040208832
2011-11-25 16:36:24,10.78373286873466
2011-11-25 16:36:24,9.73798037186316
2015-01-31 20:54:04,9.71634340601122
2010-11-01 23:31:28,9.196686752798996
2010-11-01 23:31:28,11.65318461122115
2010-11-01 23:31:28,11.238508859083595
2011-03-24 15:57:04,10.77929633106396
2011-03-24 15:57:04,10.245164591498906
2010-05-10 10:37:04,10.687175021652365
2010-05-10 10:37:04,9.744548030532314
2010-05-10 10:37:04,11.847029002798081
2010-05-10 10:37:04,9.50050168677808
2012-06-09 16:53:44,9.592703337852072
2012-08-22 22:39:20,9.88825407353579
2012-08-22 22:39:20,11.504173398714556
2012-12-23 02:29:16,10.387805657079298
2012-06-30 15:55:12,8.511771579251217
2012-06-30 15:55:12,9.131866848974823
2012-06-30 15:55:12,10.17438949290954
2012-06-30 15:55:12,7.553323916579757
2011-10-02 23:36:00,11.890014188420537
2011-10-02 23:36:00,17.79059884508206
2011-10-02 23:36:00,21.107745956878716
2011-10-02 23:36:00,7.6357208555400575
2011-10-02 23:36:00,11.946007083544828
2011-10-02 23:36:00,9.505466494021675
2011-10-02 23:36:00,8.327850067003965
2011-10-02 23:36:00,18.464444772056595
2011-10-02 23:36:00,11.763482610742358
2011-10-02 23:36:00,9.978719487640774
2011-10-02 23:36:00,11.579122769560854
2011-10-02 23:36:00,12.200950100861519
2011-10-02 23:36:00,10.13999338159374
2011-10-02 23:36:00,11.573949495521447
2011-10-02 23:36:00,18.968507317138574
2011-10-02 23:36:00,9.239278426543024
2011-10-02 23:36:00,10.930254461520235
2011-10-02 23:36:00,7.332658121098575
2011-10-02 23:36:00,10.902308638236718
2011-10-02 23:36:00,7.503788541613176
2011-10-02 23:36:00,12.993939035695803
2011-10-02 23:36:00,8.625584432988035
2011-10-02 23:36:00,13.352137236894123
2011-10-02 23:36:00,9.969516158336774
2011-10-02 23:36:00,9.832905088685948
2011-10-02 23:36:00,10.291148879703542
2011-10-02 23:36:00,7.675277110236493
2011-10-02 23:36:00,7.6803855955949984
2011-10-02 23:36:00,8.290642776251843
2011-10-02 23:36:00,11.13877621868778
2011-10-02 23:36:00,7.922697979316581
2011-10-02 23:36:00,18.554804998653708
2011-10-02 23:36:00,32.409749112621284
2011-10-02 23:36:00,11.723360850117388
2011-10-02 23:36:00,9.772178904833709
2011-10-02 23:36:00,18.643632652370798
2011-10-02 23:36:00,8.574522055230773
2011-10-02 23:36:00,9.933650015011153
2011-10-02 23:36:00,15.585906691090713
2011-10-02 23:36:00,7.721145565985353
2011-10-02 23:36:00,10.350970466166473
2011-10-02 23:36:00,11.16272384028889
2011-10-02 23:36:00,15.257358683178609
2011-10-02 23:36:00,16.70024697050758
2011-10-02 23:36:00,-1.7585050048091944
2011-10-02 23:36:00,15.4332674399393
2011-10-02 23:36:00,18.7819263893507
2011-10-02 23:36:00,12.299611850303336
2011-10-02 23:36:00,9.6550227212756
2011-10-02 23:36:00,11.947424348431014
2011-10-02 23:36:00,14.505246346521744
2011-10-02 23:36:00,13.430963495982724
2011-10-02 23:36:00,33.22930112401082
2011-10-02 23:36:00,11.481589357701523
2011-10-02 23:36:00,10.154542272040999
2011-10-02 23:36:00,8.345872198511643
2013-03-21 12:47:28,10.867774505120906
2013-03-21 12:47:28,9.036412609399122
2013-03-21 12:47:28,10.863781470605318
2013-03-21 12:47:28,11.0933077334048
2013-03-21 12:47:28,9.333469804378183
2013-06-07 03:02:56,22.14547388581923
2013-06-07 03:02:56,7.784817633102648
2010-09-05 22:31:32,-2.4077847893222497
2013-07-12 23:33:24,9.462513581016538
2009-12-03 02:32:08,12.650696068099933
2009-10-15 03:50:36,13.175650895576837
2011-09-25 22:36:32,17.59090747076516
2011-09-25 22:36:32,12.574381725320563
2015-06-08 20:02:56,9.562040898274063
2014-07-16 08:03:32,10.807081547647613
2014-07-16 08:03:32,6.834507887115251
2011-12-15 13:14:32,11.972613659567287
2011-12-15 13:14:32,9.17162502204883
2011-10-11 22:13:48,10.940914762588363
2011-10-11 22:13:48,10.917508481463301
2011-10-11 22:13:48,10.405312396056615
2013-09-14 16:53:20,11.971577580556186
2013-09-14 16:53:20,11.533956682063945
2014-02-06 09:09:56,11.12216827749944
2014-02-06 09:09:56,9.554647143640977
2014-02-06 09:09:56,8.742472959092993
2009-06-10 16:55:00,18.29136009235299
2009-06-10 16:55:00,9.475319833412868
2009-06-10 16:55:00,9.930545499833897
2009-06-10 16:55:00,32.79457417656522
2009-06-10 16:55:00,8.610321162408582
2009-06-10 16:55:00,15.713895036868053
2009-06-10 16:55:00,12.777740730391088
2009-06-10 16:55:00,8.593617472113692
2009-06-10 16:55:00,7.348545769003977
2009-06-10 16:55:00,7.629924728895276
2009-06-10 16:55:00,8.865516068632132
2009-06-10 16:55:00,17.25618291095816
2009-06-10 16:55:00,9.145103402239329
2009-06-10 16:55:00,9.713087280921172
2009-06-10 16:55:00,9.60884484496637
2009-06-10 16:55:00,11.220663459309435
2009-06-10 16:55:00,11.271358613377743
2009-06-10 16:55:00,11.011567129135074
2009-06-10 16:55:00,9.49453783602803
2009-06-10 16:55:00,9.259864110008493
2009-06-10 16:55:00,10.542110973245144
2009-06-10 16:55:00,9.965216118029275
2009-06-10 16:55:00,11.868607348500518
2009-06-10 16:55:00,10.499325020176911
2009-06-10 16:55:00,11.829934528270314
2009-06-10 16:55:00,8.611428971389614
2009-06-10 16:55:00,10.351738604384082
2009-06-10 16:55:00,11.924331830858137
2009-06-10 16:55:00,10.819890246042632
2009-06-10 16:55:00,9.68011211035082
2009-06-10 16:55:00,7.500464796949018
2009-06-10 16:55:00,2.602328856828535
2009-06-10 16:55:00,11.360148251773353
2009-06-10 16:55:00,15.059445155406138
2009-06-10 16:55:00,15.57033058273555
2009-06-10 16:55:00,10.179426019190942
2009-06-10 16:55:00,11.198855940285284
2009-06-10 16:55:00,11.002875186450183
2009-06-10 16:55:00,17.805647755008977
2009-06-10 16:55:00,7.713280195799598
2009-06-10 16:55:00,17.469004358326856
2009-06-10 16:55:00,10.669655744239208
2009-06-10 16:55:00,8.923254549752528
2009-06-10 16:55:00,17.15674050949383
2009-06-10 16:55:00,8.66782992163644
2009-06-10 16:55:00,10.099586489493959
2009-06-10 16:55:00,10.310035638485715
2009-06-10 16:55:00,12.281237081588188
2009-06-10 16:55:00,11.116282066419444
2009-06-10 16:55:00,10.215117056950476
2009-06-10 16:55:00,24.707765725856007
2009-06-10 16:55:00,9.010085705373058
2009-06-10 16:55:00,10.237661817576736
2009-06-10 16:55:00,15.759163688573608
2009-06-10 16:55:00,49.25802045997625
2009-06-10 16:55:00,10.154174512805184
2009-06-10 16:55:00,7.4402688198752
2009-06-10 16:55:00,9.480050777206998
2009-06-10 16:55:00,15.375026529365641
2009-06-10 16:55:00,10.900091078210608
2009-06-10 16:55:00,10.7699108909801
2009-06-10 16:55:00,8.35000766093981
2009-06-10 16:55:00,12.682658260511744
2009-06-10 16:55:00,11.469354744338489
2009-06-10 16:55:00,11.345246481692811
2009-06-10 16:55:00,11.914333603712294
2009-06-10 16:55:00,8.118519409836153
2009-06-10 16:55:00,8.608197141584242
2009-06-10 16:55:00,11.339807438578646
2009-06-10 16:55:00,10.849083305449312
2009-06-10 16:55:00,9.177080092948017
2009-06-10 16:55:00,8.708746624100968
2009-06-10 16:55:00,11.355226570572995
2009-06-10 16:55:00,9.357112827425226
2009-06-10 16:55:00,11.379664958496505
2009-06-10 16:55:00,9.10679225950662
2009-06-10 16:55:00,8.489762270923165
2009-06-10 16:55:00,15.913204078176932
2009-06-10 16:55:00,7.911563801866578
2009-06-10 16:55:00,11.161887185280648
2009-06-10 16:55:00,17.403905901684993
2009-06-10 16:55:00,10.699118622460446
2009-06-10 16:55:00,9.237085040764214
2009-06-10 16:55:00,12.598520318777446
2009-06-10 16:55:00,9.323268023887067
2009-06-10 16:55:00,7.868247458100086
2009-06-10 16:55:00,12.30286914527278
2009-06-10 16:55:00,8.312839783548043
2009-06-10 16:55:00,11.914120492912843
2009-06-10 16:55:00,9.230574443543446
2009-06-10 16:55:00,11.992799978022958
2009-06-10 16:55:00,10.447524035727838
2009-06-10 16:55:00,10.7354688480209
2009-06-10 16:55:00,8.662154061670662
2009-06-10 16:55:00,10.224509825651694
2009-06-10 16:55:00,7.43978493177201
2009-06-10 16:55:00,16.108517950229725
2009-06-10 16:55:00,11.207900477569638
2009-06-10 16:55:00,15.981224614119128
2009-06-10 16:55:00,11.96150461149773
2009-06-10 16:55:00,11.426470374857672
2009-06-10 16:55:00,10.351792252087762
2013-06-26 11:19:36,7.142393278700183
2014-09-05 10:02:48,10.017479825168266
2014-09-05 10:02:48,9.693864902250425
2014-09-05 10:02:48,12.514935259956474
2014-09-05 10:02:48,11.551705052665056
2012-09-19 12:31:40,9.987006221741467
2012-09-19 12:31:40,10.908619338464632
2009-03-22 04:31:40,14.106361844698768
2009-08-27 02:31:44,7.179787563942227
2009-05-02 20:11:32,10.194733627246023
2009-05-02 20:11:32,10.065000749098544
2011-02-20 02:31:16,10.080854582116444
2011-02-20 02:31:16,10.978184876054002
2011-06-24 12:03:00,11.379329563962528
2011-06-24 12:03:00,8.230120301561328
2011-06-24 12:03:00,11.467382198534324
2011-06-24 12:03:00,8.78646581562134
2011-06-24 12:03:00,9.830359072904685
2011-06-24 12:03:00,10.250418146419179
2011-06-24 12:03:00,10.23116939403917
2011-06-24 12:03:00,9.9876022319404
2011-06-24 12:03:00,10.686934845236465
2011-06-24 12:03:00,7.420438713794283
2011-06-24 12:03:00,11.800653017931836
2011-06-24 12:03:00,8.683635124800276
2011-06-24 12:03:00,36.14357126142022
2011-06-24 12:03:00,10.50927097541171
2011-06-24 12:03:00,11.233953191063847
2011-06-24 12:03:00,11.358910895372901
2011-06-24 12:03:00,11.16007532410731
2011-06-24 12:03:00,12.08549427233811
2011-06-24 12:03:00,10.9460777030381
2011-06-24 12:03:00,11.55412759101273
2011-06-24 12:03:00,11.170887285776189
2011-06-24 12:03:00,10.56767607149959
2011-06-24 12:03:00,10.579295309715235
2011-06-24 12:03:00,9.634762350193341
2011-06-24 12:03:00,9.103224521350057
2011-06-24 12:03:00,9.56656937925436
2011-06-24 12:03:00,8.712362770338586
2011-06-24 12:03:00,8.366351864026
2011-06-24 12:03:00,10.664320804360614
2011-06-24 12:03:00,10.378167054386722
2011-06-24 12:03:00,10.224772539746482
2011-06-24 12:03:00,10.690542951644602
2011-06-24 12:03:00,7.439256129275236
2011-06-24 12:03:00,9.772548684029971
2011-06-24 12:03:00,10.343344230555886
2011-06-24 12:03:00,11.258321800276462
2011-06-24 12:03:00,9.234263442827796
2011-06-24 12:03:00,10.92072053265656
2011-06-24 12:03:00,10.691297218527325
2011-06-24 12:03:00,9.190852578936756
2011-06-24 12:03:00,9.687712732535147
2011-06-24 12:03:00,9.895730000951517
2011-06-24 12:03:00,10.816472976917794
2011-06-24 12:03:00,9.23511632698137
2011-06-24 12:03:00,11.412681507030356
2011-06-24 12:03:00,10.545771222678013
2011-06-24 12:03:00,11.785920523047025
2011-06-24 12:03:00,10.54305825404299
2011-06-24 12:03:00,9.156647144978706
2011-06-24 12:03:00,7.177179180709572
2011-06-24 12:03:00,11.063463476337347
2011-06-24 12:03:00,9.34409961984602
2011-06-24 12:03:00,8.79792659065788
2011-06-24 12:03:00,7.898902852935862
2011-06-24 12:03:00,11.81687728424913
2011-06-24 12:03:00,9.00335366086074
2011-06-24 12:03:00,10.286267248662625
2011-06-24 12:03:00,9.06796876228691
2011-06-24 12:03:00,19.90408922638926
2011-06-24 12:03:00,9.112190830259351
2011-06-24 12:03:00,7.42529735152857
2011-06-24 12:03:00,16.862541911215885
2011-06-24 12:03:00,16.244764966006187
2011-06-24 12:03:00,11.682479827235511
2011-06-24 12:03:00,10.889411420106626
2011-06-24 12:03:00,8.86886289249378
2011-06-24 12:03:00,9.046298281617055
2011-06-24 12:03:00,12.075975472027494
2011-06-24 12:03:00,7.843587769139049
2011-06-24 12:03:00,11.787943484778225
2011-06-24 12:03:00,9.929102488953504
2011-06-24 12:03:00,10.88234885078964
2011-06-24 12:03:00,7.596122648601522
2011-06-24 12:03:00,10.985681567026404
2011-06-24 12:03:00,10.164636822459215
2011-06-24 12:03:00,7.682102154209133
2011-06-24 12:03:00,9.643920523674751
2011-06-24 12:03:00,11.941084416461308
2011-06-24 12:03:00,30.164423254547728
2011-06-24 12:03:00,10.162495649155971
2011-06-24 12:03:00,15.944990085483369
2011-06-24 12:03:00,10.607166635203612
2011-06-24 12:03:00,9.971361816413264
2011-06-24 12:03:00,10.964960965697173
2011-06-24 12:03:00,7.1811002092690615
2011-06-24 12:03:00,15.131387327106495
2011-06-24 12:03:00,10.824696137913634
2011-06-24 12:03:00,9.860169910720288
2011-06-24 12:03:00,11.820878945227378
2011-06-24 12:03:00,10.285932242863055
2011-06-24 12:03:00,8.467345947921785
2011-06-24 12:03:00,8.829416389737162
2011-06-24 12:03:00,10.664230473877979
2011-06-24 12:03:00,18.83707612217222
2011-06-24 12:03:00,10.807136771662044
2011-06-24 12:03:00,9.372036459368246
2011-06-24 12:03:00,15.975028938340984
2011-06-24 12:03:00,11.457826424488303
2011-06-24 12:03:00,10.176484807279849
2011-06-24 12:03:00,9.226754916253412
2011-06-24 12:03:00,9.489704533649274
2011-06-24 12:03:00,33.12516259243421
2011-06-24 12:03:00,10.269331464853167
2011-06-24 12:03:00,11.363512466874454
2011-06-24 12:03:00,9.49300654909348
2011-06-24 12:03:00,9.219046939550026
2011-06-24 12:03:00,9.145638582247557
2011-06-24 12:03:00,10.534816242559828
2011-06-24 12:03:00,9.999306203973902
2011-06-24 12:03:00,10.525736599334778
2011-06-24 12:03:00,10.181620760447913
2011-06-24 12:03:00,11.057506177185132
2011-06-24 12:03:00,9.558040375162818
2011-06-24 12:03:00,11.008372715708902
2011-06-24 12:03:00,7.595472534498185
2011-06-24 12:03:00,11.781751417878695
2011-06-24 12:03:00,10.295051086921376
2011-06-24 12:03:00,25.560670948660118
2011-06-24 12:03:00,8.459996185853015
2011-06-24 12:03:00,9.416800641602094
2011-06-24 12:03:00,10.467893801795071
2011-06-24 12:03:00,8.072727629376459
2011-06-24 12:03:00,10.314286633614756
2011-06-24 12:03:00,10.092740146297729
2011-06-24 12:03:00,10.713003281907731
2014-06-15 07:06:00,11.093289627939157
2014-06-15 07:06:00,10.562496234653736
2014-06-15 07:06:00,10.045971073093824
2014-06-15 07:06:00,10.696876053962114
2014-06-15 07:06:00,35.02545873457893
2014-06-15 07:06:00,16.32309544909549
2014-06-15 07:06:00,9.564181799139988
2014-06-15 07:06:00,7.847211829321168
2014-06-15 07:06:00,25.044953956958125
2014-06-15 07:06:00,11.929068587984148
2014-06-15 07:06:00,9.057820037274723
2014-06-15 07:06:00,7.807142885165376
2014-06-15 07:06:00,10.043663782518706
2014-06-15 07:06:00,26.667042576373206
2014-06-15 07:06:00,13.887818917948607
2014-06-15 07:06:00,6.426716856683925
2014-06-15 07:06:00,9.558249408866686
2014-06-15 07:06:00,15.719973600962476
2014-06-15 07:06:00,35.055592244531
2014-06-15 07:06:00,9.60657160192386
2014-06-15 07:06:00,24.90506111123068
2014-06-15 07:06:00,8.778833597412813
2014-06-15 07:06:00,9.617607772728661
2014-06-15 07:06:00,20.44758570725935
2014-06-15 07:06:00,11.112498417394818
2014-06-15 07:06:00,9.546790524771495
2014-06-06 16:22:20,7.846527453237286
2014-06-06 16:22:20,10.81026690831277
2015-05-30 21:29:04,9.935441593286669
2015-05-30 21:29:04,11.245682080230836
2015-05-30 21:29:04,10.8791772508539
2015-05-30 21:29:04,8.187476269482431
2009-10-26 12:01:36,9.252508998979465
2009-10-26 12:01:36,9.041378696709216
2009-10-26 12:01:36,10.134124723574132
2009-10-26 12:01:36,9.71471066678896
2013-02-02 15:45:08,11.67995233892725
2013-02-02 15:45:08,11.582506817841931
2013-02-02 15:45:08,10.688794889649216
2015-04-15 06:47:04,8.89068383340964
2015-04-15 06:47:04,9.889576938538085
2010-12-14 23:27:36,9.496741892195132
2009-03-05 11:03:04,12.026661819762012
2009-03-05 11:03:04,12.698815826275677
2013-07-18 12:23:40,10.56320687844891
2013-07-18 12:23:40,9.040048754202871
2013-07-18 12:23:40,9.090346623243022
2014-04-14 13:48:32,10.142055681120837
2014-04-14 13:48:32,10.279695123150304
2014-08-18 05:33:08,10.51752961589591
2012-01-28 03:14:28,8.011294072901364
2009-09-14 02:19:00,8.768776288910885
2009-09-14 02:19:00,10.441096123693569
2009-09-14 02:19:00,11.245652832452834
2009-09-14 02:19:00,8.615988997884415
2009-09-14 02:19:00,15.270666572409027
2009-09-14 02:19:00,8.578410356472887
2009-09-14 02:19:00,11.29092646807112
2009-09-14 02:19:00,10.49937441916336
2009-09-14 02:19:00,29.586841693060705
2009-09-14 02:19:00,10.346979384949009
2009-09-14 02:19:00,10.162357971130405
2009-09-14 02:19:00,9.763924061633588
2009-09-14 02:19:00,8.870276434690822
2009-09-14 02:19:00,13.016458386578961
2009-09-14 02:19:00,10.914482855789174
2009-09-14 02:19:00,12.196085301608036
2009-09-14 02:19:00,12.130371114342779
2009-09-14 02:19:00,8.793871601152205
2009-09-14 02:19:00,15.4470741451496
2009-09-14 02:19:00,10.159866500234784
2009-09-14 02:19:00,8.674227345254621
2009-09-14 02:19:00,12.755700445031835
2009-09-14 02:19:00,7.79861495674777
2009-09-14 02:19:00,10.522164028010593
2011-08-14 14:17:28,8.713992935176066
2011-08-14 14:17:28,8.389876514978823
2011-08-14 14:17:28,8.722746215549705
2011-08-14 14:17:28,6.08162411343983
2011-08-14 14:17:28,9.450702323169025
2014-03-17 16:07:56,27.013876022165277
2010-11-03 21:09:56,8.04272232511721
2010-11-03 21:09:56,10.471711391612189
2012-12-11 23:37:08,10.706951725762337
2012-12-11 23:37:08,9.903571703755006
2012-12-11 23:37:08,10.286850469041383
2012-12-11 23:37:08,9.514308059267933
2012-12-11 23:37:08,11.160363816074096
2012-12-11 23:37:08,9.997525655389836
2015-06-24 14:19:52,10.5624191343868
2015-06-24 14:19:52,33.20800252693334
2015-06-24 14:19:52,10.92739206582337
2010-08-21 22:21:32,10.52469289639339
2011-02-19 10:20:28,10.313154484658298
2011-02-19 10:20:28,7.475961963213194
2011-02-19 10:20:28,11.263309920725078
2011-02-19 10:20:28,10.535977782838017
2011-10-02 22:31:44,10.283711970167133
2011-10-02 22:31:44,12.450317280659874
2011-10-02 22:31:44,8.829971911507528
2012-01-26 11:17:36,10.5716489780134
2012-05-06 23:37:24,7.097890165674471
2012-05-06 23:37:24,13.346592749943738
2013-06-12 20:03:36,9.50358222176692
2013-06-12 20:03:36,26.602717299136202
2015-02-27 14:15:52,2.816615475105209
2013-12-21 17:20:32,10.710785859244425
2009-06-29 08:09:40,8.749693179363021
2009-06-29 08:09:40,9.596053056347955
2014-09-14 17:22:12,9.910718488657949
2014-09-14 17:22:12,9.844742787359792
2014-09-14 17:22:12,7.581247262234683
2014-09-14 17:22:12,11.306643898667971
2014-08-20 14:37:56,10.112129326507784
2011-07-20 16:34:48,10.696900170758454
2011-07-20 16:34:48,7.794749618393325
2009-10-05 10:11:32,9.460753019533513
2009-10-05 10:11:32,11.710906276117385
2011-02-16 08:44:04,8.450701108267822
2011-02-16 08:44:04,9.900758402050997
2011-02-16 08:44:04,10.123588282291166
2011-02-16 08:44:04,7.030793321562669
2011-02-16 08:44:04,9.521097348786498
2011-02-16 08:44:04,9.951257662318312
2011-02-16 08:44:04,10.014179606405378
2009-01-01 11:04:24,11.686852669317886
2014-04-28 19:46:36,11.214561623733971
2012-11-11 20:35:40,36.21768055602297
2012-11-11 20:35:40,11.49292385800618
2011-06-01 07:37:00,9.053233047592585
2011-06-01 07:37:00,12.134612282261514
2011-06-01 07:37:00,12.337552623739612
2011-06-01 07:37:00,10.848280317641184
2011-06-01 07:37:00,11.710361798899612
2011-06-01 07:37:00,9.949046658370207
2011-06-01 07:37:00,8.89513173387786
2011-06-01 07:37:00,12.835034860047017
2011-06-01 07:37:00,9.25143000384196
2011-06-01 07:37:00,10.314378723725895
2011-06-01 07:37:00,11.759561671611664
2011-06-01 07:37:00,4.540696243457205
2011-06-01 07:37:00,9.68102347549393
2011-06-01 07:37:00,11.899459954511258
2011-06-01 07:37:00,10.861942857569375
2011-06-01 07:37:00,10.731215059171518
2011-06-01 07:37:00,11.657898253335588
2011-06-01 07:37:00,9.4783195131713
2011-06-01 07:37:00,11.64016506864391
2011-06-01 07:37:00,10.969211589179395
2011-06-01 07:37:00,11.195403946101578
2011-06-01 07:37:00,8.451154396056154
2011-06-01 07:37:00,11.394788432085988
2011-06-01 07:37:00,11.658938412047064
2011-06-01 07:37:00,7.63507377359565
2011-06-01 07:37:00,16.95760948100724
2011-06-01 07:37:00,10.786383148877576
2011-06-01 07:37:00,8.084245661219029
2011-06-01 07:37:00,37.367987201614596
2011-06-01 07:37:00,9.470687181456015
2011-06-01 07:37:00,10.649782915361357
2011-06-01 07:37:00,11.916341230120452
2011-06-01 07:37:00,10.798842670183149
2011-06-01 07:37:00,9.699472025515206
2011-06-01 07:37:00,9.403930385456988
2011-06-01 07:37:00,8.261687081034324
2011-06-01 07:37:00,11.850599703448097
2011-06-01 07:37:00,9.112720419443576
2011-06-01 07:37:00,10.816577819638042
2011-06-01 07:37:00,31.77169264123404
2011-06-01 07:37:00,8.927791506934227
2011-06-01 07:37:00,11.046333044194398
2011-06-01 07:37:00,10.526355664518633
2011-06-01 07:37:00,10.947671065203394
2011-06-01 07:37:00,11.133159652004906
2011-06-01 07:37:00,11.60298697602775
2011-06-01 07:37:00,13.01776540777064
2011-06-01 07:37:00,10.880503608917934
2011-06-01 07:37:00,19.163061557639594
2011-06-01 07:37:00,11.976289734000602
2011-06-01 07:37:00,11.633906547516744
2011-06-01 07:37:00,9.69323211176743
2011-06-01 07:37:00,10.01328858614761
2011-06-01 07:37:00,11.664052036861904
2011-06-01 07:37:00,9.489539270623936
2011-06-01 07:37:00,10.683516618348222
2011-06-01 07:37:00,11.238788495340486
2011-06-01 07:37:00,9.32787026407459
2011-06-01 07:37:00,15.655516050546794
2011-06-01 07:37:00,10.7763376587136
2011-06-01 07:37:00,10.69581123205353
2011-06-01 07:37:00,11.660059789077422
2011-06-01 07:37:00,9.452154377911938
2011-06-01 07:37:00,8.762352092859146
2011-06-01 07:37:00,10.947858318815634
2011-06-01 07:37:00,10.203091083780237
2011-06-01 07:37:00,8.628378347799298
2011-06-01 07:37:00,12.257380834946161
2011-06-01 07:37:00,8.496538844361567
2011-06-01 07:37:00,12.321258827072597
2011-06-01 07:37:00,10.247965081451184
2011-06-01 07:37:00,10.266537932227948
2011-06-01 07:37:00,8.32010866586279
2011-06-01 07:37:00,11.15644878524472
2011-06-01 07:37:00,11.432006693747098
2011-06-01 07:37:00,8.561362751590423
2011-06-01 07:37:00,8.575761008753034
2011-06-01 07:37:00,9.42530402061675
2011-06-01 07:37:00,10.792657961561417
2011-06-01 07:37:00,8.901779564659591
2011-06-01 07:37:00,11.31357852921792
2011-06-01 07:37:00,10.114493136446981
2011-06-01 07:37:00,7.835536075865093
2011-06-01 07:37:00,10.253980745263107
2011-06-01 07:37:00,8.713470499576943
2011-06-01 07:37:00,11.742993611384009
2011-06-01 07:37:00,16.714671982346772
2011-06-01 07:37:00,12.93124327804071
2011-06-01 07:37:00,10.182798889098194
2011-06-01 07:37:00,12.015427725646077
2011-06-01 07:37:00,11.768701838936977
2011-06-01 07:37:00,10.769125438653646
2011-06-01 07:37:00,10.357349447118395
2011-06-01 07:37:00,9.436119550055082
2011-06-01 07:37:00,11.127690037081265
2011-06-01 07:37:00,8.76212707135528
2011-06-01 07:37:00,9.494427750363684
2011-06-01 07:37:00,10.611038631039264
2011-06-01 07:37:00,11.268090187357302
2011-06-01 07:37:00,11.917986974738596
2011-06-01 07:37:00,10.80958316305987
2011-06-01 07:37:00,10.07510765054758
2011-06-01 07:37:00,10.423190193230766
2011-06-01 07:37:00,10.541488060025586
2011-06-01 07:37:00,10.009671373236415
2011-06-01 07:37:00,9.162527475675233
2011-06-01 07:37:00,9.798320009427698
2011-06-01 07:37:00,10.274592122506874
2011-06-01 07:37:00,10.408163383499414
2011-06-01 07:37:00,12.125031256351576
2011-06-01 07:37:00,10.547037253529197
2011-06-01 07:37:00,10.721924553396093
2011-06-01 07:37:00,12.036746294308614
2011-06-01 07:37:00,8.640991818454495
2011-06-01 07:37:00,11.066700795068755
2011-06-01 07:37:00,12.291551378253644
2011-06-01 07:37:00,7.746859420938563
2011-06-01 07:37:00,11.025844253790638
2011-06-01 07:37:00,12.055223353896508
2011-06-01 07:37:00,11.969811210083208
2011-06-01 07:37:00,10.153732592691085
2011-06-01 07:37:00,10.742141099373839
2011-06-01 07:37:00,8.36692038484398
2011-06-01 07:37:00,11.474694957394604
2011-06-01 07:37:00,9.55170424069729
2011-06-01 07:37:00,8.189657643362807
2011-06-01 07:37:00,8.96527601224443
2011-06-01 07:37:00,11.245346096980938
2011-06-01 07:37:00,12.14214028517199
2011-06-01 07:37:00,10.020309824929427
2011-06-01 07:37:00,9.029181484929723
2011-06-01 07:37:00,8.27512190696143
2011-06-01 07:37:00,9.358456448338984
2011-06-01 07:37:00,9.27311935455873
2011-06-01 07:37:00,9.666965015379901
2011-06-01 07:37:00,9.366727631182584
2011-06-01 07:37:00,7.1072196243549115
2011-06-01 07:37:00,10.702924017004989
2011-06-01 07:37:00,11.565843922382555
2011-06-01 07:37:00,10.860535268058811
2011-06-01 07:37:00,11.600136012497387
2011-06-01 07:37:00,9.024809566592012
2011-06-01 07:37:00,8.619064401524156
2011-06-01 07:37:00,11.345235972265073
2011-06-01 07:37:00,10.598335155524182
2011-06-01 07:37:00,7.668029794700487
2011-06-01 07:37:00,9.3315992398675
2011-06-01 07:37:00,9.749675430181014
2011-06-01 07:37:00,10.579645700156107
2009-02-16 03:13:40,11.929879743653146
2010-08-27 18:45:00,10.659701536382272
2010-08-27 18:45:00,10.857480515918724
2010-08-27 18:45:00,8.355911158092567
2010-08-27 18:45:00,9.439316436983063
2010-08-27 18:45:00,13.713574210012666
2010-08-27 18:45:00,10.431670885976928
2010-08-27 18:45:00,9.90423615763757
2010-08-27 18:45:00,8.902101606559881
2010-08-27 18:45:00,9.828702179407628
2010-08-27 18:45:00,8.352205804585537
2010-08-27 18:45:00,11.442821409778844
2010-08-27 18:45:00,10.846755526668858
2010-08-27 18:45:00,5.079321593162604
2010-08-27 18:45:00,10.697778300967911
2010-08-27 18:45:00,11.313941457765395
2010-08-27 18:45:00,10.971737319741806
2010-08-27 18:45:00,11.208096442605893
2010-08-27 18:45:00,4.947405591376082
2010-08-27 18:45:00,10.575023885570772
2010-08-27 18:45:00,10.729806202587497
2010-08-27 18:45:00,-6.272236045984755
2010-08-27 18:45:00,11.174058031203458
2010-08-27 18:45:00,8.962661655232296
2010-08-27 18:45:00,9.129956343134836
2010-08-27 18:45:00,9.831866403850654
2010-08-27 18:45:00,10.40789526802837
2010-08-27 18:45:00,8.712394957154174
2010-08-27 18:45:00,9.592662559854944
2010-08-27 18:45:00,11.351348391874126
2010-08-27 18:45:00,14.043224323615505
2010-08-27 18:45:00,17.907598655812762
2010-08-27 18:45:00,9.680348494617647
2010-08-27 18:45:00,16.079318906697154
2010-08-27 18:45:00,10.188358362011058
2010-08-27 18:45:00,9.514605608686907
2010-08-27 18:45:00,9.458660086684176
2010-08-27 18:45:00,10.886291243852611
2010-08-27 18:45:00,11.58347658650382
2010-08-27 18:45:00,10.959262010233942
2010-08-27 18:45:00,10.353693227518306
2010-08-27 18:45:00,9.352656852925065
2010-08-27 18:45:00,11.989510666282513
2010-08-27 18:45:00,11.187834648759235
2010-08-27 18:45:00,7.570859790692339
2010-08-27 18:45:00,9.869653054431183
2010-08-27 18:45:00,9.219508748044973
2010-08-27 18:45:00,14.926325206071851
2010-08-27 18:45:00,10.224808133494662
2010-08-27 18:45:00,8.909146500594943
2010-08-27 18:45:00,11.27626638806396
2010-08-27 18:45:00,11.650592942043659
2010-08-27 18:45:00,11.647276468200289
2010-08-27 18:45:00,9.150292537709902
2010-08-27 18:45:00,9.65753050603962
2010-08-27 18:45:00,10.669282321370702
2010-08-27 18:45:00,10.385822643349456
2010-08-27 18:45:00,11.295378700011497
2010-08-27 18:45:00,12.448002088363864
2010-08-27 18:45:00,8.952107052613428
2010-08-27 18:45:00,11.305766883269825
2010-08-27 18:45:00,11.522898737037394
2010-08-27 18:45:00,8.34894504015756
2010-08-27 18:45:00,10.451897699553228
2010-08-27 18:45:00,10.241933382179923
2010-08-27 18:45:00,16.36996780915979
2010-08-27 18:45:00,9.526278262985215
2010-08-27 18:45:00,8.381783691052988
2010-08-27 18:45:00,11.567160345281081
2010-08-27 18:45:00,7.805487512910986
2010-08-27 18:45:00,10.66111420404195
2010-08-27 18:45:00,9.896685941957912
2010-08-27 18:45:00,9.429238903747319
2010-08-27 18:45:00,10.342282320634695
2010-08-27 18:45:00,9.542755294742165
2010-08-27 18:45:00,10.97430292854915
2010-08-27 18:45:00,11.783325136988424
2010-08-27 18:45:00,10.126208424548167
2010-08-27 18:45:00,11.785582877801062
2010-08-27 18:45:00,10.548344590837587
2010-08-27 18:45:00,15.382841007993193
2010-08-27 18:45:00,11.154055206261546
2010-08-27 18:45:00,-9.456758210368207
2010-08-27 18:45:00,7.135189824475674
2010-08-27 18:45:00,10.44595889804259
2010-08-27 18:45:00,9.732044050146214
2010-08-27 18:45:00,9.279484421544112
2010-08-27 18:45:00,10.766422765711468
2010-08-27 18:45:00,9.971640995583584
2010-08-27 18:45:00,11.147646364490356
2010-08-27 18:45:00,11.004134247390539
2010-08-27 18:45:00,10.291164973195919
2010-08-27 18:45:00,8.84833190073914
2010-08-27 18:45:00,12.525714618372149
2010-08-27 18:45:00,10.150010515584654
2010-08-27 18:45:00,11.426781378617306
2010-08-27 18:45:00,7.132282369575478
2010-08-27 18:45:00,45.52827894262009
2010-08-27 18:45:00,10.6104770651109
2010-08-27 18:45:00,8.966556827554086
2010-08-27 18:45:00,9.698644138956297
2010-08-27 18:45:00,9.075479527760763
2010-08-27 18:45:00,11.79404187883847
2010-08-27 18:45:00,9.29385472422291
2010-08-27 18:45:00,15.719931172478027
2010-08-27 18:45:00,9.380709744653359
2010-08-27 18:45:00,10.404458909533787
2010-08-27 18:45:00,12.02362384999833
2010-08-27 18:45:00,10.767187777277286
2010-08-27 18:45:00,11.78306141835128
2010-08-27 18:45:00,10.7089266087969
2010-08-27 18:45:00,8.664920689832798
2010-08-27 18:45:00,8.85237590971883
2010-08-27 18:45:00,8.888878282317819
2010-08-27 18:45:00,8.740990633265028
2010-08-27 18:45:00,9.818452585290288
2010-08-27 18:45:00,7.030843140617435
2010-08-27 18:45:00,7.228327140703186
2010-08-27 18:45:00,10.01506453746697
2010-08-27 18:45:00,8.855534730257205
2010-08-27 18:45:00,9.02023617856139
2010-08-27 18:45:00,10.435070347608416
2010-08-27 18:45:00,4.033986139602348
2010-08-27 18:45:00,10.079149934115776
2010-08-27 18:45:00,8.776604238948494
2010-08-27 18:45:00,11.816608133967748
2011-02-12 00:43:24,13.875264026002696
2011-02-12 00:43:24,10.707496248402094
2014-05-07 06:50:20,8.510579844678432
2014-05-07 06:50:20,9.543316511986632
2014-05-07 06:50:20,8.146872320552575
2011-04-27 20:59:24,9.810359423674527
2011-04-27 20:59:24,10.148995907471544
2011-04-27 20:59:24,10.645384561104947
2011-04-27 20:59:24,11.38868460654885
2011-04-27 20:59:24,8.701510302536917
2010-08-14 02:13:00,7.357165118257399
2010-08-14 02:13:00,9.795321568873987
2010-08-14 02:13:00,9.56072763519478
2010-08-14 02:13:00,15.959828603268761
2010-08-14 02:13:00,11.399960450209619
2010-08-14 02:13:00,11.888133433621988
2010-08-14 02:13:00,7.259162540991383
2010-08-14 02:13:00,10.843644392909482
2010-08-14 02:13:00,10.231669447293825
2010-08-14 02:13:00,11.314319260749471
2010-08-14 02:13:00,11.426836323920725
2010-08-14 02:13:00,8.8762174605381
2010-08-14 02:13:00,16.347483629069757
2010-08-14 02:13:00,11.931642844268936
2010-08-14 02:13:00,9.023620667216164
2010-08-14 02:13:00,12.167841240532653
2010-08-14 02:13:00,6.511206989140192
2010-08-14 02:13:00,19.91242357259398
2010-08-14 02:13:00,8.592250227149634
2010-08-14 02:13:00,17.485967326219907
2010-08-14 02:13:00,13.779050092154648
2010-08-14 02:13:00,7.564986212779331
2010-08-14 02:13:00,14.630815792253998
2010-08-14 02:13:00,12.104549143210534
2010-08-14 02:13:00,9.538247543061516
2010-08-14 02:13:00,11.473942287055252
2010-08-14 02:13:00,11.18698712015248
2010-08-14 02:13:00,10.515815456146811
2010-08-14 02:13:00,6.624390422115539
2010-08-14 02:13:00,9.132543750558398
2010-08-14 02:13:00,9.48562567413137
2010-08-14 02:13:00,9.846376965273521
2010-08-14 02:13:00,7.486222015590101
2010-08-14 02:13:00,18.389249212063078
2010-08-14 02:13:00,18.134979819731598
2010-08-14 02:13:00,14.271170371765038
2010-08-14 02:13:00,10.963753802096107
2010-08-14 02:13:00,22.95243884174488
2010-08-14 02:13:00,9.91849542678574
2010-08-14 02:13:00,9.581269700292978
2010-08-14 02:13:00,10.971786443331439
2010-08-14 02:13:00,13.417041182063258
2010-08-14 02:13:00,6.6994601922142465
2010-08-14 02:13:00,8.833147997669585
2010-08-14 02:13:00,9.939969873074006
2010-08-14 02:13:00,10.879992136584406
2010-08-14 02:13:00,11.832125147053375
2010-08-14 02:13:00,10.388689397164853
2010-08-14 02:13:00,9.538914958826354
2010-08-14 02:13:00,10.517976231778448
2010-08-14 02:13:00,14.592290720425808
2010-08-14 02:13:00,8.70547156491375
2010-08-14 02:13:00,12.162964825663948
2010-08-14 02:13:00,12.217066215614977
2010-08-14 02:13:00,12.106112835181193
2010-08-14 02:13:00,10.120005828290232
2010-08-14 02:13:00,9.465566927301552
2010-08-14 02:13:00,10.26821460485371
2010-08-14 02:13:00,11.744223806785158
2010-08-14 02:13:00,9.296728608338526
2010-08-14 02:13:00,11.525569176614226
2010-08-14 02:13:00,7.979865400304334
2010-08-14 02:13:00,8.760948173661745
2010-08-14 02:13:00,29.983786444263387
2010-08-14 02:13:00,12.602641144116205
2010-08-14 02:13:00,33.00236686907556
2010-08-14 02:13:00,10.88518378511435
2010-08-14 02:13:00,8.473168571848873
2010-08-14 02:13:00,11.792366857611341
2010-08-14 02:13:00,14.458002844829025
2010-08-14 02:13:00,12.941469332732595
2010-08-14 02:13:00,16.008553265484807
2010-08-14 02:13:00,10.050078574608051
2010-08-14 02:13:00,11.023390497968649
2010-08-14 02:13:00,8.794197397035532
2010-08-14 02:13:00,19.561476137265345
2010-08-14 02:13:00,36.54060921825294
2010-08-14 02:13:00,8.712012295407476
2010-08-14 02:13:00,10.954948489750677
2010-08-14 02:13:00,9.571050268228646
2015-04-16 22:32:48,8.475743374510785
2015-04-16 22:32:48,16.95323426627874
2015-04-16 22:32:48,7.9950733359637525
2015-04-16 22:32:48,9.88986880525772
2015-04-16 22:32:48,7.801281747480971
2013-03-15 11:57:04,11.598833822376037
2013-03-15 11:57:04,9.149489452327543
2014-11-16 08:47:12,9.070356695958253
2014-11-16 08:47:12,8.238520088885707
2013-02-20 16:10:28,8.674148723855978
2011-07-03 00:36:04,10.968515863038192
2014-03-25 23:47:00,10.516352719252609
2014-03-25 23:47:00,11.238709780122008
2014-03-25 23:47:00,10.96927620882343
2014-03-25 23:47:00,7.074306297050498
2014-03-25 23:47:00,13.017338620467854
2014-03-25 23:47:00,10.346531797807984
2014-03-25 23:47:00,10.593118029695688
2014-03-25 23:47:00,11.186840578637202
2014-03-25 23:47:00,10.594783830698361
2014-03-25 23:47:00,23.126863109791884
2014-03-25 23:47:00,8.302196425358488
2014-03-25 23:47:00,19.43119912414477
2014-03-25 23:47:00,6.676132126005541
2014-03-25 23:47:00,9.865960301400264
2014-03-25 23:47:00,6.701898437024283
2014-03-25 23:47:00,11.29599086048438
2014-03-25 23:47:00,10.446408421048545
2014-03-25 23:47:00,11.192444783158862
2014-03-25 23:47:00,10.96850980625095
2014-03-25 23:47:00,10.260273322361172
2014-03-25 23:47:00,16.862163900315863
2014-03-25 23:47:00,8.02966001241657
2014-03-25 23:47:00,14.698955446770924
2014-03-25 23:47:00,12.778852136281785
2014-03-25 23:47:00,12.009518158369247
2014-03-25 23:47:00,11.387029562951284
2014-03-25 23:47:00,10.894450257488643
2014-03-25 23:47:00,10.7231991786648
2014-03-25 23:47:00,10.102219983571558
2014-03-25 23:47:00,17.3213259388358
2014-03-25 23:47:00,11.49581946964463
2014-03-25 23:47:00,11.58134244113171
2014-03-25 23:47:00,12.843901813675984
2014-03-25 23:47:00,14.477700885983722
2014-03-25 23:47:00,9.911920738069966
2014-03-25 23:47:00,11.139807154453592
2014-03-25 23:47:00,8.438895485978719
2014-03-25 23:47:00,39.78474853189255
2014-03-25 23:47:00,9.763904569277656
2014-03-25 23:47:00,11.601363018267875
2014-03-25 23:47:00,9.569480959929933
2014-03-25 23:47:00,17.500028645577913
2014-03-25 23:47:00,11.142000555835693
2014-03-25 23:47:00,12.944832986111578
2014-03-25 23:47:00,9.113581426929159
2014-03-25 23:47:00,10.390781928117576
2014-03-25 23:47:00,12.861302453577082
2014-03-25 23:47:00,10.904339323864406
2014-03-25 23:47:00,16.59801205241456
2014-03-25 23:47:00,10.888295144148287
2014-03-25 23:47:00,17.04811361396787
2014-03-25 23:47:00,7.675704265282548
2014-03-25 23:47:00,9.866174472666899
2014-03-25 23:47:00,10.060258297246037
2014-03-25 23:47:00,11.389903181985574
2014-03-25 23:47:00,7.752984765846122
2014-03-25 23:47:00,9.721075659907001
2014-03-25 23:47:00,7.936109063979529
2014-03-25 23:47:00,15.019177938214852
2014-03-25 23:47:00,8.364513999729752
2014-03-25 23:47:00,10.164962510740224
2014-03-25 23:47:00,9.164887201915917
2014-03-25 23:47:00,10.220101910286758
2014-03-25 23:47:00,10.566528564429973
2014-03-25 23:47:00,9.905789218060818
2014-03-25 23:47:00,11.035335655964445
2014-03-25 23:47:00,9.961551248165051
2014-03-25 23:47:00,11.648435036522642
2014-03-25 23:47:00,11.76676633403622
2014-03-25 23:47:00,9.38979744581411
2014-03-25 23:47:00,12.851222599028915
2014-03-25 23:47:00,7.387248918954356
2014-03-25 23:47:00,22.495858613758173
2014-03-25 23:47:00,9.832878322909892
2014-03-25 23:47:00,13.358564588334048
2014-03-25 23:47:00,16.29113808794864
2014-03-25 23:47:00,17.251674966044448
2014-03-25 23:47:00,12.49891631851824
2014-03-25 23:47:00,9.28990492820958
2014-03-25 23:47:00,17.386185362598553
2014-03-25 23:47:00,10.667307719475502
2014-03-25 23:47:00,11.040831653297573
2014-03-25 23:47:00,9.095356610720046
2011-06-21 13:19:20,8.758682334488185
2011-06-21 13:19:20,8.160256275546999
2011-06-21 13:19:20,11.027006216490918
2013-01-02 20:53:44,7.179865379201146
2013-01-02 20:53:44,10.03740161114547
2009-10-07 08:16:24,11.9987882846508
2012-08-25 22:18:36,7.860922399602714
2012-08-25 22:18:36,10.235790329534211
2012-08-25 22:18:36,10.848908987851246
2012-08-25 22:18:36,9.84002927601432
2015-06-05 08:38:56,11.051190929993027
2015-06-05 08:38:56,11.035741400663028
2015-06-05 08:38:56,10.581457905347634
2015-06-05 08:38:56,10.546453818629743
2015-06-05 08:38:56,15.261395691068174
2015-06-05 08:38:56,10.434372347619501
2013-02-26 11:10:24,11.105267345710672
2013-02-26 11:10:24,15.163381789894629
2014-04-29 00:02:40,11.534977574778168
2014-04-29 00:02:40,14.25831853962336
2014-04-29 00:02:40,14.74431499180173
2010-08-06 20:27:12,7.632866767007727
2010-08-06 20:27:12,9.579684483831443
2010-08-06 20:27:12,12.205302785458116
2010-08-06 20:27:12,10.6433076462381
2012-06-07 00:25:40,9.299811070097348
2012-06-07 00:25:40,10.331316642103047
2011-09-24 07:42:32,8.577287033007451
2011-09-28 10:58:48,8.081075882537334
2011-09-28 10:58:48,8.22540163044323
2011-09-28 10:58:48,10.484078003653849
2011-09-28 10:58:48,7.308123197290115
2011-09-28 10:58:48,18.780783576801696
2011-09-28 10:58:48,9.749211551530607
2009-11-01 05:04:12,19.700384084942925
2009-11-01 05:04:12,9.759367941964229
2014-04-23 22:54:12,6.845010621607798
2014-04-23 22:54:12,17.74548489283916
2014-04-23 22:54:12,18.255440335260573
2014-04-23 22:54:12,12.576124527997308
2014-04-23 22:54:12,12.108450583195008
2014-04-23 22:54:12,17.145190043916955
2012-02-28 19:18:44,7.406495094679485
2012-02-28 19:18:44,8.349882179732958
2010-09-29 16:43:00,26.09128445081842
2010-09-29 16:43:00,11.694717314107038
2010-09-29 16:43:00,11.623511557800157
2010-09-29 16:43:00,10.582897825843247
2010-09-29 16:43:00,13.350342932277272
2010-09-29 16:43:00,11.72485399521247
2010-09-29 16:43:00,9.478371139970477
2010-09-29 16:43:00,10.77617661662407
2010-09-29 16:43:00,9.154608515906148
2010-09-29 16:43:00,9.199488126003416
2010-09-29 16:43:00,8.128515918153425
2010-09-29 16:43:00,7.727328363407651
2010-09-29 16:43:00,9.347796240248499
2010-09-29 16:43:00,10.706646977245327
2010-09-29 16:43:00,9.495161290236865
2010-09-29 16:43:00,29.946745766810636
2010-09-29 16:43:00,10.477855108261792
2010-09-29 16:43:00,11.230688148167246
2010-09-29 16:43:00,12.489763985133322
2010-09-29 16:43:00,10.229417376827769
2010-09-29 16:43:00,11.222270297592331
2010-09-29 16:43:00,10.113821758401173
2010-09-29 16:43:00,10.502821411992045
2010-09-29 16:43:00,11.337316660266879
2010-09-29 16:43:00,22.85671367091345
2010-09-29 16:43:00,11.14231815830317
2010-09-29 16:43:00,10.891027211351684
2010-09-29 16:43:00,8.157695767857149
2010-09-29 16:43:00,29.969448597457813
2010-09-29 16:43:00,9.260184552198552
2010-09-29 16:43:00,8.340590258409065
2010-09-29 16:43:00,9.887301351120186
2010-09-29 16:43:00,9.533368524242178
2010-09-29 16:43:00,10.228150629773154
2010-09-29 16:43:00,11.002661592003278
2010-09-29 16:43:00,27.274821425591654
2010-09-29 16:43:00,9.782203948758251
2010-09-29 16:43:00,8.087958028543653
2010-09-29 16:43:00,10.728955275862972
2010-09-29 16:43:00,10.811149743429269
2010-09-29 16:43:00,10.400562167978933
2010-09-29 16:43:00,8.325935379096336
2010-09-29 16:43:00,8.943655107372251
2010-09-29 16:43:00,10.432900394112949
2010-09-29 16:43:00,10.433696115494968
2010-09-29 16:43:00,9.890841695936615
2010-09-29 16:43:00,9.150580107907444
2010-09-29 16:43:00,11.646202015363087
2010-09-29 16:43:00,7.945420681682663
2010-09-29 16:43:00,16.76721663364151
2010-09-29 16:43:00,9.635393158450825
2010-09-29 16:43:00,10.583372205404885
2010-09-29 16:43:00,11.350936232320237
2010-09-29 16:43:00,8.218595783930141
2010-09-29 16:43:00,10.876569705647853
2010-09-29 16:43:00,9.84444401797191
2010-09-29 16:43:00,7.768512693224693
2010-09-29 16:43:00,11.211958516632876
2010-09-29 16:43:00,37.68931146517025
2010-09-29 16:43:00,-2.900124851907094
2010-09-29 16:43:00,9.41737442099111
2010-09-29 16:43:00,12.202696857322735
2010-09-29 16:43:00,9.786600106283004
2010-09-29 16:43:00,7.986872721739928
2010-09-29 16:43:00,7.5553025108420115
2010-09-29 16:43:00,7.869532958213313
2010-09-29 16:43:00,7.526919839599941
2010-09-29 16:43:00,9.590223141811293
2010-09-29 16:43:00,9.487257531223804
2010-09-29 16:43:00,7.9877047236586805
2010-09-29 16:43:00,10.131954016591408
2010-09-29 16:43:00,10.100998977111885
2010-09-29 16:43:00,9.676951058256236
2010-09-29 16:43:00,8.410758983091
2010-09-29 16:43:00,11.186547469560537
2010-09-29 16:43:00,18.7094094912718
2010-09-29 16:43:00,16.920011171623628
2010-09-29 16:43:00,9.613127853161131
2010-09-29 16:43:00,10.972947564490823
2010-09-29 16:43:00,10.398467245526263
2010-09-29 16:43:00,37.523334370669545
2010-09-29 16:43:00,10.821561588360055
2010-09-29 16:43:00,6.690188465548999
2010-09-29 16:43:00,9.317742338371318
2010-09-29 16:43:00,14.982219467510731
2010-09-29 16:43:00,26.845419596073043
2010-09-29 16:43:00,11.829903838432074
2010-09-29 16:43:00,10.367770039183597
2010-09-29 16:43:00,14.937245376269857
2010-09-29 16:43:00,7.985431587452695
2010-09-29 16:43:00,10.261364833924745
2010-09-29 16:43:00,7.095704965569894
2010-09-29 16:43:00,7.903159874640551
2010-09-29 16:43:00,10.442672314058655
2010-09-29 16:43:00,13.97892991351182
2010-09-29 16:43:00,31.632593382835694
2010-09-29 16:43:00,9.648732310766718
2010-09-29 16:43:00,11.542585075258103
2010-09-29 16:43:00,11.467632751824567
2010-09-29 16:43:00,7.9252221360075055
2010-09-29 16:43:00,9.563332988585898
2010-09-29 16:43:00,10.464565266745922
2010-09-29 16:43:00,8.375074758054325
2010-09-29 16:43:00,8.701994671813736
2010-09-29 16:43:00,7.558951296190571
2010-09-29 16:43:00,9.246760945890856
2010-09-29 16:43:00,11.232399263280968
2010-09-29 16:43:00,10.374859313466004
2010-09-29 16:43:00,11.53613274158306
2010-09-29 16:43:00,36.39334484956089
2014-10-27 14:58:00,10.505279476854412
2014-10-27 14:58:00,9.39154546248028
2014-10-27 14:58:00,10.43234369646052
2014-10-27 14:58:00,10.454131809565297
2014-10-27 14:58:00,10.520412973020939
2014-10-27 14:58:00,10.073864788200808
2014-10-27 14:58:00,9.979381713053954
2014-10-27 14:58:00,10.080007176951767
2014-10-27 14:58:00,10.911395677805558
2014-10-27 14:58:00,11.496343676575634
2014-10-27 14:58:00,10.302385032578968
2014-10-27 14:58:00,9.004837486610995
2014-10-27 14:58:00,11.80287201786632
2014-10-27 14:58:00,12.356527350390024
2014-10-27 14:58:00,7.672798151621464
2014-10-27 14:58:00,8.899661697920237
2014-10-27 14:58:00,10.187109563343256
2014-10-27 14:58:00,9.193455358468782
2014-10-27 14:58:00,7.445105265929669
2014-10-27 14:58:00,10.338894391365102
2014-10-27 14:58:00,11.162565413429547
2014-10-27 14:58:00,10.678068080842422
2014-10-27 14:58:00,10.185438772618
2014-10-27 14:58:00,10.321731606847607
2014-10-27 14:58:00,10.76307028264273
2014-10-27 14:58:00,11.196504043307868
2014-10-27 14:58:00,10.218205842840689
2014-10-27 14:58:00,11.453078050395561
2014-10-27 14:58:00,9.698894204140743
2014-10-27 14:58:00,11.87488453331207
2014-10-27 14:58:00,17.563780995733396
2014-10-27 14:58:00,18.83717080094175
2014-10-27 14:58:00,16.00372634276755
2014-10-27 14:58:00,11.499178743450102
2014-10-27 14:58:00,18.3938794163314
2014-10-27 14:58:00,15.88815746333421
2014-10-27 14:58:00,9.609284951073278
2014-10-27 14:58:00,8.658734912536602
2014-10-27 14:58:00,8.58023818914262
2014-10-27 14:58:00,9.605690078846237
2014-10-27 14:58:00,9.460373772095409
2014-10-27 14:58:00,11.499463650987309
2014-10-27 14:58:00,10.804859950698301
2014-10-27 14:58:00,11.173827387505298
2014-10-27 14:58:00,10.595019548944038
2014-10-27 14:58:00,10.068543547382433
2014-10-27 14:58:00,9.623847424289124
2014-10-27 14:58:00,7.222844745250768
2014-10-27 14:58:00,10.44644114714356
2014-10-27 14:58:00,9.532618904693663
2014-10-27 14:58:00,7.740927096885571
2014-10-27 14:58:00,7.2577863903898105
2014-10-27 14:58:00,32.225133887021
2014-10-27 14:58:00,11.326282076452117
2014-10-27 14:58:00,18.132839075649827
2014-10-27 14:58:00,8.120656121984211
2014-10-27 14:58:00,9.825983579516105
2014-10-27 14:58:00,8.017576896112587
2014-10-27 14:58:00,10.399512979684005
2014-10-27 14:58:00,11.376321825729974
2014-10-27 14:58:00,9.207175712943354
2014-10-27 14:58:00,7.426463494688505
2014-10-27 14:58:00,8.007905641450634
2014-10-27 14:58:00,10.646159352756513
2014-10-27 14:58:00,31.636829867176857
2014-10-27 14:58:00,9.855300567805898
2014-10-27 14:58:00,12.094719603326666
2014-10-27 14:58:00,9.24441453315194
2014-10-27 14:58:00,10.978584318847425
2014-10-27 14:58:00,10.288436741506302
2014-10-27 14:58:00,10.206342936642613
2014-10-27 14:58:00,11.270050182316481
2014-10-27 14:58:00,9.789922305280925
2014-10-27 14:58:00,12.827768921815732
2014-10-27 14:58:00,19.28888479229863
2014-10-27 14:58:00,7.720009714112166
2014-10-27 14:58:00,11.597454902381287
2014-10-27 14:58:00,10.557908200180464
2014-10-27 14:58:00,7.309707567166697
2014-10-27 14:58:00,9.853528685958736
2014-10-27 14:58:00,10.228285138853607
2014-10-27 14:58:00,6.970262285347417
2014-10-27 14:58:00,7.942254610261443
2014-10-27 14:58:00,15.320967954046864
2014-10-27 14:58:00,7.430915066301168
2014-10-27 14:58:00,10.986837411068336
2014-10-27 14:58:00,8.689938754978357
2014-10-27 14:58:00,14.077340098636341
2014-10-27 14:58:00,12.569182844510578
2014-10-27 14:58:00,11.605489373585442
2014-10-27 14:58:00,32.515829827752896
2014-10-27 14:58:00,9.099647180226384
2014-10-27 14:58:00,10.179781731985713
2014-10-27 14:58:00,10.616008814808083
2014-10-27 14:58:00,36.73913827088836
2014-10-27 14:58:00,34.31651839601
2009-10-08 23:44:56,11.341969522589352
2009-10-08 23:44:56,10.747933586311774
2012-11-03 17:11:00,10.850835027993526
2012-11-03 17:11:00,11.273824230782338
2012-11-03 17:11:00,10.18505433948485
2012-11-03 17:11:00,10.18575428474469
2012-11-03 17:11:00,9.99008239302384
2012-11-03 17:11:00,11.186683811591138
2012-11-03 17:11:00,11.611844222352374
2012-11-03 17:11:00,7.067385098202067
2012-11-03 17:11:00,9.038010616721294
2012-11-03 17:11:00,10.677602621850383
2012-11-03 17:11:00,8.640267761458745
2012-11-03 17:11:00,10.248933040667907
2012-11-03 17:11:00,24.475844845699612
2012-11-03 17:11:00,9.160205632952056
2012-11-03 17:11:00,10.901967322908604
2012-11-03 17:11:00,10.504327556509452
2012-11-03 17:11:00,9.4519433270616
2012-11-03 17:11:00,9.175887949624666
2012-11-03 17:11:00,7.518285661957634
2012-11-03 17:11:00,10.77569085039977
2012-11-03 17:11:00,10.495411072257411
2012-11-03 17:11:00,9.595950368795457
2012-11-03 17:11:00,12.30248306093381
2012-11-03 17:11:00,9.259656994536272
2012-11-03 17:11:00,17.937709093130252
2012-11-03 17:11:00,10.87251473309152
2012-11-03 17:11:00,9.216082466431544
2012-11-03 17:11:00,7.366765641439997
2012-11-03 17:11:00,10.084462185330267
2012-11-03 17:11:00,8.67172449980535
2012-11-03 17:11:00,12.99728518180018
2012-11-03 17:11:00,12.065302074161082
2012-11-03 17:11:00,18.313860684289466
2012-11-03 17:11:00,11.10254268260178
2012-11-03 17:11:00,12.6484297342231
2012-11-03 17:11:00,8.535228074062616
2012-11-03 17:11:00,34.562021591947996
2012-11-03 17:11:00,12.424789064662036
2012-11-03 17:11:00,10.146598228102448
2012-11-03 17:11:00,9.314540412633505
2012-11-03 17:11:00,7.4014454591088
2012-11-03 17:11:00,11.519135369826472
2012-11-03 17:11:00,10.28363414200976
2012-11-03 17:11:00,12.619216701425103
2012-11-03 17:11:00,12.543578405593507
2012-11-03 17:11:00,9.017128978321125
2012-11-03 17:11:00,9.30935494305595
2012-11-03 17:11:00,7.916553963350452
2012-11-03 17:11:00,11.615575258229
2012-11-03 17:11:00,13.403647763352637
2012-11-03 17:11:00,17.86213969517121
2012-11-03 17:11:00,7.619145522023246
2012-11-03 17:11:00,11.579545683916876
2012-11-03 17:11:00,41.42663993636597
2012-11-03 17:11:00,7.307230185788285
2012-11-03 17:11:00,9.045087154936482
2012-11-03 17:11:00,11.315255775672995
2012-11-03 17:11:00,10.586380155182269
2012-11-03 17:11:00,9.674591495828281
2012-11-03 17:11:00,9.458768932145176
2012-11-03 17:11:00,11.037136029177418
2012-11-03 17:11:00,11.44229508893477
2012-11-03 17:11:00,10.08268531716567
2012-11-03 17:11:00,9.065932960606006
2012-11-03 17:11:00,9.277765766582888
2012-11-03 17:11:00,10.262125058001402
2012-11-03 17:11:00,12.241313385629837
2012-11-03 17:11:00,11.34243980802421
2012-11-03 17:11:00,14.308889062403978
2012-11-03 17:11:00,11.029481510826372
2012-11-03 17:11:00,12.220112896413411
2012-11-03 17:11:00,10.149995461642902
2012-11-03 17:11:00,9.290445253964208
2012-11-03 17:11:00,11.07009388244478
2012-11-03 17:11:00,10.91263471435559
2012-11-03 17:11:00,11.588090054172426
2012-11-03 17:11:00,12.249950881519908
2012-11-03 17:11:00,9.160826587434713
2012-11-03 17:11:00,9.759279575489927
2012-11-03 17:11:00,8.619434107402412
2012-11-03 17:11:00,8.455898076128506
2012-11-03 17:11:00,7.115223590855749
2012-11-03 17:11:00,11.556698924963712
2012-11-03 17:11:00,10.833757175661958
2012-11-03 17:11:00,12.16069127364608
2012-11-03 17:11:00,9.394482837777105
2012-11-03 17:11:00,11.068221152403567
2012-11-03 17:11:00,10.573523621658751
2012-11-03 17:11:00,9.469926737492642
2012-11-03 17:11:00,8.508374711618671
2012-11-03 17:11:00,10.899367188210817
2012-11-03 17:11:00,9.990119847119786
2012-11-03 17:11:00,11.109799028639827
2009-05-07 13:58:32,9.090246100771765
2009-05-07 13:58:32,9.087058965218603
2011-12-25 21:26:32,9.942113431981852
2015-01-12 19:01:00,9.10642277461011
2015-01-12 19:01:00,8.555700945720673
2015-01-12 19:01:00,22.9212072503542
2015-01-12 19:01:00,11.334872502598955
2009-10-06 16:09:24,9.383139365549141
2009-10-06 16:09:24,11.431776050434564
2009-10-06 16:09:24,9.792177033859844
2009-05-06 01:49:12,14.378877741126416
2009-05-06 01:49:12,8.085877229937978
2009-05-06 01:49:12,10.087046368586016
2009-05-06 01:49:12,13.05143135489925
2014-10-07 11:20:56,20.107012118469356
2014-10-07 11:20:56,8.291409305984416
2014-10-07 11:20:56,9.489476063839902
2009-02-10 15:30:04,9.003478146860289
2009-02-10 15:30:04,9.256184500880408
2013-09-28 00:06:20,15.2850298061785
2013-09-28 00:06:20,11.752003990406592
2013-09-28 00:06:20,13.129657469913582
2013-09-28 00:06:20,9.89117137158064
2013-09-28 00:06:20,8.012298672430916
2013-09-28 00:06:20,7.233518740393265
2013-09-28 00:06:20,19.667117862045416
2013-07-18 08:25:04,9.891133419554535
2013-07-18 08:25:04,9.710652878706242
2013-07-18 08:25:04,10.104833870700531
2011-03-11 01:44:00,9.609298307841527
2011-03-11 01:44:00,9.772688647648465
2011-03-11 01:44:00,10.997489920104272
2011-03-11 01:44:00,13.478719634005756
2011-03-11 01:44:00,11.548190175601121
2011-03-11 01:44:00,7.69087079642668
2011-03-11 01:44:00,10.698186547404475
2011-03-11 01:44:00,12.196308120937829
2011-03-11 01:44:00,11.450555239916866
2011-03-11 01:44:00,13.057867799212545
2011-03-11 01:44:00,8.979800321685616
2011-03-11 01:44:00,13.520207843865137
2011-03-11 01:44:00,10.914841528607212
2011-03-11 01:44:00,11.082549810700584
2011-03-11 01:44:00,11.56183724150651
2011-03-11 01:44:00,10.951170082869794
2011-03-11 01:44:00,11.053221207175739
2011-03-11 01:44:00,8.753933193587727
2011-03-11 01:44:00,12.324684009498014
2011-03-11 01:44:00,11.968104932315327
2011-03-11 01:44:00,8.738855583986151
2011-03-11 01:44:00,11.302593284042814
2011-03-11 01:44:00,9.27133246829544
2011-03-11 01:44:00,13.00913265706913
2011-03-11 01:44:00,15.787630804512446
2011-03-11 01:44:00,11.777091048528746
2011-03-11 01:44:00,19.279404855011308
2011-03-11 01:44:00,9.768776660734147
2011-03-11 01:44:00,11.6709585566241
2011-03-11 01:44:00,8.65234632017382
2011-03-11 01:44:00,15.67524962216703
2011-03-11 01:44:00,8.161714116729854
2011-03-11 01:44:00,8.25920661042801
2011-03-11 01:44:00,23.674112297241663
2011-03-11 01:44:00,11.542750781940413
2011-03-11 01:44:00,26.416105263286227
2011-03-11 01:44:00,20.066551940262798
2011-03-11 01:44:00,13.624741997195088
2011-03-11 01:44:00,10.584684824259966
2011-03-11 01:44:00,12.838264722546228
2011-03-11 01:44:00,18.465343803360156
2011-03-11 01:44:00,11.860476426980313
2011-03-11 01:44:00,11.866053000268948
2011-03-11 01:44:00,9.89660192096926
2011-03-11 01:44:00,11.159065726626068
2011-03-11 01:44:00,22.09795295130243
2011-03-11 01:44:00,9.159361295442068
2011-03-11 01:44:00,8.352696301462856
2013-12-16 19:06:44,11.064749226361528
2013-12-18 03:49:24,10.476095500123847
2013-08-05 19:04:36,9.983638869203787
2013-08-05 19:04:36,10.3498421273016
2009-05-08 18:00:36,10.941151323238955
2013-01-27 00:09:12,12.565098948145533
2013-01-27 00:09:12,10.588222007050717
2013-01-27 00:09:12,13.184686131549824
2013-01-27 00:09:12,13.200723398329501
2013-01-27 00:09:12,9.672315512245405
2013-01-27 00:09:12,6.864071375690401
2013-01-27 00:09:12,11.93226253388093
2012-06-18 22:51:56,9.561414889018124
2012-06-18 22:51:56,9.317835822033885
2011-06-20 09:55:24,8.676703223576624
2011-06-20 09:55:24,11.06453243082251
2011-06-20 09:55:24,10.899408964152826
2011-06-20 09:55:24,8.049043835540942
2011-06-20 09:55:24,9.337236404217037
2015-02-22 09:48:32,11.516901501132452
2015-02-22 09:48:32,9.445360014498874
2015-02-22 09:48:32,11.65273051852455
2010-08-25 23:40:32,11.348469472426586
2012-01-07 11:21:56,11.320514797869691
2012-10-31 12:17:24,8.287913154883427
2012-10-31 12:17:24,9.000476783388876
2012-10-20 02:05:08,10.685090046439655
2012-10-20 02:05:08,12.048394820163594
2012-05-06 08:52:08,9.214613058804389
2014-10-11 15:11:24,8.910611126517324
2014-10-11 15:11:24,19.70206132830026
2014-10-11 15:11:24,9.82790014438433
2014-10-11 15:11:24,38.538673390836266
2014-10-11 15:11:24,10.02813741290629
2009-08-17 12:27:08,10.643091316946084
2009-08-17 12:27:08,10.844614868032295
2009-08-17 12:27:08,10.632547213081125
2011-10-28 07:45:04,11.602993458120181
2011-10-28 07:45:04,10.955845413471252
2011-10-28 07:45:04,12.314197162546407
2014-04-09 09:23:12,10.397421113990276
2014-04-09 09:23:12,10.654939780077257
2014-04-09 09:23:12,8.206364507846956
2014-04-09 09:23:12,10.678943159073242
2013-09-15 02:37:52,20.735897025691884
2013-09-15 02:37:52,11.109291654545814
2009-11-25 19:32:52,10.447552075866042
2009-11-25 19:32:52,11.888297493578648
2009-11-25 19:32:52,9.002967359132526
2014-05-30 00:09:16,10.380610808710117
2014-05-30 00:09:16,9.754916051746477
2014-05-30 00:09:16,9.86364590599078
2014-05-30 00:09:16,9.19707353933336
2014-05-30 00:09:16,9.915210318013123
2013-10-24 14:18:20,10.727182543865638
2013-10-24 14:18:20,6.984765960603909
2013-10-24 14:18:20,10.987605377247746
2014-06-07 22:07:12,10.461646683505023
2014-06-07 22:07:12,9.771509695608984
2013-01-07 17:08:32,9.567733722375124
2013-01-07 17:08:32,9.788776355500886
2010-08-11 00:12:08,7.6833603996801685
2011-10-04 09:37:00,9.801938278333182
2011-10-04 09:37:00,8.290078813297441
2011-10-04 09:37:00,9.647045287807487
2011-10-04 09:37:00,7.973588030356041
2011-10-04 09:37:00,19.26410750838295
2011-10-04 09:37:00,10.75328829465252
2011-10-04 09:37:00,10.318806740002401
2011-10-04 09:37:00,10.086031442542662
2011-10-04 09:37:00,9.80358600033287
2011-10-04 09:37:00,8.059152190493478
2011-10-04 09:37:00,10.605550299247625
2011-10-04 09:37:00,9.957324423690807
2011-10-04 09:37:00,6.788182816517292
2011-10-04 09:37:00,7.675042823169861
2011-10-04 09:37:00,10.620691574684315
2011-10-04 09:37:00,9.073622166788482
2011-10-04 09:37:00,10.071722636599588
2011-10-04 09:37:00,10.76676018100261
2011-10-04 09:37:00,8.829719938426933
2011-10-04 09:37:00,10.284372141431959
2011-10-04 09:37:00,12.35431525400054
2011-10-04 09:37:00,9.215251860681747
2011-10-04 09:37:00,10.595142998990923
2011-10-04 09:37:00,18.086973774314174
2011-10-04 09:37:00,10.769022266373213
2011-10-04 09:37:00,9.782875780718314
2011-10-04 09:37:00,10.509052438243089
2011-10-04 09:37:00,18.192351952979152
2011-10-04 09:37:00,19.420158493830968
2011-10-04 09:37:00,11.19631180122451
2011-10-04 09:37:00,18.11109749038951
2011-10-04 09:37:00,40.2449631873842
2011-10-04 09:37:00,9.04811327428979
2011-10-04 09:37:00,11.795003392076978
2011-10-04 09:37:00,9.4255243872758
2011-10-04 09:37:00,10.662482995105165
2011-10-04 09:37:00,8.348979016547673
2011-10-04 09:37:00,11.26407931990434
2011-10-04 09:37:00,11.147566926410946
2011-10-04 09:37:00,10.541517244599163
2011-10-04 09:37:00,10.772168715900989
2011-10-04 09:37:00,10.536897746344039
2011-10-04 09:37:00,9.080148769611696
2011-10-04 09:37:00,8.469227139608847
2011-10-04 09:37:00,8.194693938068667
2011-10-04 09:37:00,10.735253112552527
2011-10-04 09:37:00,12.056372564966296
2011-10-04 09:37:00,10.293666162535374
2011-10-04 09:37:00,10.827239375897989
2011-10-04 09:37:00,19.09024230657269
2011-10-04 09:37:00,8.470840485375447
2011-10-04 09:37:00,9.852727943203718
2011-10-04 09:37:00,10.862820926678978
2011-10-04 09:37:00,9.175646593757847
2011-10-04 09:37:00,8.761356059949321
2011-10-04 09:37:00,10.44579499334759
2011-10-04 09:37:00,9.77151578072153
2011-10-04 09:37:00,11.213170401320895
2011-10-04 09:37:00,11.570119233991136
2011-10-04 09:37:00,9.039317865484918
2011-10-04 09:37:00,9.578650070039657
2011-10-04 09:37:00,9.498988172374084
2011-10-04 09:37:00,10.753417653173528
2011-10-04 09:37:00,11.447494128460676
2011-10-04 09:37:00,9.500006188480256
2011-10-04 09:37:00,10.94197971304493
2011-10-04 09:37:00,10.346396031998665
2011-10-04 09:37:00,12.123310955234047
2011-10-04 09:37:00,10.964968601188957
2011-10-04 09:37:00,9.63775645073656
2011-10-04 09:37:00,12.788234636765992
2011-10-04 09:37:00,11.663868947694937
2011-10-04 09:37:00,9.548577502524495
2011-10-04 09:37:00,16.84010871686951
2011-10-04 09:37:00,7.37425704099951
2011-10-04 09:37:00,8.803077470245626
2011-10-04 09:37:00,10.965194870697815
2011-10-04 09:37:00,8.609432938348618
2011-10-04 09:37:00,9.607882341006189
2011-10-04 09:37:00,7.578777351442113
2011-10-04 09:37:00,10.798078458756208
2011-10-04 09:37:00,12.084526567736248
2011-10-04 09:37:00,9.85722510422056
2011-10-04 09:37:00,9.846974889012927
2011-10-04 09:37:00,9.104965891892789
2011-10-04 09:37:00,12.202154362619694
2011-10-04 09:37:00,9.990620654676604
2011-10-04 09:37:00,10.926885824277633
2011-10-04 09:37:00,7.181677334458072
2011-10-04 09:37:00,7.5083675674450205
2011-10-04 09:37:00,9.064993141611922
2011-10-04 09:37:00,9.473396714818591
2011-10-04 09:37:00,12.651705760497862
2011-10-04 09:37:00,9.57814604025225
2011-10-04 09:37:00,8.386499776088385
2011-10-04 09:37:00,9.371248948880748
2011-10-04 09:37:00,18.74580267111014
2011-10-04 09:37:00,12.211001132060119
2011-10-04 09:37:00,9.726166412689054
2011-10-04 09:37:00,10.103034700525313
2011-10-04 09:37:00,11.436672266028836
2011-10-04 09:37:00,10.777456446458018
2011-10-04 09:37:00,10.378238602217607
2011-10-04 09:37:00,12.070931875736278
2011-10-04 09:37:00,10.759825513448959
2011-10-04 09:37:00,33.08910786433444
2011-10-04 09:37:00,17.51237139874138
2011-10-04 09:37:00,9.236917147500208
2011-10-04 09:37:00,8.597523010656005
2011-10-04 09:37:00,8.605761683264063
2011-10-04 09:37:00,10.277165433109985
2011-10-04 09:37:00,9.034466366774723
2011-10-04 09:37:00,9.740760439755832
2011-10-04 09:37:00,9.399111568069202
2011-10-04 09:37:00,9.516972151253867
2011-10-04 09:37:00,11.641504542962139
2011-10-04 09:37:00,15.993167395772616
2011-10-04 09:37:00,10.302306665922515
2011-10-04 09:37:00,11.72693943539889
2011-10-04 09:37:00,10.830616323926733
2011-10-04 09:37:00,10.582160187055706
2011-10-04 09:37:00,8.94266487740424
2011-10-04 09:37:00,8.018339358724916
2014-04-29 08:15:56,10.376467698632041
2014-04-29 08:15:56,8.24138444381606
2012-10-23 14:15:04,9.39892237398817
2012-10-23 14:15:04,11.354793164473449
2012-10-23 14:15:04,10.226717944369739
2012-08-31 08:01:16,10.088499465666246
2012-10-18 21:06:20,9.153726280264891
2012-10-18 21:06:20,-2.5632206737536762
2012-10-18 21:06:20,9.181486940491595
2012-10-18 21:06:20,11.962329588872308
2012-10-18 21:06:20,9.42822990661989
2012-10-18 21:06:20,10.572699109097812
2012-10-18 21:06:20,10.766671341683832
2012-10-18 21:06:20,15.903932181025084
2014-02-26 04:36:28,13.222881190744374
2010-02-20 00:43:28,10.591181249481451
2010-02-20 00:43:28,13.343901108093633
2010-02-20 00:43:28,9.189515480578848
2010-02-20 00:43:28,9.632628041474163
2009-08-21 08:00:48,8.312215731506512
2009-08-21 08:00:48,10.271700727542338
2009-08-21 08:00:48,9.67512417688522
2014-12-24 03:00:00,11.633724385072128
2014-12-24 03:00:00,16.498459955577346
2014-12-24 03:00:00,13.179622507353997
2014-12-24 03:00:00,8.457201311084646
2014-12-24 03:00:00,10.91839824753697
2014-12-24 03:00:00,12.088600289873284
2014-12-24 03:00:00,10.71433154022452
2014-12-24 03:00:00,14.511229536436076
2014-12-24 03:00:00,11.57601691828495
2014-12-24 03:00:00,9.892249590950087
2014-12-24 03:00:00,24.040144525886717
2014-12-24 03:00:00,11.39301561220418
2014-12-24 03:00:00,9.443447201407253
2014-12-24 03:00:00,10.797056716734005
2014-12-24 03:00:00,6.976885298317939
2014-12-24 03:00:00,13.635129142494407
2014-12-24 03:00:00,7.959318883436936
2014-12-24 03:00:00,10.114516782337887
2014-12-24 03:00:00,11.96091173529203
2014-12-24 03:00:00,20.90656467741428
2014-12-24 03:00:00,10.984006265389326
2012-08-19 12:46:40,8.314201792367385
2012-08-19 12:46:40,8.52772802376785
2012-08-19 12:46:40,9.684743047968368
2013-12-02 17:53:24,10.361868461930499
2013-12-02 17:53:24,11.591569504520521
2013-12-02 17:53:24,9.871342726373769
2011-11-07 18:53:08,9.464048028779871
2011-11-07 18:53:08,10.249736338941148
2009-05-16 23:36:24,9.569683056957729
2009-05-16 23:36:24,10.082053909534807
2011-01-10 10:56:56,8.07811274830965
2011-01-10 10:56:56,17.463619112932065
2011-01-10 10:56:56,10.3617930962846
2010-10-07 10:54:20,11.23631356867736
2010-10-07 10:54:20,10.813025933124663
2010-10-07 10:54:20,11.154679006296647
2010-10-07 10:54:20,10.641655053614159
2011-02-21 20:11:08,9.173870546364924
2011-02-21 20:11:08,9.53053563028152
2011-02-21 20:11:08,10.561484766391004
2011-02-21 20:11:08,11.151699969894253
2011-02-21 20:11:08,22.154475434610504
2009-10-04 22:54:56,11.099901135457912
2015-04-11 20:31:32,7.307184888024494
2015-04-11 20:31:32,11.620381111877577
2015-04-11 20:31:32,11.688396764231584
2015-04-11 20:31:32,7.475974061189845
2015-04-11 20:31:32,11.078081804873364
2015-04-11 20:31:32,7.317074732432957
2015-04-11 20:31:32,11.033841384925836
2015-04-11 20:31:32,12.540253621598822
2012-04-02 02:53:24,11.236960088963315
2014-04-21 16:00:36,7.584146606117429
2014-04-21 16:00:36,10.96364542927222
2014-04-21 16:00:36,10.674468816905573
2012-03-22 21:11:36,48.2733268951597
2012-03-22 21:11:36,6.707128808198831
2012-03-22 21:11:36,9.366130443904694
2012-03-22 21:11:36,10.638601066646515
2012-03-22 21:11:36,12.870346652201988
2012-03-22 21:11:36,10.79772418534776
2012-03-22 21:11:36,9.893733715380222
2012-03-22 21:11:36,15.750720582534996
2011-04-08 00:57:44,10.444730311915919
2011-02-20 12:31:04,11.6487133121027
2011-02-20 12:31:04,11.70530224047252
2011-02-06 17:08:24,9.426544334797654
2011-02-06 17:08:24,10.277431455999249
2011-02-06 17:08:24,9.222533931519138
2013-01-01 22:04:56,10.287106657429831
2013-04-23 17:52:44,13.310913744560821
2013-04-23 17:52:44,9.164387770906615
2013-07-02 21:47:24,9.620608149452892
2013-07-02 21:47:24,18.651080490379172
2013-07-02 21:47:24,14.30321912189902
2010-01-01 13:19:40,10.793565306541495
2010-01-01 13:19:40,10.066301508362812
2010-01-01 13:19:40,11.48406975400394
2010-01-01 13:19:40,3.3229669584343355
2013-04-26 20:41:16,11.87693422501252
2010-03-06 23:51:08,14.642907112369357
2010-03-06 23:51:08,10.074147026483843
2014-04-17 16:58:28,10.565582618453845
2014-04-17 16:58:28,10.447063411673298
2014-01-06 16:39:16,16.510762399695523
2015-02-12 05:37:56,11.094814771218807
2011-12-22 01:00:08,14.047474530041654
2011-12-22 01:00:08,9.906458189043406
2011-08-20 17:04:24,12.782040507710917
2011-06-30 13:07:36,10.826223631245739
2011-06-30 13:07:36,10.62803663478553
2011-06-30 13:07:36,12.149198008248277
2011-06-30 13:07:36,8.780344017972311
2011-06-30 13:07:36,10.211359330276537
2014-04-27 02:57:00,6.703419223857054
2014-04-27 02:57:00,6.616910434982856
2014-04-27 02:57:00,14.546385687250222
2014-04-27 02:57:00,15.431000504368058
2014-04-27 02:57:00,17.878956251406635
2014-04-27 02:57:00,9.116441071453664
2014-04-27 02:57:00,12.211325075122659
2014-04-27 02:57:00,20.23822585112066
2014-04-27 02:57:00,14.891982245346298
2014-04-27 02:57:00,12.596231222865754
2014-04-27 02:57:00,9.913605161564192
2014-04-27 02:57:00,11.456261669371088
2014-04-27 02:57:00,6.664094206205846
2014-04-27 02:57:00,8.759454586474021
2014-04-27 02:57:00,12.944315591792474
2014-04-27 02:57:00,15.227350456201748
2014-04-27 02:57:00,11.089364305893469
2014-04-27 02:57:00,13.97230775780372
2014-04-27 02:57:00,9.624142321090403
2014-04-27 02:57:00,8.445961966586765
2014-04-27 02:57:00,14.804065371783508
2014-04-27 02:57:00,7.767957373645913
2014-04-27 02:57:00,22.229157791227408
2014-04-27 02:57:00,7.939636908584362
2014-04-27 02:57:00,20.520614412198483
2014-04-27 02:57:00,9.41411963000428
2014-04-27 02:57:00,10.432825179197607
2014-04-27 02:57:00,9.531043620072523
2014-04-27 02:57:00,10.519890909767128
2014-04-27 02:57:00,8.869365313947128
2014-04-27 02:57:00,7.816139631795522
2014-04-27 02:57:00,8.039521481801785
2014-04-27 02:57:00,7.80065136227131
2014-04-27 02:57:00,11.909241371515236
2014-04-27 02:57:00,15.573675139425177
2014-04-27 02:57:00,14.305879769597595
2014-04-27 02:57:00,9.66801781337199
2014-04-27 02:57:00,11.57688869431695
2014-04-27 02:57:00,11.710329476103652
2014-04-27 02:57:00,14.534540746650237
2014-04-27 02:57:00,11.369149746695257
2014-04-27 02:57:00,15.652017333721233
2014-04-27 02:57:00,11.681108234912244
2014-04-27 02:57:00,11.515277115695426
2014-04-27 02:57:00,9.232520432920865
2014-04-27 02:57:00,12.460190028725265
2014-04-27 02:57:00,9.77872292464599
2014-04-27 02:57:00,13.779685238707316
2014-04-27 02:57:00,11.717180044324778
2014-04-27 02:57:00,11.274789658127702
2014-04-27 02:57:00,10.581623136375129
2014-04-27 02:57:00,7.9420791268130415
2014-04-27 02:57:00,10.644993347172203
2014-04-27 02:57:00,35.18034940932921
2014-04-27 02:57:00,12.099389280572723
2014-04-27 02:57:00,14.517886856801852
2014-04-27 02:57:00,11.309797484504088
2014-04-27 02:57:00,8.617134291214825
2014-04-27 02:57:00,11.56126320000294
2014-04-27 02:57:00,9.64850219507025
2014-04-27 02:57:00,10.82128544495572
2014-04-27 02:57:00,9.388160929191145
2014-04-27 02:57:00,15.950962421167787
2014-04-27 02:57:00,20.112278615233663
2014-04-27 02:57:00,16.191242945853446
2014-04-27 02:57:00,14.295912981999209
2014-04-27 02:57:00,8.592727856885176
2014-04-27 02:57:00,12.307874589007042
2014-04-27 02:57:00,12.381329644813377
2014-04-27 02:57:00,16.950504346463276
2014-04-27 02:57:00,7.61177507064167
2014-04-27 02:57:00,10.153696550381937
2014-04-27 02:57:00,17.241330011882383
2014-04-27 02:57:00,11.593451083401305
2014-04-27 02:57:00,7.073307268794451
2014-04-27 02:57:00,15.611712347837965
2014-04-27 02:57:00,24.54566521484776
2014-04-27 02:57:00,10.296988633343062
2014-04-27 02:57:00,6.577931463551067
2014-04-27 02:57:00,11.663428738625953
2014-04-27 02:57:00,11.6307155894483
2014-04-27 02:57:00,10.56933005524661
2014-04-27 02:57:00,9.528401211420714
2014-04-27 02:57:00,11.68278424404707
2014-04-27 02:57:00,19.78335938433156
2014-04-27 02:57:00,10.640148474882153
2014-04-27 02:57:00,9.042096553861484
2014-04-27 02:57:00,19.267735797384375
2014-04-27 02:57:00,9.329226033123632
2014-04-27 02:57:00,16.54264503201557
2014-04-27 02:57:00,11.078610659287733
2014-04-27 02:57:00,11.528702607069135
2014-04-27 02:57:00,10.770962008702554
2014-04-27 02:57:00,12.100201133884184
2014-04-27 02:57:00,9.741561679695224
2014-04-27 02:57:00,11.086985946774803
2014-04-27 02:57:00,8.739917882870941
2014-04-27 02:57:00,11.988156839101066
2014-04-27 02:57:00,11.475309312838363
2014-04-27 02:57:00,13.402337529341821
2014-04-27 02:57:00,11.56953978839556
2014-04-27 02:57:00,10.425059182691257
2014-04-27 02:57:00,8.594450284781487
2014-04-27 02:57:00,15.915897661601775
2014-04-27 02:57:00,9.041728174945092
2014-04-27 02:57:00,11.134798801062061
2014-04-27 02:57:00,8.476910060882801
2014-04-27 02:57:00,8.25148504189201
2014-04-27 02:57:00,10.390423323904542
2014-04-27 02:57:00,9.4767626773355
2014-04-27 02:57:00,9.6310956208672
2014-04-27 02:57:00,8.619042100533989
2014-04-27 02:57:00,14.692914749959527
2014-04-27 02:57:00,17.76315786539635
2014-04-27 02:57:00,11.059178028051974
2014-04-27 02:57:00,14.397651718198176
2014-04-27 02:57:00,9.921541079249437
2014-04-27 02:57:00,10.060667755291433
2014-04-27 02:57:00,20.808056193392986
2014-04-27 02:57:00,11.053057542805618
2014-04-27 02:57:00,14.523774732437232
2014-04-27 02:57:00,11.632010533912762
2011-01-18 10:26:40,10.795180813323896
2011-01-18 10:26:40,11.691374940372043
2012-04-20 07:57:20,10.831890734732951
2012-04-20 07:57:20,9.61092870448374
2012-04-20 07:57:20,8.986137334401064
2012-04-20 07:57:20,8.859871430269777
2011-12-13 22:00:00,10.928552511724774
2011-12-13 22:00:00,8.232738591597808
2011-12-13 22:00:00,11.838092399089874
2011-12-13 22:00:00,11.824186029742123
2011-12-13 22:00:00,9.528896120449645
2011-12-13 22:00:00,11.250148516197441
2011-12-13 22:00:00,10.31781570840758
2011-12-13 22:00:00,10.18864299958841
2011-12-13 22:00:00,8.186799621798855
2011-12-13 22:00:00,7.014462531536992
2011-12-13 22:00:00,9.664526416523586
2011-12-13 22:00:00,11.871323308754654
2011-12-13 22:00:00,11.344458538602339
2011-12-13 22:00:00,10.011600837229707
2011-12-13 22:00:00,10.745870003378514
2011-12-13 22:00:00,7.091981909234164
2011-12-13 22:00:00,8.545811008847522
2011-12-13 22:00:00,10.201825983052913
2011-12-13 22:00:00,10.283015072336639
2011-12-13 22:00:00,9.781084335692867
2011-12-13 22:00:00,10.676441488598357
2011-12-13 22:00:00,20.11528430682847
2011-12-13 22:00:00,10.561485895679652
2011-12-13 22:00:00,8.434463217456141
2011-12-13 22:00:00,10.943558487084374
2011-12-13 22:00:00,10.432533747509297
2011-12-13 22:00:00,10.30653430847633
2011-12-13 22:00:00,10.370697616934194
2011-12-13 22:00:00,11.605981316262842
2011-12-13 22:00:00,9.686268426343304
2011-12-13 22:00:00,10.23707583428586
2011-12-13 22:00:00,14.44150037649706
2011-12-13 22:00:00,9.699031143394677
2011-12-13 22:00:00,11.67314653867652
2011-12-13 22:00:00,9.880623385293802
2011-12-13 22:00:00,9.253169602035996
2011-12-13 22:00:00,9.916414625249672
2011-12-13 22:00:00,9.587919550012884
2011-12-13 22:00:00,11.16913796902736
2011-12-13 22:00:00,11.215080489731918
2011-12-13 22:00:00,16.383132214688885
2011-12-13 22:00:00,8.489742111447413
2011-12-13 22:00:00,10.365457378709834
2011-12-13 22:00:00,13.91906122058208
2011-12-13 22:00:00,10.646689229835829
2011-12-13 22:00:00,11.122738758313062
2011-12-13 22:00:00,11.14284626124936
2011-12-13 22:00:00,18.425951052853634
2011-12-13 22:00:00,11.211846461856112
2011-12-13 22:00:00,2.672781693896468
2011-12-13 22:00:00,10.18289245352753
2011-12-13 22:00:00,9.071331923103571
2011-12-13 22:00:00,13.543079324796054
2011-12-13 22:00:00,8.37931632686741
2011-12-13 22:00:00,10.737125045832727
2011-12-13 22:00:00,11.39743033322884
2011-12-13 22:00:00,11.519619648594016
2011-12-13 22:00:00,9.015767627102832
2011-12-13 22:00:00,9.469296434279386
2011-12-13 22:00:00,10.733510991496587
2011-12-13 22:00:00,9.36331340614015
2011-12-13 22:00:00,9.996791109224432
2011-12-13 22:00:00,10.990333576794
2011-12-13 22:00:00,17.18842333430075
2011-12-13 22:00:00,10.377653073559486
2011-12-13 22:00:00,12.52027148293746
2011-12-13 22:00:00,10.9691048191562
2011-12-13 22:00:00,10.27816847025315
2011-12-13 22:00:00,12.11962938212855
2011-12-13 22:00:00,9.347329125161195
2011-12-13 22:00:00,10.384541735729726
2011-12-13 22:00:00,9.744049842969616
2011-12-13 22:00:00,11.701136657617099
2011-12-13 22:00:00,11.998055272610145
2011-12-13 22:00:00,7.87774014380193
2011-12-13 22:00:00,13.530434800219155
2011-12-13 22:00:00,8.988155777868087
2011-12-13 22:00:00,14.32943700145006
2011-12-13 22:00:00,12.010383611150246
2011-12-13 22:00:00,35.3848157168195
2011-12-13 22:00:00,10.537126600263946
2011-12-13 22:00:00,11.895076148752196
2011-12-13 22:00:00,10.517335677828669
2011-12-13 22:00:00,12.051421867674435
2011-12-13 22:00:00,10.38613452586469
2011-12-13 22:00:00,19.79357490300754
2011-12-13 22:00:00,32.936842405077186
2011-12-13 22:00:00,17.599671681371547
2011-12-13 22:00:00,11.512123356500524
2011-12-13 22:00:00,10.697336474504482
2011-12-13 22:00:00,10.899443190432066
2011-12-13 22:00:00,7.720385050202822
2011-12-13 22:00:00,13.280352966570717
2011-12-13 22:00:00,8.180122612169725
2011-12-13 22:00:00,10.612908429291565
2011-12-13 22:00:00,10.439047670144646
2011-12-13 22:00:00,11.106225133304179
2011-12-13 22:00:00,11.368244916602634
2011-12-13 22:00:00,9.906440093300262
2011-12-13 22:00:00,11.818677249650136
2011-12-13 22:00:00,10.736360432321817
2011-12-13 22:00:00,11.124730402385467
2011-12-13 22:00:00,14.776856525861149
2011-12-13 22:00:00,8.398159902952102
2011-12-13 22:00:00,9.672608756618502
2011-12-13 22:00:00,10.57512445969769
2011-12-13 22:00:00,9.668527649781026
2011-12-13 22:00:00,10.665165326268834
2011-12-13 22:00:00,8.862110961348662
2011-12-13 22:00:00,10.451544884983377
2011-12-13 22:00:00,23.692756561780698
2011-12-13 22:00:00,17.440248642495135
2011-12-13 22:00:00,11.365477174213083
2011-12-13 22:00:00,10.902383468937842
2011-12-13 22:00:00,17.052605796683565
2011-12-13 22:00:00,11.164958358838703
2011-12-13 22:00:00,9.916061477091716
2011-12-13 22:00:00,9.848712642371538
2011-12-13 22:00:00,8.668616587247016
2011-12-13 22:00:00,8.3821594717283
2011-12-13 22:00:00,9.959133908929289
2011-12-13 22:00:00,11.339049854497716
2011-12-13 22:00:00,15.275616823932069
2011-12-13 22:00:00,17.36812387757527
2011-12-13 22:00:00,9.351339604005261
2011-12-13 22:00:00,17.555487812820502
2011-12-13 22:00:00,25.55698539034711
2011-12-13 22:00:00,17.28922080776647
2011-12-13 22:00:00,11.002441002325213
2011-12-13 22:00:00,9.71878499639206
2011-12-13 22:00:00,7.699260579525799
2011-12-13 22:00:00,10.263656310044098
2011-12-13 22:00:00,11.548413457356219
2011-12-13 22:00:00,9.582683558661302
2011-12-13 22:00:00,9.191747740191204
2011-12-13 22:00:00,9.501514793842944
2011-12-13 22:00:00,10.13588114193044
2011-12-13 22:00:00,12.767210618332683
2011-12-13 22:00:00,8.407920751615165
2011-12-13 22:00:00,12.024417955824902
2011-12-13 22:00:00,11.229002571157253
2011-12-13 22:00:00,6.222880428922508
2011-12-13 22:00:00,9.315391087948228
2011-12-13 22:00:00,9.457254491946514
2011-12-13 22:00:00,10.863544687961621
2011-12-13 22:00:00,11.474751228133755
2011-12-13 22:00:00,12.875036028268369
2011-12-13 22:00:00,8.182591107761255
2011-12-13 22:00:00,10.269652550454339
2011-12-13 22:00:00,11.017813602376918
2011-12-13 22:00:00,28.845424773533523
2011-12-13 22:00:00,10.300545201533168
2011-12-13 22:00:00,9.080790780166353
2011-12-13 22:00:00,10.286614907443436
2011-12-13 22:00:00,11.693206801035558
2011-12-13 22:00:00,9.452586119525222
2011-12-13 22:00:00,8.058520255841358
2011-12-13 22:00:00,10.410739056813327
2011-12-13 22:00:00,9.229042059256244
2011-12-13 22:00:00,14.406626997371859
2011-12-13 22:00:00,10.251853285917605
2012-03-12 09:50:24,12.118688519341958
2012-03-12 09:50:24,8.39594079417111
2012-03-12 09:50:24,11.398731960116493
2014-05-13 07:33:52,8.221049087242136
2014-05-13 07:33:52,6.889077241981795
2014-05-13 07:33:52,9.718483770589955
2014-05-13 07:33:52,11.53816879282931
2014-05-13 07:33:52,10.857199364561893
2011-06-30 09:37:08,10.907371283559769
2011-06-30 09:37:08,10.790810034024616
2012-09-18 17:13:40,11.089471542105457
2012-09-18 17:13:40,11.404082512121022
2011-06-07 12:11:56,6.670137909382902
2011-06-07 12:11:56,10.524002633366763
2011-06-07 12:11:56,16.39136163517651
2011-06-07 12:11:56,8.493445237802007
2011-06-07 12:11:56,11.445601732035357
2010-05-21 23:04:44,15.69084779408331
2010-05-21 23:04:44,8.71324588994321
2009-01-28 16:36:28,10.296155013420503
2009-01-28 16:36:28,32.777134620660945
2009-01-28 16:36:28,6.683696749443698
2009-01-28 16:36:28,11.558061291587364
2009-01-28 16:36:28,8.889278999688031
2012-03-12 02:58:56,10.143763730331557
2010-07-21 22:06:12,10.725125849907272
2010-07-21 22:06:12,8.799783323891461
2010-07-21 22:06:12,18.55935529845192
2010-07-21 22:06:12,5.839365992189414
2009-04-12 16:00:56,10.397986623607721
2013-05-24 13:37:32,9.007486222213629
2011-07-29 20:50:36,12.492140364709485
2011-07-29 20:50:36,19.852210544198897
2011-07-29 20:50:36,11.350030175062784
2014-03-05 21:07:12,10.675211967411087
2014-03-05 21:07:12,10.479808317102652
2009-11-28 15:07:24,31.892510795718408
2009-11-28 15:07:24,40.28498332237541
2009-11-28 15:07:24,12.36799181137576
2015-04-11 14:16:12,8.33134711677485
2015-04-11 14:16:12,10.447985773938854
2015-04-11 14:16:12,11.42548277629976
2015-04-11 14:16:12,10.953664259070138
2015-04-11 14:16:12,11.441651496073973
2015-04-11 14:16:12,32.35036932010553
2015-04-11 14:16:12,10.498801254949285
2015-04-11 14:16:12,11.913433173991507
2014-11-15 10:57:20,10.684831505357579
2014-11-15 10:57:20,8.882457350446202
2010-07-31 15:47:28,10.342689027698725
2014-05-12 20:56:48,10.97877071878247
2014-05-12 20:56:48,7.861174302026484
2014-05-12 20:56:48,9.895563341677189
2014-05-12 20:56:48,10.739297810119751
2014-05-12 20:56:48,8.015993661634639
2014-01-16 06:00:48,11.69048322463459
2014-04-23 11:18:40,9.98952867573098
2014-04-23 11:18:40,10.499090387025717
2014-04-23 11:18:40,10.327491218624345
2011-09-22 04:49:56,15.03485745143189
2011-10-28 07:35:52,11.369159577896426
2011-10-28 07:35:52,10.27847607199692
2011-10-28 07:35:52,8.903840590079199
2015-05-10 19:54:00,8.934875278431718
2015-05-10 19:54:00,9.229283069837038
2015-05-10 19:54:00,9.681701215606154
2015-05-10 19:54:00,9.318567410278774
2011-03-28 23:18:48,11.385606937323246
2014-08-26 01:31:04,13.429900953135075
2015-02-26 15:55:48,9.544781322949348
2015-02-26 15:55:48,9.741713794903262
2015-02-26 15:55:48,9.789974000314032
2013-11-22 15:36:36,8.3078931961536
2010-02-13 11:03:04,8.470279618441054
2010-02-13 11:03:04,10.40630498846258
2010-02-13 11:03:04,8.51966042179447
2010-02-13 11:03:04,7.679789915520814
2011-06-26 18:48:08,11.522340254572555
2011-06-26 18:48:08,8.720993726356028
2011-06-26 18:48:08,8.219155328552006
2011-06-26 18:48:08,8.0801018296861
2010-10-14 23:48:56,10.822421927558025
2010-10-14 23:48:56,20.091405632541864
2010-10-14 23:48:56,9.091952402464813
2010-10-14 23:48:56,10.11511056994459
2011-01-22 07:48:28,10.587544637875908
2011-10-17 18:49:20,10.460971803182474
2011-10-17 18:49:20,8.20553321596526
2011-10-17 18:49:20,10.73390858912353
2009-03-24 16:39:12,11.013811797925882
2009-03-24 16:39:12,11.179036932806412
2009-03-24 16:39:12,9.371400975080178
2009-03-24 16:39:12,9.54361495334524
2014-07-21 18:19:00,10.155542244749086
2014-07-21 18:19:00,10.13920020985097
2014-07-21 18:19:00,7.310035232187147
2014-07-21 18:19:00,38.200006402901636
2014-07-21 18:19:00,10.19854865321031
2014-07-21 18:19:00,10.483792593262478
2014-07-21 18:19:00,10.681031652196907
2014-07-21 18:19:00,10.196732098336724
2014-07-21 18:19:00,10.723286898781225
2014-07-21 18:19:00,7.637220169548527
2014-07-21 18:19:00,10.900075875399125
2014-07-21 18:19:00,7.709209412971177
2014-07-21 18:19:00,9.640650671452022
2014-07-21 18:19:00,9.7556896332826
2014-07-21 18:19:00,32.68275507470025
2014-07-21 18:19:00,11.212236397870583
2014-07-21 18:19:00,9.289247468899703
2014-07-21 18:19:00,7.3945377273958
2014-07-21 18:19:00,9.856718952172741
2014-07-21 18:19:00,11.385449702880578
2014-07-21 18:19:00,17.743244487232005
2014-07-21 18:19:00,10.718540244581163
2014-07-21 18:19:00,9.865261270322662
2014-07-21 18:19:00,9.042749877879032
2014-07-21 18:19:00,7.2280547040627425
2014-07-21 18:19:00,10.859925290335013
2014-07-21 18:19:00,20.572657437242015
2014-07-21 18:19:00,10.390262683878973
2014-07-21 18:19:00,16.24721329476415
2014-07-21 18:19:00,11.881133785989732
2014-07-21 18:19:00,11.643287073455213
2014-07-21 18:19:00,10.995645091930783
2014-07-21 18:19:00,12.190268311072941
2014-07-21 18:19:00,49.80735414254741
2014-07-21 18:19:00,9.35570755313347
2014-07-21 18:19:00,9.60138721583644
2014-07-21 18:19:00,10.3704212743487
2014-07-21 18:19:00,8.864811197898234
2014-07-21 18:19:00,7.782774215880636
2014-07-21 18:19:00,13.055988699175941
2014-07-21 18:19:00,8.37158772332441
2014-07-21 18:19:00,7.468455095984609
2014-07-21 18:19:00,8.479547953895235
2014-07-21 18:19:00,10.110466914025892
2014-07-21 18:19:00,12.487342923068354
2014-07-21 18:19:00,11.15098556013254
2014-07-21 18:19:00,11.2937723618561
2014-07-21 18:19:00,9.829554151721823
2014-07-21 18:19:00,11.346367937485411
2014-07-21 18:19:00,11.945139089366421
2014-07-21 18:19:00,8.277519623574335
2014-07-21 18:19:00,17.276981222421455
2014-07-21 18:19:00,9.224844890522945
2014-07-21 18:19:00,11.927479308018519
2014-07-21 18:19:00,8.998529066739138
2014-07-21 18:19:00,8.880777708778623
2014-07-21 18:19:00,12.41207353864047
2014-07-21 18:19:00,8.218119683840996
2014-07-21 18:19:00,9.074391031330379
2014-07-21 18:19:00,10.27398227375852
2014-07-21 18:19:00,11.98445319552593
2014-07-21 18:19:00,11.179335496839485
2014-07-21 18:19:00,8.377611030782646
2014-07-21 18:19:00,9.198946618476839
2014-07-21 18:19:00,10.95329359212883
2014-07-21 18:19:00,19.250691582534273
2014-07-21 18:19:00,7.854211049980222
2014-07-21 18:19:00,17.402178439393538
2014-07-21 18:19:00,9.684959011150568
2014-07-21 18:19:00,7.659966796871231
2014-07-21 18:19:00,11.76222227906328
2014-07-21 18:19:00,9.031547848082482
2014-07-21 18:19:00,9.7604840628901
2014-07-21 18:19:00,9.669439748286095
2014-07-21 18:19:00,10.51011859899154
2014-07-21 18:19:00,11.764653042728241
2014-07-21 18:19:00,12.48283566559985
2014-07-21 18:19:00,12.134725868803798
2014-07-21 18:19:00,9.48622105535469
2014-07-21 18:19:00,9.217299400541378
2014-07-21 18:19:00,12.18059354752404
2014-07-21 18:19:00,9.419513689164887
2014-07-21 18:19:00,7.240989686348257
2014-07-21 18:19:00,9.384330989361843
2014-07-21 18:19:00,11.543566235730395
2014-07-21 18:19:00,7.94057226521727
2014-07-21 18:19:00,9.40259075222093
2014-07-21 18:19:00,8.596911005148286
2014-07-21 18:19:00,11.924121998117698
2014-07-21 18:19:00,9.83832975524092
2014-07-21 18:19:00,8.464135337479092
2014-07-21 18:19:00,12.350209846863436
2014-07-21 18:19:00,9.172220374350218
2014-07-21 18:19:00,17.89198843712984
2014-07-21 18:19:00,33.98908271348773
2014-07-21 18:19:00,9.480813217758623
2014-07-21 18:19:00,8.064869450145125
2014-07-21 18:19:00,11.940883464440049
2014-07-21 18:19:00,8.688080083529712
2014-07-21 18:19:00,10.485139110369346
2014-07-21 18:19:00,8.95793769348893
2014-07-21 18:19:00,9.519052123914662
2014-07-21 18:19:00,10.946371777128661
2014-07-21 18:19:00,11.376642467665079
2014-07-21 18:19:00,10.142033756170349
2014-07-21 18:19:00,10.917083021180588
2014-07-21 18:19:00,7.547215767646776
2014-07-21 18:19:00,8.586881324077694
2014-07-21 18:19:00,8.54121857946484
2014-07-21 18:19:00,12.10439590200076
2014-07-21 18:19:00,9.825331169513447
2014-07-21 18:19:00,10.12110400983147
2014-07-21 18:19:00,12.106547341363694
2014-07-21 18:19:00,8.731676728673847
2014-07-21 18:19:00,8.06418992403269
2014-07-21 18:19:00,9.778075611708118
2014-07-21 18:19:00,10.912772262076032
2014-07-21 18:19:00,21.300563724558742
2014-07-21 18:19:00,9.082442756389355
2014-07-21 18:19:00,8.460879149282846
2014-07-21 18:19:00,12.37917278205532
2014-07-21 18:19:00,7.2593380842572515
2014-07-21 18:19:00,11.633424910482063
2014-07-21 18:19:00,6.979285332257859
2014-07-21 18:19:00,11.993058473884957
2014-07-21 18:19:00,10.860635490033019
2014-07-21 18:19:00,13.24158354827523
2014-07-21 18:19:00,11.250206611057365
2014-07-21 18:19:00,10.486138738982845
2014-07-21 18:19:00,10.308284709044528
2014-07-21 18:19:00,9.39649066095626
2014-07-21 18:19:00,8.114582854072069
2014-07-21 18:19:00,13.534803218382876
2014-07-21 18:19:00,8.804538816108106
2014-07-21 18:19:00,10.831177308751649
2014-07-21 18:19:00,10.461897286902968
2014-07-21 18:19:00,7.973109547423519
2014-07-21 18:19:00,8.280369699245057
2012-12-07 16:13:08,12.02690152546893
2011-06-13 09:55:04,12.84976791567351
2011-06-13 09:55:04,9.020968307060684
2011-06-13 09:55:04,9.58257763275833
2014-12-27 22:31:56,8.033907901422936
2014-11-24 09:50:20,11.782353313581552
2014-11-24 09:50:20,9.602210044235107
2015-02-17 12:29:52,10.602608400849931
2015-02-17 12:29:52,10.073331296996912
2015-02-17 12:29:52,11.457545828252478
2015-02-17 12:29:52,11.310698731886077
2010-02-21 21:57:20,13.652751768882808
2010-02-21 21:57:20,11.082344651844323
2010-09-20 16:48:00,8.726073318994167
2010-09-20 16:48:00,6.548308296929463
2010-09-20 16:48:00,11.041795520337473
2010-09-20 16:48:00,10.135231198832116
2010-09-20 16:48:00,10.719373877767794
2010-09-20 16:48:00,8.14288380131984
2010-09-20 16:48:00,14.324162199471175
2010-09-20 16:48:00,18.38198126415591
2010-09-20 16:48:00,11.032506055638805
2010-09-20 16:48:00,16.235365714521322
2010-09-20 16:48:00,8.236331459767825
2010-09-20 16:48:00,33.54612691652801
2010-09-20 16:48:00,13.3332293082658
2010-09-20 16:48:00,11.201541332768102
2010-09-20 16:48:00,17.501048615373293
2010-09-20 16:48:00,12.683873574776953
2010-09-20 16:48:00,11.061234311278895
2010-09-20 16:48:00,10.250062180841269
2010-09-20 16:48:00,10.063763483260118
2010-09-20 16:48:00,14.788218917698032
2010-09-20 16:48:00,12.97515726156962
2010-09-20 16:48:00,22.43994814080179
2010-09-20 16:48:00,7.723369366080078
2010-09-20 16:48:00,8.083381586691758
2010-09-20 16:48:00,21.757135845147786
2010-09-20 16:48:00,7.517079079487303
2010-09-20 16:48:00,36.171502040931955
2010-09-20 16:48:00,10.18061995604512
2010-09-20 16:48:00,10.620911141179022
2010-09-20 16:48:00,10.529866915279854
2010-09-20 16:48:00,10.352873033076321
2010-09-20 16:48:00,12.995686174448565
2010-09-20 16:48:00,13.984366748103639
2010-09-20 16:48:00,8.923510687813177
2010-09-20 16:48:00,10.61259272013558
2010-09-20 16:48:00,32.97481402858102
2010-09-20 16:48:00,14.437408166242676
2010-09-20 16:48:00,19.56800614810345
2010-09-20 16:48:00,9.142877685713756
2010-09-20 16:48:00,9.95963290936561
2010-09-20 16:48:00,17.318905068341337
2010-09-20 16:48:00,8.102483759157622
2010-09-20 16:48:00,12.979830301637776
2010-09-20 16:48:00,10.817194556702816
2010-09-20 16:48:00,9.133962619336671
2010-09-20 16:48:00,8.787603703083732
2010-09-20 16:48:00,12.141356459798772
2010-09-20 16:48:00,17.90502510632905
2010-09-20 16:48:00,8.544320369426714
2010-09-20 16:48:00,10.44320637504461
2010-09-20 16:48:00,25.90665307920972
2010-09-20 16:48:00,9.767557922979904
2010-09-20 16:48:00,8.508476925671857
2010-09-20 16:48:00,10.459364585101866
2010-09-20 16:48:00,19.741586534331873
2010-09-20 16:48:00,10.248876136247418
2010-09-20 16:48:00,10.190298864325086
2010-09-20 16:48:00,11.997562069631385
2010-09-20 16:48:00,9.369047339600002
2010-09-20 16:48:00,18.17263360975994
2010-09-20 16:48:00,8.635959515237118
2010-09-20 16:48:00,8.325475212061065
2010-09-20 16:48:00,11.353556534390009
2010-09-20 16:48:00,19.00162402512251
2010-09-20 16:48:00,16.38190013890744
2010-09-20 16:48:00,9.901349237195973
2010-09-20 16:48:00,8.587272061182375
2010-09-20 16:48:00,11.86676032653304
2010-09-20 16:48:00,11.066466916900026
2010-09-20 16:48:00,8.678287189926778
2010-09-20 16:48:00,10.492751626057725
2010-09-20 16:48:00,9.390080708626556
2010-09-20 16:48:00,8.345127408014378
2010-09-20 16:48:00,11.494843794620465
2010-09-20 16:48:00,13.156268578401068
2010-09-20 16:48:00,10.059964457814203
2010-09-20 16:48:00,17.53233855696817
2010-09-20 16:48:00,11.75569198404446
2010-09-20 16:48:00,9.025956862233215
2010-09-20 16:48:00,4.976626475132434
2010-09-20 16:48:00,9.784698890523941
2010-09-20 16:48:00,12.419180666513057
2010-09-20 16:48:00,6.353152735588083
2010-09-20 16:48:00,9.26603591510866
2010-09-20 16:48:00,9.898159126927567
2010-09-20 16:48:00,12.207895747784278
2010-09-20 16:48:00,9.382978958357853
2010-09-20 16:48:00,21.525322282304842
2010-09-20 16:48:00,9.560831365381091
2010-09-20 16:48:00,8.752541955724155
2010-09-20 16:48:00,13.002410484934444
2010-09-20 16:48:00,10.65878026212522
2010-09-20 16:48:00,10.76858028501556
2010-09-20 16:48:00,10.971139024233707
2010-09-20 16:48:00,9.22365286044078
2010-09-20 16:48:00,11.208944149269882
2010-09-20 16:48:00,18.63808796219564
2010-09-20 16:48:00,14.403551930885442
2010-09-20 16:48:00,10.211562381437034
2010-09-20 16:48:00,13.338009527338727
2010-09-20 16:48:00,11.001963762118976
2012-04-01 22:22:28,8.699752429671207
2012-03-05 09:19:32,9.533905071661138
2012-03-05 09:19:32,8.171790434973445
2012-03-05 09:19:32,8.135241865171338
2012-03-05 09:19:32,8.826529103243956
2012-03-05 09:19:32,11.447573027406179
2012-08-20 14:47:36,10.191063810809283
2012-08-20 14:47:36,46.819088497977646
2011-12-01 01:36:08,7.428406871131301
2013-06-21 11:33:28,9.981562394514185
2013-06-21 11:33:28,9.208009083753495
2013-06-21 11:33:28,7.437151260104656
2013-06-21 11:33:28,11.88869574031196
2013-04-10 11:33:28,10.44686131841263
2013-04-10 11:33:28,9.754911239733701
2014-03-29 14:59:28,12.100021397838645
2014-03-29 14:59:28,9.046816508980555
2010-04-05 06:01:24,12.41776687743004
2014-12-01 00:12:44,15.508712148810446
2012-08-01 18:54:24,8.801759534637313
2012-08-01 18:54:24,9.880195480427574
2012-08-01 18:54:24,10.856273021016023
2013-07-13 18:28:20,9.528786289494747
2013-07-13 18:28:20,8.843998005202593
2013-07-13 18:28:20,9.423027394059318
2013-07-13 18:28:20,10.876947424207174
2014-03-06 04:23:32,9.884762654244696
2014-10-07 19:04:08,14.111369012127398
2014-10-07 19:04:08,9.980418407219986
2014-10-07 19:04:08,10.717126678984641
2014-10-07 19:04:08,9.935377542125934
2013-08-21 09:32:24,9.24877625422414
2013-08-21 09:32:24,10.35699891744298
2013-08-21 09:32:24,6.8453481328269845
2015-01-26 07:13:44,10.669049759875634
2015-01-26 07:13:44,9.591110522214876
2015-01-26 07:13:44,10.366321367362616
2015-01-26 07:13:44,9.114977456289125
2009-03-16 09:55:24,11.268130037638912
2009-03-16 09:55:24,11.380503794451215
2009-03-16 09:55:24,10.96504846364769
2009-03-16 09:55:24,11.439854388299864
2009-03-16 09:55:24,10.644442811142653
2011-03-06 21:01:00,8.76450364955781
2011-03-06 21:01:00,8.212074865246905
2011-03-06 21:01:00,19.991747742315056
2011-03-06 21:01:00,9.203369479006142
2011-03-06 21:01:00,10.00920650198168
2011-03-06 21:01:00,9.823483870448399
2011-03-06 21:01:00,10.484969465363974
2011-03-06 21:01:00,10.146607683491311
2011-03-06 21:01:00,7.919881175786941
2011-03-06 21:01:00,18.339750744493358
2011-03-06 21:01:00,9.767635326759773
2011-03-06 21:01:00,9.6863127848992
2011-03-06 21:01:00,10.017139471639894
2011-03-06 21:01:00,6.499156813926675
2011-03-06 21:01:00,16.359576539754926
2011-03-06 21:01:00,9.821991270762737
2011-03-06 21:01:00,13.79555489111226
2011-03-06 21:01:00,10.310823942860225
2011-03-06 21:01:00,9.540540775335103
2011-03-06 21:01:00,11.283232798537938
2011-03-06 21:01:00,8.71894571089797
2011-03-06 21:01:00,10.430424705047699
2011-03-06 21:01:00,11.34902020089794
2011-03-06 21:01:00,10.907281920342939
2011-03-06 21:01:00,9.871437365571182
2011-03-06 21:01:00,6.847804716573592
2011-03-06 21:01:00,10.586351057236243
2011-03-06 21:01:00,10.03736789859795
2011-03-06 21:01:00,9.801163999569326
2011-03-06 21:01:00,19.699471009625995
2011-03-06 21:01:00,12.325097262102645
2011-03-06 21:01:00,9.930369109719322
2011-03-06 21:01:00,11.983586138037936
2011-03-06 21:01:00,9.64790193096269
2011-03-06 21:01:00,15.0848079331372
2011-03-06 21:01:00,13.044186956394697
2011-03-06 21:01:00,9.850535931051127
2011-03-06 21:01:00,10.367045060205783
2011-03-06 21:01:00,7.920527285383287
2011-03-06 21:01:00,9.178573052211505
2011-03-06 21:01:00,9.577453478223106
2011-03-06 21:01:00,11.02045218522835
2011-03-06 21:01:00,27.588420568172296
2011-03-06 21:01:00,10.052951138824938
2011-03-06 21:01:00,33.07059979587393
2011-03-06 21:01:00,7.053713814195362
2011-03-06 21:01:00,9.498806909105042
2011-03-06 21:01:00,12.44146510722021
2011-03-06 21:01:00,8.547903418446367
2011-03-06 21:01:00,10.351932761046555
2011-03-06 21:01:00,9.05973022568105
2011-03-06 21:01:00,10.844030551485048
2011-03-06 21:01:00,18.66337996852235
2011-03-06 21:01:00,7.859643978987151
2011-03-06 21:01:00,9.69927126611583
2011-03-06 21:01:00,9.765387172345072
2011-03-06 21:01:00,10.59520810999311
2011-03-06 21:01:00,12.703833577003024
2011-03-06 21:01:00,10.369650799239025
2011-03-06 21:01:00,11.380224273154454
2011-03-06 21:01:00,9.878445953618211
2011-03-06 21:01:00,11.060546715732926
2011-03-06 21:01:00,7.527876974636456
2011-03-06 21:01:00,8.205033781146994
2011-03-06 21:01:00,11.874923188666799
2011-03-06 21:01:00,10.120330532652588
2011-03-06 21:01:00,10.404901915253504
2011-03-06 21:01:00,8.64173565154124
2011-03-06 21:01:00,10.031058692942679
2011-03-06 21:01:00,20.336353074235376
2011-03-06 21:01:00,9.040220262259027
2011-03-06 21:01:00,10.866174218055676
2011-03-06 21:01:00,8.299438984066
2011-03-06 21:01:00,17.9293016810243
2011-03-06 21:01:00,12.047050310808118
2011-03-06 21:01:00,10.53043720196547
2011-03-06 21:01:00,9.061807416030206
2011-03-06 21:01:00,10.704813386593742
2011-03-06 21:01:00,10.633689125352248
2011-03-06 21:01:00,7.3129578356856655
2011-03-06 21:01:00,9.247796571307845
2011-03-06 21:01:00,9.596065167703273
2011-03-06 21:01:00,10.190029561301344
2011-03-06 21:01:00,9.438963210663132
2011-03-06 21:01:00,12.331221421974988
2011-03-06 21:01:00,8.62906897902758
2011-03-06 21:01:00,9.963999655708903
2011-03-06 21:01:00,11.789839259872679
2011-03-06 21:01:00,10.982045751996338
2011-03-06 21:01:00,8.701834518702526
2011-03-06 21:01:00,12.042496074376686
2011-03-06 21:01:00,22.30823346340003
2011-03-06 21:01:00,12.914215421562403
2011-03-06 21:01:00,10.768529731340095
2011-03-06 21:01:00,12.365897184401547
2011-03-06 21:01:00,8.561950968292876
2009-09-04 20:52:28,12.09767340146027
2009-09-04 20:52:28,11.471955894998246
2009-09-04 20:52:28,10.00261602302271
2009-09-04 20:52:28,6.954379223590877
2013-09-25 05:52:12,11.22997937987384
2013-09-25 05:52:12,15.55569191187169
2010-04-16 10:32:24,9.402024109880585
2010-04-16 10:32:24,18.404168637949624
2011-10-12 07:24:40,11.375196002241864
2011-10-12 07:24:40,8.065612980210062
2011-10-12 07:24:40,16.06213375160769
2010-06-13 13:34:56,11.43665747270461
2011-11-20 02:39:04,12.851198981563357
2011-11-20 02:39:04,12.548138331567316
2010-12-13 06:42:16,8.130482640623086
2010-12-13 06:42:16,10.195019160535594
2009-11-24 08:58:48,9.287225091593427
2009-11-24 08:58:48,10.050739703137879
2009-11-24 08:58:48,59.780700094614076
2009-11-24 08:58:48,12.017128472385593
2009-11-24 08:58:48,10.217723642503188
2009-11-24 08:58:48,12.437715478812606
2014-09-22 07:14:16,11.943485798459733
2011-05-30 09:32:56,8.844728862315606
2012-09-21 05:41:36,9.973213262519494
2010-11-22 19:30:04,10.84134799513231
2010-11-22 19:30:04,11.252065285503704
2010-10-05 02:09:00,9.776811511042979
2010-10-05 02:09:00,14.204178873505953
2010-10-05 02:09:00,10.954744088492589
2010-10-05 02:09:00,16.64416784732566
2010-10-05 02:09:00,12.480721164936767
2010-10-05 02:09:00,11.552655367575426
2010-10-05 02:09:00,10.160280316378703
2010-10-05 02:09:00,11.390794780789292
2010-10-05 02:09:00,9.12172329337227
2010-10-05 02:09:00,14.28376488224967
2010-10-05 02:09:00,6.837587125344726
2010-10-05 02:09:00,10.03306025926031
2010-10-05 02:09:00,10.526295163394025
2010-10-05 02:09:00,13.73431004194208
2010-10-05 02:09:00,10.757928192953841
2010-10-05 02:09:00,16.400274664087192
2010-10-05 02:09:00,9.795554064930911
2014-08-23 16:30:24,9.656665109268943
2014-08-23 16:30:24,8.638940206355983
2012-03-15 08:17:36,10.236714365093576
2012-03-15 08:17:36,8.713239453662027
2012-03-15 08:17:36,11.437266408986034
2012-03-15 08:17:36,11.258919446863729
2012-03-15 08:17:36,7.132093186646671
2013-10-04 02:53:20,12.24539383001138
2013-10-04 02:53:20,8.032144920396604
2009-03-28 15:09:20,10.668302047793986
2009-03-28 15:09:20,16.208331750043726
2009-03-28 15:09:20,14.919779034864405
2012-01-25 22:43:44,16.968393976738298
2012-01-25 22:43:44,12.199577334116839
2012-01-25 22:43:44,11.528911990379129
2012-01-25 22:43:44,13.8203497259492
2011-07-21 07:51:32,9.423089480193084
2011-07-21 07:51:32,9.904608954262585
2011-07-21 07:51:32,12.461640169238308
2010-12-01 22:04:52,10.959695494744665
2013-06-23 02:54:32,11.075088544921528
2013-06-23 02:54:32,7.969199534385552
2014-03-24 22:36:24,11.662053196014313
2014-03-24 22:36:24,7.926427531752779
2014-03-24 22:36:24,11.953716357031226
2014-03-24 22:36:24,11.786211113907484
2013-09-13 01:54:20,9.747498596414516
2013-10-14 18:30:36,7.777617948040643
2013-10-14 18:30:36,10.264023566418473
2013-10-14 18:30:36,12.776378732714875
2013-10-14 18:30:36,8.034707927123236
2013-11-18 15:07:28,13.000232629718084
2013-11-18 15:07:28,32.958411300369335
2013-11-18 15:07:28,11.83939508865842
2013-11-18 15:07:28,9.373526787279843
2013-11-18 15:07:28,8.569237397494362
2011-02-20 23:35:12,7.992439169938734
2011-02-20 23:35:12,9.294120542363089
2011-02-20 23:35:12,11.750952695589149
2011-02-20 23:35:12,10.333414726639603
2011-02-20 23:35:12,9.26375323162938
2010-02-06 19:59:16,11.487329000879981
2012-03-10 02:36:04,20.343599090005227
2012-03-10 02:36:04,11.29322547445372
2012-03-10 02:36:04,10.550719400573144
2014-04-13 17:35:52,12.075601983478919
2010-04-04 21:59:56,7.467341670690075
2010-04-04 21:59:56,11.592577686153163
2010-04-04 21:59:56,11.478556608190047
2010-04-04 21:59:56,10.928569894615066
2013-03-23 04:51:12,16.095038125513383
2010-06-29 00:22:24,31.5662568055468
2010-06-29 00:22:24,9.816346341596727
2011-10-17 12:37:56,8.910076077792837
2011-10-17 12:37:56,8.91986827544497
2012-01-30 19:07:52,11.427271118851422
2012-01-30 19:07:52,9.20789709465862
2012-01-30 19:07:52,9.871550098938314
2012-01-30 19:07:52,11.02156692272365
2012-01-30 19:07:52,11.147032609887901
2011-05-30 01:44:40,8.882034102309262
2011-05-30 01:44:40,11.13216662177183
2011-02-08 01:04:08,14.522764307233956
2012-05-23 16:25:16,8.953286771358762
2011-09-20 18:02:28,10.756721085384925
2009-10-08 10:04:36,7.340918463207345
2009-10-08 10:04:36,12.04050325956996
2009-10-08 10:04:36,10.689691452300394
2010-07-02 22:03:04,9.70397082216914
2010-07-02 22:03:04,15.96339816271393
2012-05-03 14:11:36,10.872908354973333
2012-05-03 14:11:36,8.958420064825987
2012-05-03 14:11:36,18.475741614241997
2012-05-03 14:11:36,12.297245965115508
2012-05-03 14:11:36,9.97496785745534
2013-04-04 16:31:56,6.39095273942803
2013-04-04 16:31:56,6.881869247339637
2009-12-02 15:59:56,19.0836143381257
2009-12-02 15:59:56,8.076739898724554
2010-01-03 02:03:40,8.891090444350993
2010-01-03 02:03:40,6.526657929964131
2011-08-21 10:54:24,11.085498234306215
2011-08-21 10:54:24,2.7343978510052693
2011-08-21 10:54:24,7.702927381978952
2011-01-30 14:38:24,11.105700185376918
2011-01-30 14:38:24,11.32811087533264
2011-04-16 21:23:16,14.780343274869665
2011-04-16 21:23:16,9.798076703053084
2011-04-16 21:23:16,11.47446253646558
2013-10-05 19:51:04,6.916419865074204
2013-10-05 19:51:04,9.928169290962614
2013-10-05 19:51:04,9.832253487900743
2013-10-05 19:51:04,10.153675509740424
2014-10-31 08:17:44,11.072921001057694
2014-10-31 08:17:44,12.363763154735352
2014-10-31 08:17:44,8.614758105657529
2014-10-31 08:17:44,10.785774994314124
2014-10-31 08:17:44,11.918685383014235
2009-05-31 21:24:56,10.45993029760757
2014-06-04 01:50:40,12.413666137781547
2009-07-14 17:59:12,9.045631277356733
2009-07-14 17:59:12,11.151229936443997
2012-12-05 16:33:52,8.791296101997432
2012-12-05 16:33:52,17.94598714188396
2009-12-18 12:37:04,10.591971650681444
2009-12-18 12:37:04,10.158872508711283
2009-12-18 12:37:04,12.10632653247194
2009-12-18 12:37:04,10.55102399396128
2009-12-18 12:37:04,9.603822105365907
2009-12-18 12:37:04,9.800275266237804
2012-11-21 15:12:48,8.330944083443683
2011-05-03 07:01:40,9.809184793724853
2011-05-03 07:01:40,10.735289071477382
2011-05-03 07:01:40,11.816449055935664
2010-09-21 06:27:32,16.422914545786625
2010-09-21 06:27:32,10.348561069975403
2011-10-07 22:08:20,9.172107661828704
2011-10-07 22:08:20,10.394338818312463
2009-02-08 08:48:20,7.198196393259423
2013-09-24 21:16:40,9.527984132815618
2013-09-24 21:16:40,11.970705900213943
2013-09-24 21:16:40,9.258277437224024
2013-09-24 21:16:40,8.957630834818701
2013-09-24 21:16:40,10.027044731275964
2013-09-24 21:16:40,9.124554829702902
2012-03-14 19:10:48,11.951811529052065
2012-03-14 19:10:48,9.030776235158555
2012-03-14 19:10:48,9.238843863016882
2012-03-14 19:10:48,11.33020613685585
2012-03-14 19:10:48,8.111546665275455
2012-03-14 19:10:48,9.44971241037274
2012-03-14 19:10:48,10.138686087891983
2009-11-12 11:01:20,11.077846082456745
2009-11-12 11:01:20,10.769243978571467
2009-06-21 04:28:48,13.11831238458035
2009-06-21 04:28:48,8.897548927105163
2014-01-25 12:36:52,9.753214623600797
2014-01-25 12:36:52,8.70994736306784
2012-12-27 13:23:48,9.769735244537515
2011-06-28 16:09:44,10.19417249527396
2010-12-01 08:35:20,10.546053076586759
2012-11-19 12:40:40,10.006177480241604
2012-11-19 12:40:40,10.485926781904709
2012-11-19 12:40:40,11.12935582877617
2012-11-19 12:40:40,11.587985590220342
2012-11-19 12:40:40,36.343726513870934
2009-07-13 17:58:04,9.441286369894442
2009-07-13 17:58:04,7.7265604339845595
2009-07-13 17:58:04,10.766467687410113
2011-06-25 11:42:36,10.843969125337026
2011-06-25 11:42:36,12.499083628197695
2012-01-26 07:33:00,9.748134978028247
2012-01-26 07:33:00,9.763371117936913
2012-01-26 07:33:00,11.041128866350846
2012-01-26 07:33:00,9.360309484705795
2012-01-26 07:33:00,8.836726949057265
2012-01-26 07:33:00,11.311092189311239
2012-01-26 07:33:00,10.49546040570931
2012-01-26 07:33:00,11.708558325699414
2012-01-26 07:33:00,8.702550555419293
2012-01-26 07:33:00,10.983007986244047
2012-01-26 07:33:00,8.888473541433996
2012-01-26 07:33:00,16.36828990253707
2012-01-26 07:33:00,11.261040075067285
2012-01-26 07:33:00,10.205667194388298
2012-01-26 07:33:00,9.387361593642709
2012-01-26 07:33:00,10.759177169198665
2012-01-26 07:33:00,8.727489094053453
2012-01-26 07:33:00,16.188507906144878
2012-01-26 07:33:00,10.867125376358672
2012-01-26 07:33:00,10.205153756374784
2012-01-26 07:33:00,17.77584834125264
2012-01-26 07:33:00,11.733985184717312
2012-01-26 07:33:00,11.041763642038859
2012-01-26 07:33:00,13.12340347513964
2012-01-26 07:33:00,9.823445833579171
2012-01-26 07:33:00,10.847709333522289
2012-01-26 07:33:00,8.224652973074626
2012-01-26 07:33:00,13.424471418084067
2012-01-26 07:33:00,10.492793324992817
2012-01-26 07:33:00,16.388781145336907
2012-01-26 07:33:00,12.440821364094518
2012-01-26 07:33:00,9.672238667786587
2012-01-26 07:33:00,10.019236413127146
2012-01-26 07:33:00,7.925919763507409
2012-01-26 07:33:00,10.953808027705236
2012-01-26 07:33:00,8.745631597181273
2012-01-26 07:33:00,11.66926202463219
2012-01-26 07:33:00,8.286238493281417
2012-01-26 07:33:00,8.360437475495928
2012-01-26 07:33:00,9.131722369664203
2012-01-26 07:33:00,10.548204419774265
2012-01-26 07:33:00,8.154151970769817
2012-01-26 07:33:00,10.26099483642065
2012-01-26 07:33:00,14.42118044646486
2012-01-26 07:33:00,11.564523450439083
2012-01-26 07:33:00,10.895326410640337
2012-01-26 07:33:00,9.45433251736904
2012-01-26 07:33:00,12.580761124463606
2012-01-26 07:33:00,9.184724184953666
2012-01-26 07:33:00,9.086507008012632
2012-01-26 07:33:00,10.754829257039091
2012-01-26 07:33:00,9.550689462019363
2012-01-26 07:33:00,8.236003285825063
2012-01-26 07:33:00,10.088244673786903
2012-01-26 07:33:00,10.236104221137794
2012-01-26 07:33:00,11.059712638883866
2012-01-26 07:33:00,11.650708935027069
2012-01-26 07:33:00,8.91680783091033
2012-01-26 07:33:00,9.640511454108491
2012-01-26 07:33:00,8.532313399884515
2012-01-26 07:33:00,10.284373895454337
2012-01-26 07:33:00,9.907409116687631
2012-01-26 07:33:00,11.11896509475082
2012-01-26 07:33:00,12.12559694324591
2012-01-26 07:33:00,-1.9450554416234809
2012-01-26 07:33:00,11.570880586015846
2012-01-26 07:33:00,13.419194997681188
2012-01-26 07:33:00,11.062936566633653
2012-01-26 07:33:00,11.286997028419137
2012-01-26 07:33:00,8.625547183224626
2012-01-26 07:33:00,11.894668203558467
2012-01-26 07:33:00,10.777705706952474
2012-01-26 07:33:00,11.292411835276653
2012-01-26 07:33:00,10.618763439852046
2012-01-26 07:33:00,9.068006457235242
2012-01-26 07:33:00,10.418885751376365
2012-01-26 07:33:00,10.743910460118059
2012-01-26 07:33:00,10.572681347464822
2012-01-26 07:33:00,8.651484748801522
2012-01-26 07:33:00,10.871175805730672
2012-01-26 07:33:00,9.20215979218483
2012-01-26 07:33:00,8.36697472634296
2012-01-26 07:33:00,12.174095258089437
2012-01-26 07:33:00,10.860280039129066
2012-01-26 07:33:00,16.68121163233627
2012-01-26 07:33:00,11.837638267006696
2012-01-26 07:33:00,8.885114434053321
2012-01-26 07:33:00,10.114866610038007
2012-01-26 07:33:00,9.497230358168963
2012-01-26 07:33:00,8.12371122469267
2012-01-26 07:33:00,8.079695611926581
2012-01-26 07:33:00,11.942085032662362
2012-01-26 07:33:00,8.972379330105468
2012-01-26 07:33:00,9.147432843632487
2012-01-26 07:33:00,15.488077406473167
2012-01-26 07:33:00,8.128793807693
2012-01-26 07:33:00,11.361164965790522
2012-01-26 07:33:00,10.91858248823155
2012-01-26 07:33:00,6.713640776742977
2012-01-26 07:33:00,14.060169594909894
2012-01-26 07:33:00,11.132491738233512
2012-01-26 07:33:00,8.992671235302623
2012-01-26 07:33:00,10.409676743029195
2012-01-26 07:33:00,11.730546817429058
2012-01-26 07:33:00,11.335343585848022
2012-01-26 07:33:00,6.957557692026967
2012-01-26 07:33:00,8.685534059519341
2012-01-26 07:33:00,10.212634750958387
2012-01-26 07:33:00,10.498378027721628
2012-01-26 07:33:00,10.479894512463943
2012-01-26 07:33:00,9.820695391978006
2012-01-26 07:33:00,15.369570497852692
2012-01-26 07:33:00,8.348978423522567
2012-01-26 07:33:00,11.37425807130785
2012-01-26 07:33:00,7.934641589101375
2012-01-26 07:33:00,9.71788446033679
2012-01-26 07:33:00,12.03481322283369
2012-01-26 07:33:00,10.010019741786891
2012-01-26 07:33:00,11.107717708120617
2012-01-26 07:33:00,10.681571207052912
2012-01-26 07:33:00,10.19554338787384
2012-01-26 07:33:00,-13.453758414436379
2012-01-26 07:33:00,7.788154288227815
2012-01-26 07:33:00,10.313522975451633
2012-01-26 07:33:00,12.209230235470386
2012-01-26 07:33:00,10.89799459742244
2012-01-26 07:33:00,9.137782163634256
2012-01-26 07:33:00,15.354414715182429
2012-01-26 07:33:00,9.18968056124504
2012-01-26 07:33:00,10.93434465979044
2015-03-20 23:34:40,11.616463402895533
2015-03-20 23:34:40,15.033751524735635
2015-03-20 23:34:40,11.914307831111728
2013-12-14 03:20:48,16.39348463285569
2013-12-14 03:20:48,11.07522391202474
2014-04-14 07:03:52,10.238480710617296
2014-04-14 07:03:52,11.506204075050846
2015-05-21 07:08:08,8.315017909526432
2011-08-30 16:48:24,10.36391608167105
2011-08-30 16:48:24,10.56923112822551
2011-08-30 16:48:24,12.262649460219109
2010-12-09 07:29:00,10.150562575745425
2010-12-09 07:29:00,8.918834029163918
2010-12-09 07:29:00,10.121520777734986
2010-12-09 07:29:00,7.143161325097026
2010-12-09 07:29:00,10.69247923293733
2010-12-09 07:29:00,11.874584450504699
2010-12-09 07:29:00,10.47653107086262
2010-12-09 07:29:00,9.721483643656029
2010-12-09 07:29:00,9.314263204772942
2010-12-09 07:29:00,12.341445294336154
2010-12-09 07:29:00,11.54599630793382
2010-12-09 07:29:00,10.408558007240572
2010-12-09 07:29:00,9.174055009178119
2010-12-09 07:29:00,11.233403163123512
2010-12-09 07:29:00,10.263957459836092
2010-12-09 07:29:00,8.417501081345108
2010-12-09 07:29:00,8.332831313215138
2010-12-09 07:29:00,10.076596632739893
2010-12-09 07:29:00,9.992093237809968
2010-12-09 07:29:00,9.513261928201246
2010-12-09 07:29:00,10.936032742374664
2010-12-09 07:29:00,9.06914692276223
2010-12-09 07:29:00,14.24005818805017
2010-12-09 07:29:00,10.11109238917561
2010-12-09 07:29:00,11.069094134898478
2010-12-09 07:29:00,9.552166068606311
2010-12-09 07:29:00,11.493801393271497
2010-12-09 07:29:00,16.91562473178965
2010-12-09 07:29:00,11.24440333833445
2010-12-09 07:29:00,8.617019108804016
2010-12-09 07:29:00,9.728351121570086
2010-12-09 07:29:00,9.27455777519208
2010-12-09 07:29:00,10.539124026936406
2010-12-09 07:29:00,9.265519726917773
2010-12-09 07:29:00,12.096511225168797
2010-12-09 07:29:00,10.899169499421987
2010-12-09 07:29:00,9.41908465076449
2010-12-09 07:29:00,11.288977346852334
2010-12-09 07:29:00,9.738354750061262
2010-12-09 07:29:00,9.425063085702277
2010-12-09 07:29:00,10.044721356527589
2010-12-09 07:29:00,8.033360439387252
2010-12-09 07:29:00,9.792184369969618
2010-12-09 07:29:00,10.202738204690831
2010-12-09 07:29:00,10.213757327977874
2010-12-09 07:29:00,8.262069546744897
2010-12-09 07:29:00,9.431017738183073
2010-12-09 07:29:00,9.219702135042098
2010-12-09 07:29:00,12.087084309619968
2010-12-09 07:29:00,10.293795599702207
2010-12-09 07:29:00,11.35508075425605
2010-12-09 07:29:00,10.463756764498612
2010-12-09 07:29:00,8.725037867241554
2010-12-09 07:29:00,10.031452016843105
2010-12-09 07:29:00,27.972907859624684
2010-12-09 07:29:00,8.69755276403339
2010-12-09 07:29:00,10.581301136686307
2010-12-09 07:29:00,11.461004370619776
2010-12-09 07:29:00,10.798267676482283
2010-12-09 07:29:00,11.25475650297085
2010-12-09 07:29:00,8.092627481659292
2010-12-09 07:29:00,9.635797591899973
2010-12-09 07:29:00,11.663300458418234
2010-12-09 07:29:00,11.741759728389297
2010-12-09 07:29:00,9.25151820575411
2010-12-09 07:29:00,10.57197006942988
2010-12-09 07:29:00,18.691925534732945
2010-12-09 07:29:00,10.28908114274418
2010-12-09 07:29:00,7.7859028078437404
2010-12-09 07:29:00,32.190815466077765
2010-12-09 07:29:00,8.589635614680446
2010-12-09 07:29:00,10.89268819795143
2010-12-09 07:29:00,11.527167831942279
2010-12-09 07:29:00,11.624743963531728
2010-12-09 07:29:00,8.354972701215956
2010-12-09 07:29:00,11.01186890795725
2010-12-09 07:29:00,8.319122926563068
2010-12-09 07:29:00,9.542540784665107
2010-12-09 07:29:00,11.07815286684854
2010-12-09 07:29:00,11.279091707714542
2010-12-09 07:29:00,10.35179730258642
2010-12-09 07:29:00,10.397057724718252
2010-12-09 07:29:00,11.11519968185894
2010-12-09 07:29:00,9.53118181267564
2010-12-09 07:29:00,8.042863901671808
2010-12-09 07:29:00,1.0596059959389095
2010-12-09 07:29:00,11.030941736085879
2010-12-09 07:29:00,11.315153367126186
2010-12-09 07:29:00,11.291987601753135
2010-12-09 07:29:00,10.965221160373403
2010-12-09 07:29:00,10.83569350223479
2010-12-09 07:29:00,8.803497371991398
2010-12-09 07:29:00,7.928068187680765
2010-12-09 07:29:00,19.659677370600548
2010-12-09 07:29:00,10.489017952702852
2010-12-09 07:29:00,9.166747697579922
2010-12-09 07:29:00,12.307690548695973
2010-12-09 07:29:00,10.249922955963484
2010-12-09 07:29:00,9.108996325134285
2010-12-09 07:29:00,10.79783893847889
2010-12-09 07:29:00,16.25995085080649
2010-12-09 07:29:00,8.05496573018172
2010-12-09 07:29:00,9.42870010144361
2010-12-09 07:29:00,8.247655107636092
2010-12-09 07:29:00,10.773654904998693
2010-12-09 07:29:00,11.47143287149629
2010-12-09 07:29:00,11.108850028218512
2010-12-09 07:29:00,12.08693735633642
2010-12-09 07:29:00,11.003788997628362
2010-12-09 07:29:00,10.314477581805477
2010-12-09 07:29:00,9.819701619304396
2010-12-09 07:29:00,10.83874119022039
2010-12-09 07:29:00,10.639447295958234
2010-12-09 07:29:00,10.295048670250253
2010-12-09 07:29:00,7.681557456819064
2010-12-09 07:29:00,7.719457315819454
2010-12-09 07:29:00,11.070035227314293
2010-12-09 07:29:00,32.152438707853435
2010-12-09 07:29:00,8.24526747096752
2010-12-09 07:29:00,8.765000854726168
2010-12-09 07:29:00,11.202494889137597
2010-12-09 07:29:00,11.595410506304688
2010-12-09 07:29:00,9.23382243469132
2010-12-09 07:29:00,9.029073215171593
2010-12-09 07:29:00,11.387973826669622
2010-12-09 07:29:00,10.752154405969122
2010-12-09 07:29:00,9.890288515847715
2010-12-09 07:29:00,7.184386269122115
2010-12-09 07:29:00,9.428055229564052
2010-12-09 07:29:00,12.611278444970594
2010-12-09 07:29:00,9.558020891987326
2011-09-25 13:01:20,7.531683740533481
2011-09-25 13:01:20,9.846239915525075
2011-09-25 13:01:20,9.368821471362025
2011-09-25 13:01:20,11.571457346868556
2011-09-25 13:01:20,10.941586153099706
2012-09-08 04:35:16,24.0845349667743
2012-05-08 03:50:00,13.873535905991957
2012-05-08 03:50:00,9.033331117894704
2012-05-08 03:50:00,12.432042103120693
2012-05-08 03:50:00,7.932969787159891
2012-05-08 03:50:00,10.14966752030341
2012-05-08 03:50:00,8.470815636217594
2012-05-08 03:50:00,9.274063397362625
2012-05-08 03:50:00,12.894660358451802
2012-05-08 03:50:00,8.087882875572177
2010-10-06 21:23:24,10.785177199570171
2010-10-06 21:23:24,12.03033571353808
2010-10-06 21:23:24,10.388759391253188
2010-10-06 21:23:24,17.40055204411874
2010-10-06 21:23:24,8.56690421881649
2014-05-17 02:47:12,9.311442511596397
2009-07-31 07:30:56,11.261441824026406
2009-07-31 07:30:56,13.28151080702628
2012-03-06 07:33:04,12.081814829109135
2009-01-29 22:15:48,11.954561000111426
2013-03-17 12:44:04,11.923984310209562
2014-06-18 09:23:32,9.237858755015623
2011-09-21 13:15:36,8.765619625221007
2011-09-21 13:15:36,7.059422364700367
2011-09-21 13:15:36,11.573632695090055
2011-09-21 13:15:36,24.900264650428653
2015-03-12 19:43:24,8.297851492527116
2015-03-12 19:43:24,19.185462603198175
2015-03-12 19:43:24,10.038448334309578
2015-03-12 19:43:24,10.375715078451321
2014-01-18 17:43:28,11.294266137618251
2014-01-18 17:43:28,11.595911029311537
2014-01-18 17:43:28,11.414442202203645
2014-01-18 17:43:28,10.122247677347332
2011-04-05 01:15:44,8.213536333794764
2011-04-05 01:15:44,7.668156493831702
2011-09-04 01:36:36,11.707892050746523
2010-08-09 08:53:56,12.465665512536361
2010-08-09 08:53:56,9.460236383134543
2010-08-09 08:53:56,8.062014544513659
2010-08-09 08:53:56,8.014627675705924
2010-08-09 08:53:56,9.816463718007071
2010-03-27 07:05:08,8.752707938543608
2011-11-16 12:52:52,9.471987682874897
2011-11-16 12:52:52,11.361959499168734
2011-11-16 12:52:52,31.82726689556148
2009-10-29 10:48:40,12.412537238989898
2009-10-29 10:48:40,10.339310032411959
2015-02-01 00:48:44,11.256373934122166
2015-02-01 00:48:44,9.37473746447722
2015-02-01 00:48:44,10.615764281848897
2015-02-01 00:48:44,8.723041354220186
2015-02-01 00:48:44,18.80723891373964
2014-04-03 02:31:08,11.403918048798005
2010-07-04 03:28:44,12.039038209844875
2009-03-31 23:01:36,9.889183423012582
2009-03-31 23:01:36,18.92701045070862
2009-03-31 23:01:36,14.470025286111195
2012-02-02 00:49:56,11.021093909183037
2012-02-02 00:49:56,45.89765818090018
2012-02-02 00:49:56,11.880780425504781
2012-02-02 00:49:56,17.735882194885562
2014-01-26 15:28:52,10.912100845685927
2012-02-14 15:32:40,10.216764534288814
2012-02-14 15:32:40,9.797683507564216
2012-02-14 15:32:40,9.615225108509549
2012-02-14 15:32:40,9.946589583314562
2011-12-06 11:07:40,10.661197599483785
2011-12-06 11:07:40,8.983648461195116
2011-07-12 19:41:48,9.87046570612074
2011-07-12 19:41:48,9.820466233160914
2011-07-12 19:41:48,10.185165816228618
2010-09-16 14:27:16,10.872205114355893
2010-09-16 14:27:16,7.824811853639403
2010-09-16 14:27:16,8.650117473340288
2010-09-16 14:27:16,11.198168542639905
2014-06-11 01:13:40,11.156824796598812
2013-05-18 15:28:40,7.263591857519714
2013-05-18 15:28:40,10.5849454447889
2015-02-14 20:20:56,11.887353649543002
2015-02-14 20:20:56,11.081904649452554
2015-02-14 20:20:56,12.092372964703827
2009-01-22 12:27:20,8.261272225039647
2011-04-23 21:22:20,10.773740807399008
2013-09-01 17:57:04,9.297793440409805
2013-09-01 17:57:04,9.076485885616421
2013-04-22 13:19:16,13.107977179772206
2013-04-22 13:19:16,9.984615051012952
2013-04-22 13:19:16,9.922879636280413
2015-02-21 18:39:16,11.275020349265105
2009-04-23 00:05:40,14.572670565166845
2009-04-23 00:05:40,11.888374406114963
2012-05-28 05:48:40,16.840432639148275
2010-01-03 20:04:52,11.739329429759891
2013-03-09 21:40:52,9.866759308268229
2013-03-09 21:40:52,8.144103697841274
2011-04-21 08:22:32,11.622971757708001
2011-02-20 09:22:16,13.989211040267037
2011-02-20 09:22:16,15.66755193714198
2010-07-22 09:37:12,10.802083792481426
2010-07-22 09:37:12,10.344848639830161
2010-07-22 09:37:12,7.894165911260643
2011-01-24 20:47:04,11.739420052474088
2013-07-22 15:05:16,9.522192650571014
2013-07-22 15:05:16,9.023462283748813
2013-07-22 15:05:16,7.823066693275905
2013-07-22 15:05:16,10.473845530741528
2013-01-23 16:22:04,10.025278531746153
2013-01-23 16:22:04,9.802415914800804
2013-01-23 16:22:04,11.123256392802432
2013-01-06 12:46:36,11.702858981723693
2013-01-06 12:46:36,10.011821297794086
2012-02-13 04:52:32,34.10224241485048
2013-02-07 08:34:24,9.980532746156314
2013-02-07 08:34:24,11.790838505632564
2013-02-07 08:34:24,9.875656705309666
2013-02-07 08:34:24,10.976449773519562
2015-02-21 17:23:28,10.88184544980868
2015-02-21 17:23:28,11.077962106654013
2015-02-21 17:23:28,7.286495978067251
2015-02-21 17:23:28,6.820753656465968
2015-02-21 17:23:28,7.861027535105677
2013-06-19 13:36:52,11.885938024557618
2013-06-19 13:36:52,9.801913649471317
2013-06-19 13:36:52,9.931951773487526
2013-06-19 13:36:52,16.969702707116085
2013-06-19 13:36:52,11.377515620444683
2015-06-26 16:04:04,12.036687247071313
2015-06-26 16:04:04,11.322804965804607
2010-06-05 07:08:36,9.552808443691902
2011-10-28 13:48:16,9.53514517804615
2011-10-28 13:48:16,11.273481574824473
2011-10-28 13:48:16,10.733045098299044
2012-09-29 02:53:20,8.536354656371259
2011-08-06 12:59:12,9.997404799501965
2012-11-19 22:15:32,19.098071038071794
2013-11-29 20:09:12,10.324270511724535
2012-05-31 17:54:48,11.180280370450419
2012-05-31 17:54:48,7.8551045700642135
2012-05-31 17:54:48,11.7710360819583
2012-05-31 17:54:48,11.034702964470853
2012-04-20 08:03:52,8.071531011777552
2012-04-20 08:03:52,8.6702929546409
2012-04-20 08:03:52,9.832265715340327
2009-01-26 18:26:48,10.605376485453235
2009-01-26 18:26:48,9.676128707184034
2009-01-26 18:26:48,10.904426110355416
2009-01-26 18:26:48,11.218210863404238
2011-10-20 00:50:48,16.43131330381584
2011-10-20 00:50:48,18.329948412578233
2011-10-20 00:50:48,12.353647889412969
2011-06-03 11:45:16,10.259336592192994
2011-06-03 11:45:16,10.00520438935746
2011-06-03 11:45:16,9.961614947507769
2011-06-03 11:45:16,7.995062794105252
2011-06-03 11:45:16,10.308998075959607
2011-10-25 20:34:20,11.803432075346791
2012-07-05 18:30:36,7.245948143085116
2012-07-05 18:30:36,10.668099431917653
2012-07-05 18:30:36,11.04717468531635
2012-07-05 18:30:36,10.47635614041792
2012-07-05 18:30:36,10.921285801568956
2012-07-05 18:30:36,9.378041541607672
2015-04-07 14:31:12,10.593490849963928
2015-04-07 14:31:12,9.18928942139246
2013-08-28 00:27:36,9.111998384438266
2013-08-28 00:27:36,18.52996321705723
2012-11-20 21:54:00,8.929317646035997
2012-11-20 21:54:00,8.67346990473743
2012-11-20 21:54:00,9.209053140813921
2012-11-20 21:54:00,8.462583829950745
2012-11-20 21:54:00,32.641760870254075
2012-11-20 21:54:00,8.853588792921073
2012-11-20 21:54:00,10.131072065887565
2012-11-20 21:54:00,11.625598990156504
2012-11-20 21:54:00,9.610745230269458
2012-11-20 21:54:00,9.920675012770516
2012-11-20 21:54:00,11.022828030818346
2012-11-20 21:54:00,7.150031456882061
2012-11-20 21:54:00,6.995042567179553
2012-11-20 21:54:00,9.039632568912566
2012-11-20 21:54:00,16.18833545533562
2012-11-20 21:54:00,9.08936724508203
2012-11-20 21:54:00,10.436780110137988
2012-11-20 21:54:00,8.25030213795253
2012-11-20 21:54:00,17.49001091126047
2012-11-20 21:54:00,11.253458965187747
2012-11-20 21:54:00,10.167826081966268
2012-11-20 21:54:00,9.706518485591005
2012-11-20 21:54:00,10.36677017725924
2012-11-20 21:54:00,32.18505313918649
2012-11-20 21:54:00,19.434714743856603
2012-11-20 21:54:00,10.08647896030925
2012-11-20 21:54:00,13.668167046535018
2012-11-20 21:54:00,10.490050271020664
2012-11-20 21:54:00,20.687672984848177
2012-11-20 21:54:00,10.668791698984933
2012-11-20 21:54:00,16.511532591070136
2012-11-20 21:54:00,10.591156245272941
2012-11-20 21:54:00,10.350663107459695
2012-11-20 21:54:00,11.690579536945734
2012-11-20 21:54:00,9.33541589268134
2012-11-20 21:54:00,10.750356283700967
2012-11-20 21:54:00,9.853893097053515
2012-11-20 21:54:00,11.385967859230732
2012-11-20 21:54:00,9.331946313493972
2012-11-20 21:54:00,8.570291220616127
2012-11-20 21:54:00,9.86983176546164
2012-11-20 21:54:00,9.543135112888194
2012-11-20 21:54:00,11.781144913325988
2012-11-20 21:54:00,8.92184400174483
2012-11-20 21:54:00,9.308003518763144
2012-11-20 21:54:00,14.079625251391917
2012-11-20 21:54:00,10.35334316873741
2012-11-20 21:54:00,7.457220275005966
2012-11-20 21:54:00,9.329259905996878
2012-11-20 21:54:00,12.496970771777342
2012-11-20 21:54:00,9.310903254619916
2012-11-20 21:54:00,8.599634341866476
2012-11-20 21:54:00,13.712327204078974
2012-11-20 21:54:00,10.448914554079238
2012-11-20 21:54:00,10.2562655177353
2012-11-20 21:54:00,11.486201994124713
2012-11-20 21:54:00,12.029209310399892
2012-11-20 21:54:00,9.495508895892272
2012-11-20 21:54:00,11.350637294854096
2012-11-20 21:54:00,10.268894986555097
2012-11-20 21:54:00,12.968571404004251
2012-11-20 21:54:00,21.04320569497031
2012-11-20 21:54:00,12.677287004822574
2012-11-20 21:54:00,9.657583912388873
2012-11-20 21:54:00,15.164703528364043
2012-11-20 21:54:00,10.981313585627504
2012-11-20 21:54:00,12.635720706553911
2012-11-20 21:54:00,9.79779955641061
2012-11-20 21:54:00,10.68008692915646
2012-11-20 21:54:00,11.909612393648786
2012-11-20 21:54:00,9.312750732871791
2012-11-20 21:54:00,10.954946110063247
2012-11-20 21:54:00,9.954401595960007
2012-11-20 21:54:00,9.720316598184581
2012-11-20 21:54:00,11.286211234018992
2012-11-20 21:54:00,11.501710088909022
2012-11-20 21:54:00,11.508432840366368
2012-11-20 21:54:00,11.647454871083028
2012-11-20 21:54:00,8.144440619020315
2012-11-20 21:54:00,9.184522144416405
2012-11-20 21:54:00,10.36953570305559
2012-11-20 21:54:00,8.975603076627522
2012-11-20 21:54:00,9.980098969284882
2012-11-20 21:54:00,9.400971651697546
2012-11-20 21:54:00,10.341839302273002
2012-11-20 21:54:00,12.325671890326703
2012-11-20 21:54:00,11.295730644187643
2012-11-20 21:54:00,10.380548317518333
2012-11-20 21:54:00,10.744343772157663
2012-11-20 21:54:00,8.945431024578284
2012-11-20 21:54:00,10.00101547477243
2012-11-20 21:54:00,8.721002337828395
2012-11-20 21:54:00,8.706628010519125
2012-11-20 21:54:00,9.006848940955024
2012-11-20 21:54:00,19.57761543900415
2012-11-20 21:54:00,7.932054577482631
2012-11-20 21:54:00,28.83904661788256
2012-11-20 21:54:00,10.848238533666517
2012-11-20 21:54:00,7.590746783862414
2012-11-20 21:54:00,11.317500075336284
2012-11-20 21:54:00,9.946218659630176
2012-11-20 21:54:00,8.234049357106414
2012-11-20 21:54:00,15.155740100497496
2012-11-20 21:54:00,10.843338910519378
2012-11-20 21:54:00,10.249619597632773
2012-11-20 21:54:00,10.218023952813382
2012-11-20 21:54:00,13.713886209821794
2012-11-20 21:54:00,9.596202512266245
2012-11-20 21:54:00,11.312422569377304
2012-11-20 21:54:00,9.359669915167615
2012-11-20 21:54:00,7.681819264909791
2012-11-20 21:54:00,9.580774494264915
2012-11-20 21:54:00,9.254981394507922
2012-11-20 21:54:00,11.622942904354204
2012-11-20 21:54:00,10.317287314919668
2012-11-20 21:54:00,10.640028112058644
2012-11-20 21:54:00,9.402382324538848
2012-11-20 21:54:00,8.407357138334191
2012-11-20 21:54:00,12.155804034662651
2012-11-20 21:54:00,10.990890798149849
2012-11-20 21:54:00,15.241061829830869
2012-11-20 21:54:00,9.911451036443395
2012-11-20 21:54:00,10.159433605142112
2012-11-20 21:54:00,7.330487132039707
2012-11-20 21:54:00,14.559023634865298
2012-11-20 21:54:00,7.931268920427101
2012-11-20 21:54:00,11.691739293328283
2012-11-20 21:54:00,9.803125226213524
2012-11-20 21:54:00,7.702295921308178
2012-11-20 21:54:00,9.961553788349192
2012-11-20 21:54:00,9.021362438839788
2012-11-20 21:54:00,7.994142020532308
2012-11-20 21:54:00,8.387824507759433
2012-11-20 21:54:00,13.415008546198806
2012-11-20 21:54:00,11.255491594172781
2012-11-20 21:54:00,14.306096862710547
2012-11-20 21:54:00,8.016022646826968
2012-11-20 21:54:00,10.869650777412971
2012-11-20 21:54:00,11.417610718606738
2011-02-22 14:18:40,10.269833376005408
2014-06-23 00:16:00,40.89651776262144
2014-06-23 00:16:00,11.395997410327254
2014-06-23 00:16:00,8.662482928826648
2014-06-23 00:16:00,17.357559540285365
2014-06-23 00:16:00,13.87422605717802
2014-06-23 00:16:00,9.426614924015666
2014-06-23 00:16:00,9.206135621834619
2014-06-23 00:16:00,10.715676246423754
2014-06-23 00:16:00,9.614482716953717
2014-06-23 00:16:00,10.423480947323696
2014-06-23 00:16:00,11.897634418564849
2014-06-23 00:16:00,22.09113677251844
2014-06-23 00:16:00,11.343102289014496
2014-06-23 00:16:00,11.126745554691297
2014-06-23 00:16:00,12.573948568402557
2014-06-23 00:16:00,11.617794620229688
2014-06-23 00:16:00,8.886388568585971
2014-06-23 00:16:00,14.919025622961271
2014-06-23 00:16:00,9.976627702248152
2014-06-23 00:16:00,18.94229856950915
2014-06-23 00:16:00,9.645248581260603
2014-06-23 00:16:00,10.579419069772484
2014-06-23 00:16:00,12.627041924006335
2014-06-23 00:16:00,11.006875893881443
2014-06-23 00:16:00,18.17886057872056
2014-06-23 00:16:00,17.35136734925618
2014-06-23 00:16:00,14.587087634579802
2014-06-23 00:16:00,7.282079591663205
2014-06-23 00:16:00,9.519534370954716
2014-06-23 00:16:00,8.767270802973144
2014-06-23 00:16:00,9.323577435072366
2014-06-23 00:16:00,10.290388353723756
2014-06-23 00:16:00,8.903755771483702
2014-06-23 00:16:00,11.301299701799508
2014-06-23 00:16:00,7.207800650772697
2014-06-23 00:16:00,7.867581506019633
2014-06-23 00:16:00,7.806044528224447
2014-06-23 00:16:00,7.781099385238122
2014-06-23 00:16:00,8.337812766674688
2014-06-23 00:16:00,33.574306809256086
2014-06-23 00:16:00,18.641586000248935
2014-06-23 00:16:00,17.806561352594144
2014-06-23 00:16:00,13.857414942913238
2014-06-23 00:16:00,9.26690851188323
2014-06-23 00:16:00,7.52201059824074
2014-06-23 00:16:00,11.9798890914808
2014-06-23 00:16:00,11.042548593914034
2014-06-23 00:16:00,11.236404334933468
2014-06-23 00:16:00,17.29899272372313
2014-06-23 00:16:00,8.017850060541605
2014-06-23 00:16:00,9.607888347860353
2014-06-23 00:16:00,23.450132897532967
2014-06-23 00:16:00,10.15704617427582
2014-06-23 00:16:00,14.800927837412019
2011-11-24 02:36:48,10.369403363885795
2011-11-24 02:36:48,8.015762416674988
2011-11-24 02:36:48,10.612922583455656
2013-06-05 01:34:56,7.714017875630816
2013-03-18 12:51:12,8.245057254014682
2013-03-18 12:51:12,7.641891625507924
2013-03-18 12:51:12,9.637280648792512
2014-12-14 09:04:36,10.91077655090703
2014-12-14 09:04:36,11.624248172691296
2014-12-14 09:04:36,11.443513423289914
2012-05-31 13:14:12,8.897369409489329
2012-05-31 13:14:12,13.49115691760744
2012-05-31 13:14:12,10.238154528657105
2012-05-31 13:14:12,11.51056840565252
2011-01-16 18:57:12,8.593071417793908
2011-01-16 18:57:12,7.735456799804524
2009-04-25 10:52:56,10.226846415222099
2009-04-25 10:52:56,10.873768291412489
2009-04-25 10:52:56,8.540488201235348
2009-04-20 11:11:40,10.653384158253175
2012-07-20 06:53:32,7.79682466491613
2009-10-22 21:57:36,9.947443375998773
2009-10-22 21:57:36,10.436055401871272
2009-10-22 21:57:36,11.044081344842198
2009-10-22 21:57:36,11.447982238581972
2009-03-16 10:30:12,10.61558039816373
2009-07-14 12:12:36,9.403238090773812
2009-07-14 12:12:36,10.855615844904605
2009-07-14 12:12:36,8.282503000567885
2009-07-14 12:12:36,9.302407716540984
2009-07-14 12:12:36,10.413616820969764
2009-07-14 12:12:36,8.952312831745076
2009-07-14 12:12:36,11.942918936265414
2009-07-14 12:12:36,9.62920980463241
2014-11-12 09:06:32,11.248236913033907
2014-11-12 09:06:32,10.379064103643032
2014-11-12 09:06:32,8.627375307985858
2014-11-12 09:06:32,14.674137294503453
2014-11-12 09:06:32,13.723364642455635
2011-04-10 11:57:12,10.148856276049628
2011-04-10 11:57:12,6.8235114525705285
2011-04-10 11:57:12,11.535563518798881
2011-04-10 11:57:12,7.912382605956736
2011-09-20 11:58:52,10.362117460799709
2011-09-20 11:58:52,7.651948224678563
2011-09-20 11:58:52,9.645489470174653
2010-09-24 17:16:16,9.192356638570345
2010-02-12 13:51:28,18.13902523626166
2010-02-12 13:51:28,10.658329349667838
2010-02-12 13:51:28,11.372031997649174
2010-02-12 13:51:28,10.784475048956665
2010-02-12 13:51:28,10.446105536559116
2011-01-03 21:51:28,9.346618211771784
2011-01-03 21:51:28,8.278662229075053
2011-07-26 13:10:56,7.013768105272902
2011-07-26 13:10:56,9.941195817280459
2011-07-26 13:10:56,9.566505155084087
2011-08-18 13:00:16,9.604515926956083
2011-08-18 13:00:16,9.776671401614294
2013-06-20 19:49:52,7.776822835183339
2013-06-20 19:49:52,11.121817323428331
2013-06-20 19:49:52,10.455116265507968
2013-06-20 19:49:52,18.645293667255828
2013-06-20 19:49:52,8.66909724690231
2013-09-25 22:00:00,8.770829460008827
2013-09-25 22:00:00,10.87512863757911
2013-09-25 22:00:00,10.276273334598955
2013-09-25 22:00:00,12.078547483266448
2013-09-25 22:00:00,18.69488292834285
2013-09-25 22:00:00,10.981982806073574
2013-09-25 22:00:00,9.37046123359869
2013-09-25 22:00:00,33.96769594592115
2013-09-25 22:00:00,11.675710170835373
2013-09-25 22:00:00,10.820071130674478
2013-09-25 22:00:00,9.543702539405786
2013-09-25 22:00:00,9.965092135211307
2013-09-25 22:00:00,12.314368079685664
2013-09-25 22:00:00,9.974760145534674
2013-09-25 22:00:00,10.6934645850979
2013-09-25 22:00:00,11.192770839979858
2013-09-25 22:00:00,9.770061517650902
2013-09-25 22:00:00,9.807574224305426
2013-09-25 22:00:00,9.816094877776777
2013-09-25 22:00:00,10.272651417868474
2013-09-25 22:00:00,10.082482990237622
2013-09-25 22:00:00,11.882107255863957
2013-09-25 22:00:00,10.13017691548339
2013-09-25 22:00:00,10.62404021126531
2013-09-25 22:00:00,9.221816601957471
2013-09-25 22:00:00,10.467035631303588
2013-09-25 22:00:00,11.301614573229017
2013-09-25 22:00:00,10.229989236424444
2013-09-25 22:00:00,9.815704613354683
2013-09-25 22:00:00,11.102943087691528
2013-09-25 22:00:00,10.095906549484425
2013-09-25 22:00:00,21.495936716824872
2013-09-25 22:00:00,10.994369238327636
2013-09-25 22:00:00,10.405659092850328
2013-09-25 22:00:00,8.009882043652397
2013-09-25 22:00:00,8.642049959969881
2013-09-25 22:00:00,12.087505107547258
2013-09-25 22:00:00,17.32935998724497
2013-09-25 22:00:00,9.896335743538657
2013-09-25 22:00:00,9.982557960138365
2013-09-25 22:00:00,9.529138904950742
2013-09-25 22:00:00,18.23184248866528
2013-09-25 22:00:00,10.19716764583427
2013-09-25 22:00:00,12.614840056936373
2013-09-25 22:00:00,14.529269110089444
2013-09-25 22:00:00,10.154804971607518
2013-09-25 22:00:00,10.268242221452965
2013-09-25 22:00:00,7.318690806871018
2013-09-25 22:00:00,8.221436856736545
2013-09-25 22:00:00,31.635391443654953
2013-09-25 22:00:00,9.51142536664156
2013-09-25 22:00:00,11.307863963838827
2013-09-25 22:00:00,18.80493471110276
2013-09-25 22:00:00,11.603256164382401
2013-09-25 22:00:00,10.469342727212279
2013-09-25 22:00:00,9.350428408670268
2013-09-25 22:00:00,11.463375810131765
2013-09-25 22:00:00,7.9443504928185575
2013-09-25 22:00:00,10.816691564532448
2013-09-25 22:00:00,10.725561727460445
2013-09-25 22:00:00,14.041967718923843
2013-09-25 22:00:00,13.708142921474064
2013-09-25 22:00:00,14.920473527641661
2013-09-25 22:00:00,11.407847214995854
2013-09-25 22:00:00,8.651022210633528
2013-09-25 22:00:00,14.245492765468953
2013-09-25 22:00:00,12.183470124782616
2013-09-25 22:00:00,11.657451568220495
2013-09-25 22:00:00,11.169109289206972
2013-09-25 22:00:00,12.228454461157526
2013-09-25 22:00:00,9.782695410078304
2013-09-25 22:00:00,11.241614347940413
2013-09-25 22:00:00,13.741133919182175
2013-09-25 22:00:00,11.69193162677766
2013-09-25 22:00:00,8.96981356257129
2013-09-25 22:00:00,11.365167604450107
2013-09-25 22:00:00,7.58221703660638
2013-09-25 22:00:00,9.239747649306082
2013-09-25 22:00:00,12.58741562956493
2013-09-25 22:00:00,9.205683400441558
2013-09-25 22:00:00,32.82760793867965
2013-09-25 22:00:00,10.655570842594898
2013-09-25 22:00:00,15.43386189109333
2013-09-25 22:00:00,12.253431630115301
2013-09-25 22:00:00,10.377692938245673
2013-09-25 22:00:00,11.221112869259741
2013-09-25 22:00:00,16.896397994205472
2013-09-25 22:00:00,13.016271268361379
2013-09-25 22:00:00,9.074555290650096
2013-09-25 22:00:00,10.067947356687
2013-09-25 22:00:00,11.21229570552714
2013-09-25 22:00:00,12.763516340106435
2013-09-25 22:00:00,9.618028919605422
2013-09-25 22:00:00,9.03284856197206
2013-09-25 22:00:00,8.17732267520114
2013-09-25 22:00:00,8.766887729867449
2013-09-25 22:00:00,9.253935625987651
2013-09-25 22:00:00,8.225871461876523
2013-09-25 22:00:00,11.599983333544515
2013-09-25 22:00:00,11.8264579970255
2013-09-25 22:00:00,9.40415630017742
2013-09-25 22:00:00,10.045216432976304
2013-09-25 22:00:00,11.512535470457806
2013-09-25 22:00:00,9.087769973268223
2013-09-25 22:00:00,9.551175263000914
2013-09-25 22:00:00,10.683990431694838
2013-09-25 22:00:00,10.319923431465213
2013-09-25 22:00:00,11.972493978755665
2013-09-25 22:00:00,10.304641790391543
2013-09-25 22:00:00,12.127772777186692
2013-09-25 22:00:00,10.039645595741604
2013-09-25 22:00:00,11.11725185967407
2013-09-25 22:00:00,10.768481200164388
2013-09-25 22:00:00,9.621877501314884
2013-09-25 22:00:00,32.89424770971527
2013-09-25 22:00:00,14.110390645138978
2013-09-25 22:00:00,13.028860752603578
2013-09-25 22:00:00,18.834518777814083
2013-09-25 22:00:00,7.390094174661499
2013-09-25 22:00:00,9.666799086040555
2013-09-25 22:00:00,12.339038908809016
2013-09-25 22:00:00,9.990898295372972
2013-09-25 22:00:00,8.26782914134128
2013-09-25 22:00:00,11.058218300257067
2013-09-25 22:00:00,13.00218456931725
2013-09-25 22:00:00,10.910166554618627
2013-09-25 22:00:00,10.095029521573451
2013-09-25 22:00:00,9.778369561719956
2013-09-25 22:00:00,9.670228621898787
2013-09-25 22:00:00,9.98902520197953
2013-09-25 22:00:00,10.597600938783216
2013-09-25 22:00:00,10.537890693027293
2013-09-25 22:00:00,14.373514242439342
2013-09-25 22:00:00,11.883441900406979
2013-09-25 22:00:00,9.988574793234875
2013-09-25 22:00:00,12.414842504718763
2013-09-25 22:00:00,7.916962795779909
2013-09-25 22:00:00,10.771496395074792
2013-09-25 22:00:00,8.876822232869017
2013-09-25 22:00:00,10.027573853925787
2013-09-25 22:00:00,11.272289552658549
2013-09-25 22:00:00,8.685769984902436
2013-09-25 22:00:00,12.589562275563367
2013-09-25 22:00:00,7.719122342068658
2013-09-25 22:00:00,11.339958922011647
2013-09-25 22:00:00,10.145799145579076
2013-09-25 22:00:00,10.693222693331336
2013-09-25 22:00:00,11.106206434769774
2013-09-25 22:00:00,9.182645259814308
2013-09-25 22:00:00,8.909822123956474
2009-01-15 02:42:48,11.258558682331568
2011-07-06 18:07:44,11.892137064247436
2011-07-06 18:07:44,10.946736531184797
2011-07-06 18:07:44,8.696795600964833
2011-09-08 01:28:24,40.62272413864412
2014-07-11 12:36:08,10.676947193149317
2010-11-04 05:01:44,9.849316697280301
2009-10-04 10:04:12,11.009438405266337
2009-10-04 10:04:12,9.16728267754479
2009-10-04 10:04:12,10.176727392812609
2009-10-04 10:04:12,7.3921012908158445
2013-02-28 12:52:44,10.938379283470567
2013-02-28 12:52:44,7.979907068554894
2013-02-28 12:52:44,9.028892297046696
2013-02-28 12:52:44,7.872157933654307
2013-08-03 07:11:53,13.668549669733693
2015-01-26 23:13:33,13.723538486199686
2012-10-31 11:09:53,9.578930016741651
2012-10-31 11:09:53,10.522637638008746
2011-12-23 23:30:09,13.083885018779256
2015-01-29 11:01:21,11.321787192819102
2015-01-29 11:01:21,9.625253719381362
2014-01-31 11:11:05,10.3768612521053
2014-01-31 11:11:05,11.929100692166685
2014-01-31 11:11:05,8.40041658816699
2014-01-31 11:11:05,7.431190139106548
2014-01-31 11:11:05,10.799597221892327
2015-02-20 11:08:29,10.031689009723777
2015-02-20 11:08:29,12.509484665057244
2015-02-20 11:08:29,10.128133645017442
2015-02-20 11:08:29,8.798086705806782
2015-02-20 11:08:29,10.473336086399286
2014-08-31 04:03:29,10.682654942651425
2014-08-01 18:38:09,9.720217066047553
2014-08-01 18:38:09,9.826687983244483
2009-05-16 14:53:41,11.85261315837488
2009-05-16 14:53:41,9.639057578002394
2009-12-17 06:28:05,11.389101043949267
2009-12-17 06:28:05,6.907473457265951
2009-12-17 06:28:05,9.472650774903741
2010-02-23 17:25:09,8.655742026638109
2010-02-23 17:25:09,12.14439777275038
2012-07-30 16:54:49,11.634324781492978
2012-07-30 16:54:49,15.431184730447058
2012-07-30 16:54:49,9.133479119736876
2012-07-30 16:54:49,11.400195922864441
2012-07-30 16:54:49,11.853634139764836
2013-08-26 11:47:37,10.709476614876621
2013-08-26 11:47:37,11.093099995057855
2013-08-26 11:47:37,15.982220916357619
2013-03-06 23:49:53,9.111524847245164
2013-03-06 23:49:53,10.471060551742994
2013-03-06 23:49:53,7.99092573939015
2013-03-06 23:49:53,10.726265094752307
2013-03-06 23:49:53,16.150007927662955
2013-03-06 23:49:53,11.647990769813987
2010-10-30 13:31:13,9.30651978404785
2010-10-30 13:31:13,11.025587076175725
2010-10-30 13:31:13,7.583159509958932
2010-10-30 13:31:13,11.208293374857021
2012-03-25 16:56:01,10.93504934363591
2012-03-25 16:56:01,9.107468507703743
2013-10-17 22:21:57,9.536199242482326
2013-10-17 22:21:57,9.551990866417327
2013-10-17 22:21:57,13.400836084136245
2013-10-17 22:21:57,19.585668569910922
2010-09-15 16:44:25,14.748406377057108
2010-09-15 16:44:25,13.416255435575295
2010-09-15 16:44:25,10.424808718424174
2014-05-09 00:30:41,10.013264937146232
2014-05-09 00:30:41,15.564075104131916
2014-05-09 00:30:41,13.90319382474263
2010-12-11 17:32:33,10.619928956421063
2010-06-14 05:10:09,8.782063423988802
2012-03-05 13:24:37,11.445553097313677
2012-03-05 13:24:37,10.473629192212684
2011-03-03 07:09:09,11.503110062491032
2011-03-03 07:09:09,10.501178934755444
2010-07-01 22:11:33,9.673135122106032
2010-07-01 22:11:33,9.654335829853153
2010-07-01 22:11:33,9.251671909587458
2012-01-07 21:39:05,9.345528547979484
2010-08-22 12:30:21,8.74708901021586
2010-08-22 12:30:21,11.019906533221729
2012-05-26 00:31:25,21.525922276226993
2011-12-16 09:20:01,10.416826473272522
2012-01-26 20:09:45,13.393801826665367
2012-01-26 20:09:45,10.197848336356401
2012-01-26 20:09:45,9.665116760010278
2012-01-26 20:09:45,10.904218853649581
2010-02-03 11:33:29,11.945187518471357
2010-02-03 11:33:29,11.025972048704716
2014-10-07 11:52:13,17.117755139975998
2014-10-07 11:52:13,10.912289457319275
2014-10-07 11:52:13,9.152670091862092
2014-10-07 11:52:13,11.40116301497801
2014-10-07 11:52:13,8.978211237372307
2014-10-07 11:52:13,11.373425815931114
2013-05-06 23:46:25,10.043967066823825
2015-06-13 19:17:09,11.01791862045502
2015-06-13 19:17:09,10.700725290846094
2015-06-13 19:17:09,11.381734056052665
2015-06-13 19:17:09,11.121474158286219
2015-06-13 19:17:09,9.637237023489433
2011-06-29 00:15:21,6.327327457443971
2011-06-29 00:15:21,9.38545261800573
2011-06-29 00:15:21,7.747972691142422
2009-11-28 13:50:17,9.801216179384937
2009-11-28 13:50:17,8.55387315598091
2010-05-02 12:05:45,10.451604163612501
2009-10-12 14:18:01,10.57375642212719
2015-01-13 12:07:53,7.27949244422598
2015-01-13 12:07:53,9.946055632950447
2015-01-13 12:07:53,10.419149442825073
2015-01-13 12:07:53,7.311842705679737
2015-01-13 12:07:53,8.017795079807911
2015-03-04 21:42:57,7.241762141678919
2015-03-04 21:42:57,11.207061338533094
2015-03-04 21:42:57,10.555150467753265
2015-03-04 21:42:57,11.159128500699808
2015-03-04 21:42:57,12.094648401960512
2015-03-04 21:42:57,8.335721495994221
2015-03-04 21:42:57,9.607441085936443
2015-03-04 21:42:57,9.961551330488874
2015-03-04 21:42:57,11.173779086462673
2012-01-31 09:15:49,10.0978891195482
2012-01-31 09:15:49,9.521478835533344
2012-01-31 09:15:49,10.363380675607914
2012-01-31 09:15:49,7.3454386822013475
2012-01-31 09:15:49,18.16560636214672
2011-03-22 12:59:49,10.005755842861618
2011-03-22 12:59:49,10.214540036497056
2011-03-22 12:59:49,9.336129528726815
2014-10-05 17:21:45,10.90681482043874
2013-07-05 00:58:17,18.632801812951584
2013-07-05 00:58:17,16.385479344142368
2010-09-28 21:50:05,8.231769602161876
2010-09-28 21:50:05,24.620715549173838
2010-09-28 21:50:05,9.09637425397159
2010-09-28 21:50:05,10.256704547598929
2010-09-28 21:50:05,9.131968438308832
2012-05-25 09:21:17,11.727960609056026
2012-05-25 09:21:17,7.023303203011892
2012-05-25 09:21:17,11.18709689096795
2010-01-30 00:57:21,10.923945934666335
2010-01-30 00:57:21,12.123089418902964
2009-10-16 16:14:41,8.414367205201415
2009-10-16 16:14:41,10.227949215441186
2009-10-16 16:14:41,11.39006156475807
2012-04-02 08:39:21,8.341087933948074
2012-04-02 08:39:21,9.00246531198718
2009-09-04 06:54:49,8.599577063951074
2012-08-29 09:53:33,10.506505899094918
2012-08-29 09:53:33,10.532132115664353
2011-03-13 05:34:57,10.929213126808463
2010-10-22 00:49:05,17.572965813296832
2010-09-12 22:12:53,11.362288442962381
2014-09-13 04:51:21,15.155642878555227
2014-09-13 04:51:21,17.647782068906963
2010-08-17 07:59:05,10.001376169533614
2010-08-17 07:59:05,10.368304651172366
2010-08-17 07:59:05,11.166174022451742
2011-03-06 23:14:17,14.84287994654369
2014-06-19 08:41:17,10.985791294771843
2014-06-19 08:41:17,10.87483304385023
2014-06-19 08:41:17,11.271413135384137
2014-06-19 08:41:17,11.699230262749552
2014-06-19 08:41:17,9.648561198267998
2014-06-19 08:41:17,11.355243827132654
2015-02-26 23:20:13,9.25152805063226
2015-02-26 23:20:13,9.356323839449033
2015-02-26 23:20:13,15.080963786438588
2015-02-26 23:20:13,12.396075109907542
2015-02-26 23:20:13,9.766647542119244
2015-02-26 23:20:13,20.449695978832096
2015-02-26 23:20:13,10.192220628472569
2015-02-26 23:20:13,8.78265155333429
2013-10-09 15:11:41,11.125184654987606
2013-10-09 15:11:41,7.018329512286073
2013-10-09 15:11:41,10.99099370001204
2011-09-01 09:53:49,9.51990192879748
2011-09-01 09:53:49,9.949120329922152
2011-09-01 09:53:49,11.070974724672851
2011-09-01 09:53:49,8.52004120629499
2011-11-28 14:13:37,8.664408148537404
2011-11-28 14:13:37,9.023162220644735
2010-09-28 00:16:53,10.457045756853404
2010-09-28 00:16:53,10.385293471652403
2010-09-28 00:16:53,11.070743422624219
2013-08-30 11:20:21,9.602460012403753
2013-08-30 11:20:21,10.729178687040985
2013-09-19 21:24:21,11.958760681956846
2013-09-19 21:24:21,10.818044631325392
2012-07-01 22:30:29,11.93368443964755
2013-01-19 08:04:21,10.46852411529835
2011-07-02 00:38:01,12.333650960797968
2011-07-02 00:38:01,12.336111901500772
2014-02-08 17:24:57,12.91344134564497
2010-01-13 01:56:57,9.695647419946908
2014-01-05 12:00:13,11.590535406950949
2014-01-05 12:00:13,10.805721280543366
2014-01-05 12:00:13,11.226576974568161
2014-01-05 12:00:13,9.120181087218953
2014-01-05 12:00:13,10.33975368845131
2014-01-05 12:00:13,8.408659367531072
2011-02-04 09:12:53,10.432280925535451
2011-02-04 09:12:53,9.437712066475797
2011-02-04 09:12:53,9.081556910588915
2011-02-04 09:12:53,8.75637247999839
2012-03-08 12:33:25,8.98287245733627
2012-03-08 12:33:25,13.127994473194121
2012-03-08 12:33:25,10.944490801548454
2012-03-08 12:33:25,11.070544657370192
2009-07-31 18:15:57,7.029042436202872
2009-07-10 20:17:05,9.014767561577173
2009-07-10 20:17:05,6.71574948032503
2010-11-05 14:33:37,26.791980047035395
2010-11-05 14:33:37,8.21442450084578
2010-11-05 14:33:37,9.940586111912125
2010-11-05 14:33:37,8.905739118639758
2010-03-09 08:49:13,9.892564007863257
2010-03-09 08:49:13,9.879748930026835
2010-03-09 08:49:13,9.844270728719493
2010-08-21 21:56:25,10.233001114977014
2011-07-27 09:24:33,11.209808808767775
2011-07-27 09:24:33,10.285405996979534
2011-07-27 09:24:33,10.39608489118109
2011-07-27 09:24:33,11.720202673132007
2011-07-27 09:24:33,0.6516385212780733
2010-10-09 17:11:17,9.213146784815763
2014-01-16 23:24:37,10.704291338557596
2009-09-25 15:13:57,18.929867919447133
2009-09-25 15:13:57,9.252692991602089
2009-09-25 15:13:57,11.545202996509033
2009-09-25 15:13:57,10.542036773518703
2009-12-13 20:44:37,10.516087929499918
2009-12-13 20:44:37,10.50330238882816
2009-12-13 20:44:37,11.052670487415526
2009-12-13 20:44:37,8.93979558868159
2010-05-26 21:31:05,9.802948724756789
2010-05-26 21:31:05,9.845445659280813
2010-05-26 21:31:05,11.074365587215652
2010-05-26 21:31:05,8.39453988376772
2010-05-26 21:31:05,10.684493166187167
2010-05-03 08:36:41,9.166177866016369
2010-05-03 08:36:41,13.72098905292114
2010-05-03 08:36:41,9.192537590064603
2010-05-03 08:36:41,9.379641328105208
2009-06-22 08:08:29,10.219737545317912
2009-06-22 08:08:29,9.233552598134338
2009-01-20 17:38:05,8.721081201405468
2009-01-20 17:38:05,7.088777905808456
2009-01-20 17:38:05,10.503804849573498
2009-01-20 17:38:05,10.686845904061556
2009-01-20 17:38:05,18.350322625861736
2013-02-04 16:08:01,9.178893504682492
2013-02-04 16:08:01,10.390277449034329
2009-07-22 09:50:25,10.470543734558305
2009-07-22 09:50:25,11.637325113708357
2009-07-22 09:50:25,9.325612490018102
2013-07-17 06:50:17,10.314416739131048
2011-01-24 20:18:49,9.91678266584313
2011-01-24 20:18:49,9.937002264447074
2011-01-24 20:18:49,9.68934122598148
2012-04-25 17:29:21,10.580182214978777
2012-04-25 17:29:21,8.002460107702063
2012-04-25 17:29:21,10.995969608888117
2012-04-25 17:29:21,11.014368396112332
2010-01-23 14:32:17,10.998599439872123
2010-01-23 14:32:17,10.888708538777792
2012-03-07 01:22:57,11.189132944433368
2012-03-07 01:22:57,11.849650813883272
2012-06-02 01:16:05,8.781308118206653
2012-06-02 01:16:05,20.58034797334949
2011-02-18 20:57:57,8.14883363269837
2011-02-18 20:57:57,10.041630557807366
2011-02-18 20:57:57,10.980263456576722
2010-11-03 17:52:21,11.278422929020962
2011-10-20 13:46:33,10.217435308833956
2011-10-20 13:46:33,32.085323759762105
2013-11-29 15:09:45,11.638392776007095
2013-11-29 15:09:45,9.592976350995741
2015-06-24 07:28:01,7.4865315077495325
2015-06-24 07:28:01,1.6549877587876836
2015-06-24 07:28:01,9.532915468927968
2015-06-24 07:28:01,10.371239801297634
2015-06-24 07:28:01,10.0282687499639
2010-03-27 11:29:05,8.899391741771979
2010-03-27 11:29:05,9.02489595181396
2010-03-27 11:29:05,11.516023038569983
2014-06-09 11:18:25,11.562225915698946
2014-06-09 11:18:25,9.502438727915433
2014-06-09 11:18:25,8.875941028105444
2014-06-09 11:18:25,9.535058692203165
2014-06-09 11:18:25,9.755987428268782
2012-08-08 09:47:53,11.82879569420038
2012-08-08 09:47:53,11.815237175596849
2012-08-08 09:47:53,10.236499298089257
2014-10-28 12:23:09,9.758579868946981
2014-10-28 12:23:09,9.731897536968972
2014-10-28 12:23:09,8.492464942712104
2014-10-28 12:23:09,8.99135832727552
2014-10-28 12:23:09,9.233566713830442
2013-04-04 02:55:13,10.785945005814938
2011-07-11 20:43:33,13.36823713132435
2011-07-11 20:43:33,9.84938555091503
2013-02-23 14:25:29,9.85309149297791
2010-01-30 18:58:33,11.226533731325617
2010-01-30 18:58:33,9.958869203062932
2010-01-30 18:58:33,11.176031565821177
2010-01-30 18:58:33,9.034278998391528
2010-01-30 18:58:33,10.256255373420572
2013-10-07 11:12:33,12.335414888406376
2013-10-07 11:12:33,11.140305976889067
2013-10-07 11:12:33,8.136338321199219
2012-10-08 12:29:21,9.51158496005337
2014-08-22 06:49:41,12.33372490160582
2014-08-22 06:49:41,11.588508976659796
2014-04-26 22:02:17,10.125651511740216
2010-05-13 08:48:41,18.263645363782416
2010-05-13 08:48:41,10.9216758198545
2010-05-13 08:48:41,10.04246048834284
2010-05-13 08:48:41,10.528371607788358
2014-06-22 14:49:13,10.802989758723925
2014-06-22 14:49:13,7.5866706154683925
2013-01-22 14:06:33,12.620937568226509
2013-01-22 14:06:33,9.230897406878285
2013-01-22 14:06:33,10.442745594915323
2013-01-22 14:06:33,26.890174192969425
2010-10-08 11:25:09,9.531110327208808
2010-10-08 11:25:09,11.203527191168178
2015-03-14 02:23:17,11.676881785224396
2015-03-14 02:23:17,15.229644575025304
2015-03-14 02:23:17,10.782749637484812
2015-03-14 02:23:17,9.974451447433239
2014-09-20 00:55:21,9.471502156044153
2014-09-25 20:52:09,10.64474240846539
2014-09-25 20:52:09,8.688781021453906
2014-09-25 20:52:09,9.704479393711154
2014-09-25 20:52:09,10.574407250174772
2014-09-25 20:52:09,11.491986348197315
2014-09-25 20:52:09,9.140264337729604
2013-08-20 09:05:33,9.836851944128284
2012-01-19 00:39:29,12.131656395809841
2009-12-23 09:09:21,10.794872870330437
2009-12-23 09:09:21,10.873664984737843
2009-12-23 09:09:21,8.548287898018316
2012-12-15 06:35:45,14.203124060555638
2012-12-15 06:35:45,25.61562621140547
2012-12-15 06:35:45,10.782315512398782
2013-09-30 07:03:29,11.847894726697632
2014-06-10 11:21:37,10.798572849418633
2014-06-10 11:21:37,11.038673677870975
2015-05-30 05:00:57,6.8205205076174025
2015-05-30 05:00:57,11.789949763691766
2014-04-15 08:04:25,9.788702912310328
2014-04-15 08:04:25,9.785069098239546
2012-09-04 21:59:45,10.338664940272793
2012-06-23 19:15:29,11.510821500685779
2014-09-23 18:20:01,8.570813394611832
2014-09-23 18:20:01,11.735232778035424
2011-06-30 21:50:17,10.690292445657178
2011-06-30 21:50:17,10.794679238988465
2011-06-30 21:50:17,11.052048617373657
2011-06-30 21:50:17,15.60248157764181
2011-06-30 21:50:17,8.102814411247891
2011-06-30 21:50:17,11.614128329960295
2013-04-09 08:59:41,8.860751643331241
2013-02-14 03:56:45,10.540486362551746
2009-02-23 21:09:17,9.495757690010578
2009-02-23 21:09:17,10.785300897239722
2009-02-23 21:09:17,10.715098682881944
2013-04-05 20:47:57,9.909131476873881
2013-04-05 20:47:57,9.040410932431769
2013-04-05 20:47:57,10.468404783301594
2013-03-11 06:58:05,8.880731851746532
2012-01-05 05:51:01,11.94922164239324
2009-05-11 10:47:33,11.036460219667788
2014-02-22 02:07:01,12.81958154442691
2014-02-22 02:07:01,11.554371166632336
2014-02-22 02:07:01,16.081622605062876
2014-02-22 02:07:01,12.213720128984278
2014-02-22 02:07:01,11.166142806539938
2013-07-25 01:56:37,8.207711486304106
2013-07-25 01:56:37,11.616381635772996
2013-10-15 08:16:21,9.25570922263978
2014-08-26 23:35:49,18.020496930503214
2014-08-26 23:35:49,13.385763247270006
2014-08-26 23:35:49,9.331473138270667
2009-08-28 23:01:41,10.445478365203599
2009-08-28 23:01:41,10.090136220012937
2009-08-28 23:01:41,11.480187799665146
2009-08-28 23:01:41,33.13738590032699
2009-08-07 07:07:37,9.67155234105121
2009-08-07 07:07:37,10.191412011417924
2009-08-07 07:07:37,9.97357836851188
2013-11-11 13:49:53,26.663155539245054
2013-11-11 13:49:53,10.374830107615708
2013-11-11 13:49:53,8.292842711944104
2013-11-11 13:49:53,11.272720401888364
2013-11-11 13:49:53,11.349872726807007
2013-11-11 13:49:53,10.42129002461661
2012-08-11 19:58:29,9.749933292196147
2012-08-11 19:58:29,10.249611699038724
2012-08-11 19:58:29,8.682155261209118
2012-08-11 19:58:29,13.626209336749525
2011-06-29 06:25:41,16.045485899465348
2014-10-19 15:14:45,9.6302034634773
2014-12-16 13:40:25,7.826167037768755
2014-12-16 13:40:25,8.744978933125822
2010-06-11 13:37:21,43.45908740172672
2010-06-11 13:37:21,11.54185938827868
2010-06-11 13:37:21,9.550160353457613
2012-12-09 22:30:13,20.106715436808372
2012-12-09 22:30:13,11.927939030392736
2010-06-21 20:21:45,14.007943071001137
2011-05-11 19:56:09,8.393234299852338
2013-06-17 06:37:49,11.046879085157343
2009-07-29 07:52:01,10.53188135029086
2009-07-29 07:52:01,8.792638731640182
2009-07-29 07:52:01,10.077680407161097
2009-07-29 07:52:01,11.396851020817849
2014-08-08 00:02:41,10.83944074707506
2014-08-08 00:02:41,7.285287895643705
2014-08-08 00:02:41,14.250471036490126
2009-02-19 09:17:21,11.629671995206081
2013-09-12 12:50:13,8.144106322735752
2013-09-12 12:50:13,10.303790282445334
2013-09-12 12:50:13,41.599409846219714
2013-09-12 12:50:13,8.90405908572211
2011-06-26 03:33:25,12.23621265946349
2013-09-28 09:59:33,11.708286849769138
2013-09-28 09:59:33,11.831870055950276
2010-04-20 07:32:21,9.460091328875933
2010-04-20 07:32:21,16.335018267396663
2011-04-16 06:38:33,9.065712501156668
2011-09-18 18:33:13,8.32148695793876
2011-09-18 18:33:13,9.61296509874228
2014-03-04 16:24:45,11.484847866646305
2014-03-04 16:24:45,9.081448817327328
2013-08-03 15:48:29,9.75622774582007
2012-06-21 19:47:25,11.625975197523076
2012-06-21 19:47:25,8.265007783331384
2012-06-21 19:47:25,10.471654629543991
2014-03-10 12:25:21,9.1451719355573
2014-03-10 12:25:21,8.438653651797722
2014-03-10 12:25:21,10.619735419752033
2014-11-10 10:52:41,11.64584982762426
2014-11-10 10:52:41,10.096147070376901
2010-10-17 23:04:25,9.214098532091157
2009-12-22 15:59:53,10.91660672641774
2009-12-22 15:59:53,10.254764180413986
2009-12-22 15:59:53,9.59244179603047
2014-05-08 21:23:41,7.829745935516257
2014-05-08 21:23:41,11.044171432577059
2014-05-08 21:23:41,11.056649999529327
2014-05-08 21:23:41,11.94788092354247
2009-10-28 17:56:45,9.878779079146625
2009-10-28 17:56:45,12.030435168242548
2014-07-10 07:03:29,9.425729735885398
2014-07-10 07:03:29,11.673339506465709
2012-07-15 03:53:37,16.414252484961253
2010-03-31 05:33:53,9.725120932489517
2010-03-31 05:33:53,23.617603838840296
2010-07-06 20:52:53,10.784062975028064
2010-07-06 20:52:53,11.116284469562743
2010-07-06 20:52:53,11.96486244434891
2013-06-10 11:29:13,9.07854705079626
2013-06-10 11:29:13,10.381905958010975
2013-06-10 11:29:13,11.316236173357538
2013-06-10 11:29:13,8.254035515392388
2013-06-10 11:29:13,9.567349369808653
2015-04-25 01:06:17,9.639718473052199
2015-04-25 01:06:17,9.577265485204407
2015-04-25 01:06:17,11.091278324738596
2015-04-25 01:06:17,11.425702853326584
2015-04-25 01:06:17,16.162836759351194
2011-05-27 14:47:09,11.739516946150616
2011-05-27 14:47:09,12.168872341590031
2011-05-27 14:47:09,9.606837471574181
2011-05-27 14:47:09,13.111661209815793
2012-10-28 13:55:57,10.187580413705291
2011-06-12 01:07:57,8.612338079488836
2011-06-12 01:07:57,9.709710734281543
2014-12-11 15:20:49,29.455214537854772
2014-12-11 15:20:49,11.623711792053655
2011-06-19 04:08:49,10.933358618884085
2015-06-02 09:11:17,8.717401391852036
2015-06-02 09:11:17,12.072488897494623
2015-06-02 09:11:17,8.348262167075518
2015-06-02 09:11:17,11.87260923125723
2015-06-02 09:11:17,11.371881499271694
2014-05-09 02:23:21,9.50483183657525
2011-10-08 12:54:49,10.366950908141007
2011-10-08 12:54:49,10.74268315120571
2009-06-02 08:34:33,7.536523243292322
2009-06-02 08:34:33,9.826213302814722
2010-12-09 17:21:29,11.707195136963492
2013-06-22 01:59:25,10.554574589468757
2014-12-07 19:56:45,11.111336582260265
2014-12-07 19:56:45,9.4948391513135
2013-12-04 17:40:13,11.219458429684892
2013-12-04 17:40:13,8.469976146760018
2013-12-04 17:40:13,8.730103979394698
2013-12-04 17:40:13,10.617869852358126
2013-12-04 17:40:13,7.690171775429917
2013-12-04 17:40:13,7.732715450310934
2013-12-04 17:40:13,17.62385969355455
2014-07-20 17:05:09,11.112527977311402
2010-12-15 08:39:33,10.40671254325207
2010-12-15 08:39:33,9.812685113611224
2010-12-15 08:39:33,26.682313447754495
2010-12-15 08:39:33,10.611808772975564
2011-02-07 08:56:09,9.301384522081207
2012-05-26 11:54:53,11.52941418442424
2012-04-24 17:57:05,9.911375125981067
2012-04-24 17:57:05,17.918331032340575
2012-04-24 17:57:05,10.40119198973116
2014-01-11 19:20:17,11.603993439259284
2015-01-05 21:43:13,11.320239448477878
2015-01-05 21:43:13,10.296003563713384
2013-04-23 13:19:17,9.05373508572302
2013-04-23 13:19:17,12.030498536289087
2011-07-19 22:20:41,12.639215444256479
2012-03-18 02:27:41,11.443079550408584
2012-03-18 02:27:41,11.628990944978796
2009-01-19 19:48:17,8.222198281015153
2011-06-21 22:19:45,8.85186706609602
2011-06-21 22:19:45,7.377569786087406
2011-06-21 22:19:45,8.446566214643099
2012-02-10 06:28:17,10.890373103093225
2013-01-13 00:20:53,9.514978941626396
2013-01-13 00:20:53,10.532142196412678
2015-03-28 09:52:37,7.198571058623202
2015-03-28 09:52:37,10.94672120875839
2015-05-02 15:18:33,9.757577327422041
2015-05-02 15:18:33,10.535748607513597
2015-05-02 15:18:33,8.852847142723476
2015-05-02 15:18:33,11.231331963677803
2015-05-02 15:18:33,8.75734105489937
2015-05-02 15:18:33,19.582681750256597
2015-05-02 15:18:33,8.584223137588197
2012-01-01 00:37:29,17.880788673075585
2012-01-01 00:37:29,11.037500904243643
2012-01-01 00:37:29,7.292171055778454
2012-01-01 00:37:29,12.118737981414597
2010-06-24 19:32:25,11.028463163565903
2010-06-24 19:32:25,12.552402712593903
2010-04-25 09:00:01,10.431303529738216
2010-04-25 09:00:01,8.471116253373111
2009-08-11 21:41:09,14.305866122669613
2012-06-12 07:19:17,10.150073162407352
2012-06-12 07:19:17,9.577934320614077
2011-12-30 11:16:05,11.878894901228705
2011-12-30 11:16:05,10.788178230024641
2011-12-30 11:16:05,9.452037812463459
2011-12-30 11:16:05,9.246140774599553
2013-11-28 13:17:13,9.358372201308157
2010-06-14 20:51:37,9.985908710023068
2010-06-14 20:51:37,12.01196253391754
2012-06-10 00:46:17,12.127655269661773
2012-06-10 00:46:17,8.249944963541566
2013-02-10 19:51:53,10.465859265326799
2013-02-10 19:51:53,11.350356937944525
2010-02-20 04:04:13,9.01799049107467
2010-02-20 04:04:13,9.616384935363385
2010-02-20 04:04:13,8.462619882295257
2014-01-01 16:33:01,10.97832824323632
2014-01-01 16:33:01,11.710889531905195
2014-01-01 16:33:01,9.770829300608966
2014-01-01 16:33:01,10.070182823899813
2013-06-04 08:06:57,9.925483813560277
2013-06-04 08:06:57,11.011633334495855
2013-06-04 08:06:57,8.809119045099578
2013-06-04 08:06:57,11.642079629782529
2013-06-04 08:06:57,6.972774112804473
2012-07-13 08:45:21,13.422335414892586
2012-07-13 08:45:21,10.935577424457733
2012-07-13 08:45:21,8.347475533251782
2012-07-13 08:45:21,11.024354173916436
2014-06-09 13:01:21,11.407954993021121
2014-06-09 13:01:21,10.685095804132288
2010-10-01 13:11:05,10.58001734350728
2010-10-01 13:11:05,6.565914021004573
2010-10-01 13:11:05,17.338263228726646
2010-02-27 22:55:09,11.185192830627784
2010-02-27 22:55:09,16.6220076751124
2012-11-23 05:37:53,14.064951487838698
2009-10-05 15:41:37,10.185093099487858
2009-12-01 02:33:57,10.2352437283771
2013-04-30 14:43:33,9.172780525186681
2013-04-30 14:43:33,10.603315136464516
2013-04-30 14:43:33,8.959945672721005
2015-05-17 04:17:33,8.938761775894818
2015-05-17 04:17:33,10.404052793734081
2015-05-17 04:17:33,11.766819320399009
2015-05-17 04:17:33,9.511307741022392
2014-07-26 23:31:41,9.045508326724303
2009-11-07 16:37:49,7.428031902603834
2009-11-07 16:37:49,8.509629104257328
2009-11-07 16:37:49,33.89383549157901
2009-11-07 16:37:49,8.34068427197235
2012-11-07 12:46:29,7.497723080965443
2012-11-07 12:46:29,9.539087593420845
2012-11-07 12:46:29,6.61359236507451
2011-01-07 09:25:57,8.410404257663686
2011-01-07 09:25:57,7.83680610546071
2012-07-18 16:28:21,9.121935959328766
2009-12-17 10:33:45,8.620341870240736
2009-12-17 10:33:45,6.8299811769011285
2009-12-17 10:33:45,10.968459752732088
2009-12-17 10:33:45,10.35002654357777
2013-03-08 19:03:09,11.499991384389432
2013-03-08 19:03:09,9.859641976619969
2011-03-11 23:36:13,8.305569251157067
2011-03-11 23:36:13,8.522887790255481
2011-03-11 23:36:13,8.622492362042976
2011-03-11 23:36:13,9.768727694856352
2009-12-10 22:45:01,11.456630923001285
2009-12-10 22:45:01,11.02961376516214
2009-12-10 22:45:01,6.992304980389235
2009-12-10 22:45:01,8.519938453478971
2012-07-13 11:00:05,15.714477294319295
2012-07-13 11:00:05,10.606132004068058
2012-07-13 11:00:05,24.911329125063276
2012-07-13 11:00:05,10.47033537281277
2012-07-21 17:57:17,7.506716179977957
2009-04-23 02:42:05,8.666875031305608
2009-04-23 02:42:05,11.242912718504158
2012-11-03 23:49:17,10.97288882612338
2012-11-03 23:49:17,11.365382537729602
2012-11-03 23:49:17,10.860984266246305
2012-11-03 23:49:17,7.864561724330997
2012-02-21 20:07:25,12.526009132277977
2012-02-21 20:07:25,12.303285992555175
2012-03-26 05:24:13,12.690730324928154
2010-02-01 20:28:45,8.314497682356887
2010-02-01 20:28:45,9.213107360828872
2010-02-01 20:28:45,7.337150987577843
2009-09-26 04:36:49,10.127373247489231
2009-01-29 15:29:09,15.121369266167676
2009-01-29 15:29:09,10.078704345718506
2009-12-29 02:06:33,9.795471870187612
2009-12-29 02:06:33,9.783250195554501
2010-09-06 00:39:05,10.109087257233114
2012-09-08 21:13:49,9.43640351499198
2012-09-08 21:13:49,12.167505355968387
2012-09-08 21:13:49,8.515036398661323
2012-09-08 21:13:49,10.563080818092203
2010-11-04 16:19:25,10.528786748400307
2009-12-08 07:36:17,11.114926092737733
2009-12-08 07:36:17,10.657730283979618
2012-08-30 20:32:49,8.78985770910731
2013-06-08 16:55:13,9.374509503639274
2013-06-08 16:55:13,9.404365207752562
2014-07-01 11:05:21,10.718392686978405
2014-07-01 11:05:21,10.651683051000873
2013-08-19 16:21:05,10.203580714209238
2014-12-26 21:10:45,11.417863619481068
2012-10-25 16:20:37,11.853305183667544
2012-10-25 16:20:37,14.2413645389679
2013-08-14 11:02:17,9.540750553544058
2013-08-14 11:02:17,10.406772686828845
2010-10-01 01:22:01,11.572676901381783
2012-12-07 19:33:49,30.738099817579496
2012-12-07 19:33:49,9.073024483985137
2011-07-11 01:40:45,12.071777866163757
2013-07-18 01:45:01,10.703888647734857
2013-07-18 01:45:01,8.298737254346634
2009-06-25 10:29:21,11.696479418335002
2009-06-25 10:29:21,9.403188534457513
2012-07-31 20:04:53,11.309180439797274
2012-07-31 20:04:53,10.103316383132551
2012-07-31 20:04:53,11.281020072665342
2012-07-31 20:04:53,9.945266891725623
2010-11-15 22:25:13,11.491926145905381
2015-06-08 05:02:45,8.104559155166498
2015-06-08 05:02:45,13.457109674031017
2013-12-08 20:26:29,9.206791329608677
2013-12-08 20:26:29,10.964830957203958
2013-12-08 20:26:29,12.44866382021064
2009-05-10 00:24:57,12.170887083982961
2009-05-10 00:24:57,10.028364087460432
2009-05-10 00:24:57,10.941688079834421
2009-05-10 00:24:57,9.387326624957495
2009-05-10 00:24:57,11.184415334942969
2009-02-28 10:19:41,8.841218172736262
2009-02-28 10:19:41,9.802020090872247
2011-08-19 17:42:57,7.826962941222519
2011-08-19 17:42:57,11.529410341910989
2014-06-05 22:56:05,10.86701585906303
2014-06-05 22:56:05,11.478155162976691
2014-06-05 22:56:05,32.74228651393241
2014-06-05 22:56:05,7.840707981909873
2014-06-05 22:56:05,12.627293137151355
2014-06-05 22:56:05,14.719971753867867
2014-07-16 18:33:41,7.593349931885314
2014-07-16 18:33:41,9.074786194421904
2014-07-16 18:33:41,10.889455951273703
2009-07-14 22:41:09,11.592854286527654
2009-07-14 22:41:09,7.664925955708895
2009-07-14 22:41:09,24.688186324367052
2013-11-21 14:19:21,9.204310486651593
2015-01-02 11:55:57,10.86992328010274
2015-01-02 11:55:57,9.978172540108062
2015-01-02 11:55:57,10.04628484019122
2015-01-02 11:55:57,8.886603558279603
2011-09-26 22:26:57,7.748623969528126
2015-04-14 01:41:05,10.94095985248532
2013-05-14 16:23:49,8.274887161232982
2013-05-14 16:23:49,12.469129651772164
2013-11-23 22:19:37,10.574489156668278
2013-11-23 22:19:37,10.842676776281223
2014-07-14 16:18:37,11.607857247712673
2010-07-30 12:04:17,7.283285539118879
2010-07-30 12:04:17,9.818205266987206
2011-07-27 21:48:49,9.571235139150303
2011-07-27 21:48:49,10.9226368893178
2014-03-18 19:55:17,11.326523276045918
2014-03-18 19:55:17,10.00462649983092
2014-03-18 19:55:17,8.901491382261156
2014-07-28 21:44:21,9.451849203727761
2009-05-23 07:56:37,10.100367017368626
2010-06-05 23:05:25,15.03827144880779
2010-06-05 23:05:25,10.963006968533591
2010-06-05 23:05:25,9.927359356652232
2010-06-05 23:05:25,12.024161314657249
2010-06-05 23:05:25,10.651389157676022
2012-07-01 19:59:49,11.21082543933153
2015-06-07 17:23:09,8.024314456104548
2015-06-07 17:23:09,10.387648729247303
2015-06-07 17:23:09,8.760604512412101
2015-06-07 17:23:09,10.623441336423639
2013-03-10 07:31:45,11.31658129155403
2011-03-24 17:44:01,7.592312833927281
2011-03-24 17:44:01,10.123232126808944
2014-03-28 21:55:17,9.396979119650496
2014-03-28 21:55:17,8.339638972192915
2014-03-28 21:55:17,7.835608013525416
2014-03-28 21:55:17,11.675224965030793
2013-04-28 20:00:05,32.455679228363806
2013-04-28 20:00:05,10.161281153652453
2013-04-28 20:00:05,10.09885909094919
2013-04-28 20:00:05,11.952627479406146
2012-04-27 18:37:09,8.568100000280538
2012-04-27 18:37:09,7.458723950383501
2012-04-27 18:37:09,9.557009916554307
2014-04-05 18:11:33,10.149080144690743
2013-11-07 22:25:25,11.125906343757379
2010-06-19 03:06:33,10.202914622906974
2012-06-30 03:53:29,22.478071879640993
2012-06-30 03:53:29,14.586013940555858
2011-09-15 02:11:49,15.877243774350063
2011-09-15 02:11:49,15.0368259109473
2012-08-08 04:45:25,27.297376617689224
2011-05-19 16:01:41,9.550073241740392
2011-05-19 16:01:41,11.606766277422139
2011-05-19 16:01:41,11.10317286222562
2011-05-19 16:01:41,16.629637149069822
2009-12-27 04:00:09,13.65075705432173
2010-01-11 12:38:33,10.759953208254956
2010-01-11 12:38:33,9.388873687190426
2010-01-11 12:38:33,9.209614272767794
2010-01-11 12:38:33,10.389782285557885
2010-01-11 12:38:33,9.253194982378773
2010-10-16 09:26:33,6.073885095391233
2010-10-16 09:26:33,10.837968117482887
2014-07-25 18:06:37,9.925480712652643
2014-07-25 18:06:37,10.85821087189288
2014-07-25 18:06:37,11.414142803059804
2014-07-25 18:06:37,11.187294672639837
2014-07-25 18:06:37,9.92936021640162
2013-03-18 15:54:21,9.754826979515201
2013-03-18 15:54:21,12.325561522100543
2010-05-13 06:34:57,9.780218238618545
2010-05-13 06:34:57,11.439735840109279
2009-05-16 08:13:05,14.147350406332407
2014-05-13 21:07:29,9.522101141579697
2014-05-13 21:07:29,12.523921281557705
2010-04-23 16:10:29,11.092296806999002
2010-04-23 16:10:29,19.25768126089679
2010-04-23 16:10:29,10.372788268508884
2015-05-25 22:13:09,16.48396860226785
2015-05-25 22:13:09,10.09387708928989
2013-11-16 18:33:25,8.931254757877468
2013-11-16 18:33:25,9.9626690600453
2013-11-16 18:33:25,11.24553479095448
2013-11-16 18:33:25,11.231751416729821
2012-04-16 17:48:09,10.791332319606227
2012-04-16 17:48:09,9.188957859018046
2012-04-16 17:48:09,10.303633130282833
2014-12-29 12:55:53,8.831603468745016
2014-12-29 12:55:53,17.689468762986507
2014-12-29 12:55:53,8.202685002695944
2009-08-02 14:01:33,10.443703910861586
2009-08-02 14:01:33,18.628737739652934
2009-08-02 14:01:33,10.078641199816047
2015-01-12 15:36:37,15.689153868033827
2015-01-12 15:36:37,37.8273675748751
2015-01-12 15:36:37,12.68263826945622
2015-01-12 15:36:37,9.92095590721874
2015-01-12 15:36:37,11.43063084714413
2015-01-12 15:36:37,10.334222123989093
2015-01-12 15:36:37,10.017892241698064
2014-09-04 19:52:09,11.086838907667698
2014-09-04 19:52:09,11.918199247766097
2014-09-04 19:52:09,12.62531855943962
2014-09-04 19:52:09,7.260508056486287
2009-06-01 17:42:01,12.511582158114834
2009-06-01 17:42:01,11.274737273613937
2009-06-01 17:42:01,7.21640106887935
2010-09-21 01:35:09,15.286633538364185
2010-09-21 01:35:09,9.66360930956398
2013-05-26 15:18:37,12.374260050812154
2013-05-26 15:18:37,11.869533759934711
2009-09-20 23:07:01,28.13773273568404
2009-08-12 23:00:37,9.50121144606419
2012-07-18 09:44:53,8.827362471234665
2012-07-18 09:44:53,10.220618713989097
2012-07-18 09:44:53,10.55084007950245
2012-07-18 09:44:53,9.624409608291899
2009-09-25 21:43:49,10.533254771418797
2009-09-25 21:43:49,8.563704974316352
2009-09-25 21:43:49,10.846219125185598
2009-09-25 21:43:49,9.157762878423455
2009-09-25 21:43:49,8.501680596440565
2009-09-25 21:43:49,9.272231376915443
2009-03-22 20:58:33,9.19708094949965
2009-03-22 20:58:33,17.75651745002142
2011-12-09 21:19:25,9.830068815252162
2011-12-09 21:19:25,10.096626851101973
2011-12-09 21:19:25,12.157938534533969
2013-07-05 20:44:49,11.469038893354082
2013-12-20 15:58:29,10.588006089194096
2013-12-20 15:58:29,8.597454303875566
2013-12-20 15:58:29,15.691035953985192
2013-12-20 15:58:29,8.57725049482724
2014-10-06 14:37:25,10.176111002554535
2014-10-06 14:37:25,10.499096716233908
2014-10-06 14:37:25,8.90447757086622
2014-10-06 14:37:25,9.073826483916491
2015-01-18 23:09:25,16.293498207016455
2015-01-18 23:09:25,7.128887456341545
2014-05-01 14:11:21,8.23167124601241
2014-05-01 14:11:21,11.903070060625396
2014-05-01 14:11:21,7.999475745968084
2014-05-01 14:11:21,10.922367026541906
2014-05-01 14:11:21,9.132940969095216
2014-05-01 14:11:21,21.05493747019318
2012-05-22 14:54:45,10.630037383445597
2012-05-22 14:54:45,10.294117813966295
2009-06-17 14:41:57,9.135769141837955
2009-09-16 10:27:37,11.093669309884717
2009-09-16 10:27:37,12.217271279047054
2014-02-06 13:26:49,10.306039828590656
2015-04-16 02:42:33,24.470311691869938
2011-06-06 07:28:25,15.461781557300128
2011-06-06 07:28:25,9.276377980744655
2011-06-06 07:28:25,9.710605467837013
2011-06-06 07:28:25,11.282639411552736
2011-06-06 07:28:25,8.252687276148208
2013-02-27 19:25:13,9.674724094227713
2013-02-27 19:25:13,7.961216169851468
2013-02-27 19:25:13,10.959210716113375
2013-02-27 19:25:13,11.898936380530358
2013-02-27 19:25:13,11.652349939915439
2013-02-27 19:25:13,10.306919212687717
2014-10-03 01:06:05,10.722096846066052
2014-10-03 01:06:05,19.438403356980416
2010-06-26 00:14:53,10.230514116496124
2009-09-15 08:28:53,11.529354205003983
2009-09-15 08:28:53,11.248122636870903
2009-09-15 08:28:53,11.768125482238247
2009-09-15 08:28:53,8.45251081004426
2011-08-09 05:27:05,14.887413316408129
2010-10-20 08:49:45,10.219477340446247
2010-10-20 08:49:45,8.550198996255858
2012-02-08 11:14:49,10.594899007892309
2012-02-08 11:14:49,10.731972412137111
2012-02-08 11:14:49,10.460854980685326
2013-08-07 02:16:45,8.314895240471742
2012-10-26 00:32:13,12.778733917435602
2012-07-18 22:34:53,8.726235523798096
2011-05-17 22:09:17,9.631851154852484
2009-04-04 00:20:37,11.296307484572026
2009-04-04 00:20:37,8.334217538858866
2009-04-04 00:20:37,9.592312279502949
2009-09-04 18:43:33,9.638534411042201
2009-09-04 18:43:33,9.594903275934485
2010-09-19 17:13:29,10.344064936634823
2010-09-19 17:13:29,10.534461027007637
2010-09-19 17:13:29,8.949651537346654
2010-09-19 17:13:29,10.53648042752684
2010-09-19 17:13:29,8.694301662120779
2010-09-19 17:13:29,9.761579107700527
2013-03-19 18:08:29,9.799889756000994
2013-03-19 18:08:29,11.326952886554864
2011-11-22 00:15:25,9.71215932661471
2011-11-22 00:15:25,10.980772615632304
2011-04-23 11:01:49,11.459293011665068
2011-04-23 11:01:49,9.599130921180404
2011-04-23 11:01:49,6.897152884454044
2012-10-19 06:56:29,10.094091487306287
2012-10-19 06:56:29,11.596296110070398
2009-12-16 14:45:21,8.544107970776167
2009-12-16 14:45:21,9.404020894467976
2009-12-16 14:45:21,10.352763713422974
2012-08-13 21:49:53,9.212431976244261
2012-08-13 21:49:53,7.41531457677047
2012-08-13 21:49:53,8.73177552672314
2010-11-08 10:01:37,11.50703177034302
2010-11-08 10:01:37,9.710555555886458
2010-11-08 10:01:37,7.879442081983143
2010-11-08 10:01:37,8.427853468463582
2010-11-08 10:01:37,17.60438561612318
2010-11-08 10:01:37,9.62754780175419
2010-12-05 16:35:49,11.683035854144691
2010-12-05 16:35:49,10.670263695412359
2014-10-15 12:10:49,10.762305847643802
2009-04-01 19:28:09,9.541319114454382
2009-04-01 19:28:09,12.109864423737235
2009-04-01 19:28:09,11.933390131322085
2009-04-01 19:28:09,8.956246909981928
2009-04-01 19:28:09,10.995066987845348
2009-04-01 19:28:09,10.43791878697266
2011-11-26 02:04:29,12.48632957890186
2011-11-26 02:04:29,8.695624749894705
2009-01-11 07:56:01,8.67301537368985
2009-01-11 07:56:01,10.463491744148996
2012-05-30 09:19:13,11.71696397249616
2014-06-10 01:06:25,17.771420401961223
2014-06-10 01:06:25,9.581975750528727
2014-06-10 01:06:25,17.27066495305189
2014-10-28 22:42:33,17.790975402464028
2014-10-28 22:42:33,15.089436986843793
2009-03-20 12:14:53,10.694173445226625
2009-03-20 12:14:53,9.526048797142721
2009-03-20 12:14:53,8.377133851130566
2009-03-20 12:14:53,8.632710372658039
2009-03-20 12:14:53,11.125037858793803
2009-03-20 12:14:53,11.476531559697833
2009-03-20 12:14:53,8.53345160497338
2010-06-20 12:42:37,8.479486560236182
2010-06-20 12:42:37,9.720861198282364
2014-08-05 16:09:05,11.57488606908555
2014-11-06 01:40:49,8.417124030422201
2014-11-06 01:40:49,14.426366812327615
2014-11-06 01:40:49,9.59913523706382
2014-07-19 21:05:37,11.5739445440704
2014-07-19 21:05:37,8.508613377549409
2014-07-19 21:05:37,9.410608648278867
2014-07-19 21:05:37,12.02118931885525
2015-02-19 11:39:21,9.560254298372456
2015-02-19 11:39:21,8.776452178148247
2015-02-19 11:39:21,11.360563413812997
2012-10-02 14:17:13,10.217050506500527
2012-10-02 14:17:13,9.536114168173299
2012-04-17 09:47:57,8.704348021437909
2012-04-17 09:47:57,9.858060437416498
2012-04-17 09:47:57,14.96385741533959
2011-04-16 00:01:17,15.751325182525761
2011-04-16 00:01:17,7.422175286761558
2010-06-18 08:54:37,8.930274284430197
2010-06-18 08:54:37,7.888272595204398
2010-06-18 08:54:37,8.375183705389645
2012-10-20 00:36:37,16.62349327755146
2012-10-20 00:36:37,16.01049013408374
2012-10-20 00:36:37,8.04775064686146
2014-06-19 22:37:09,8.251033156549965
2014-06-19 22:37:09,11.728482330363477
2014-06-19 22:37:09,11.426590088765806
2011-05-11 13:24:37,11.400998800612797
2011-05-11 13:24:37,8.57922981050433
2011-05-11 13:24:37,10.254885282945907
2014-04-09 08:42:05,11.013856353361916
2014-04-09 08:42:05,14.221377781781484
2014-10-13 00:42:05,10.14587753487649
2013-12-08 10:41:05,9.579923809997126
2013-12-08 10:41:05,16.045672980018935
2013-12-08 10:41:05,8.860835323375795
2013-12-08 10:41:05,9.46258873709121
2013-12-08 10:41:05,10.303541001432677
2013-12-08 10:41:05,10.445479855876329
2013-02-14 02:02:13,10.58233948077941
2009-07-04 13:00:57,8.083344678321737
2009-07-04 13:00:57,9.233141457163583
2013-03-20 03:01:29,12.434337070309994
2010-08-25 12:03:21,11.497613399480542
2010-08-25 12:03:21,11.470579104798162
2013-09-08 03:47:57,12.71841225225944
2013-09-08 03:47:57,9.958957576374814
2012-12-19 16:29:33,11.280908183131032
2012-12-19 16:29:33,11.079814948812782
2009-05-15 21:19:13,9.515508760076045
2009-05-15 21:19:13,16.78564669627849
2012-06-06 17:33:05,9.126758733158567
2012-06-06 17:33:05,10.801361418249144
2012-06-06 17:33:05,10.334199153869122
2012-06-06 17:33:05,8.020591779537426
2011-09-20 00:07:17,7.407238966879959
2010-01-29 08:32:53,10.53140445923782
2010-01-29 08:32:53,9.342232429808064
2010-01-29 08:32:53,10.877680044643057
2010-01-29 08:32:53,9.956443810802739
2010-01-29 08:32:53,12.019509368903528
2010-01-29 08:32:53,10.048391098704087
2015-05-15 01:51:49,26.474768514084644
2015-05-15 01:51:49,8.868099949660973
2015-05-15 01:51:49,9.075747040918941
2015-05-15 01:51:49,6.617987715077106
2011-07-26 05:14:29,27.551145201292456
2011-09-09 03:00:05,14.923328995877455
2011-09-09 03:00:05,7.867419809061175
2012-11-12 10:06:17,10.609845926353955
2012-11-12 10:06:17,11.150625830428908
2012-11-12 10:06:17,10.500398146874431
2012-11-12 10:06:17,8.597990356558512
2012-01-05 22:37:13,8.985838240603698
2012-01-05 22:37:13,12.990803344393498
2012-12-07 02:02:01,12.722253306159473
2012-12-07 02:02:01,13.65659481746843
2011-08-18 08:36:13,10.615488343371908
2011-08-18 08:36:13,11.049136768011522
2011-08-18 08:36:13,9.154170775276725
2011-08-18 08:36:13,9.650722626633069
2011-08-18 08:36:13,10.625955242843702
2014-05-16 15:30:05,8.936351572247077
2014-05-16 15:30:05,8.866182875244704
2014-03-15 07:19:25,11.47924028980924
2009-12-21 17:23:09,9.488730666718766
2013-12-01 22:23:57,11.48549537452709
2013-12-01 22:23:57,7.075949488658807
2014-01-03 15:48:49,11.289442950948796
2014-01-03 15:48:49,11.064284711197615
2013-01-19 20:19:45,9.386870193564391
2013-01-19 20:19:45,9.395134986038101
2013-01-19 20:19:45,9.821772133753257
2012-08-31 03:00:21,10.522713986945746
2012-07-21 16:32:41,8.649537121425965
2012-07-21 16:32:41,11.979286348894675
2012-12-20 23:43:09,9.103295992763378
2012-12-20 23:43:09,12.4500216682045
2012-12-20 23:43:09,13.713686862713075
2012-12-20 23:43:09,11.013647143041453
2009-06-13 18:40:13,11.357562956696711
2009-06-13 18:40:13,11.813700113974846
2014-11-16 09:12:45,9.79172999459297
2013-03-25 15:17:33,10.839810146324453
2009-09-28 05:36:49,15.959252110145826
2013-07-08 17:31:29,10.17065380922395
2013-07-08 17:31:29,14.789179301335025
2010-11-27 12:54:09,11.081217183433182
2010-11-27 12:54:09,11.102705006471297
2010-11-27 12:54:09,9.167777371383636
2010-11-27 12:54:09,11.201245023616138
2010-11-27 12:54:09,11.101623963653765
2011-02-15 02:43:33,15.988883839210757
2011-02-15 02:43:33,12.633925302337957
2012-10-25 06:12:37,9.61662097214321
2014-05-01 06:39:54,11.610757919987009
2015-03-17 21:44:26,9.71607634877546
2015-03-17 21:44:26,9.720933399687055
2015-03-17 21:44:26,11.305184242984978
2015-03-17 21:44:26,11.172923373782396
2015-03-17 21:44:26,10.456703190864573
2011-05-02 13:26:54,12.488077845535372
2011-05-02 13:26:54,10.579764891912419
2011-05-02 13:26:54,8.646445279227919
2009-01-06 07:36:34,8.982030958739415
2009-01-06 07:36:34,9.959349809430933
2009-01-06 07:36:34,10.926958725411168
2010-06-23 10:29:22,11.343159233107144
2010-06-23 10:29:22,13.836498821056011
2010-06-23 10:29:22,10.764404424977329
2010-06-23 10:29:22,8.375789228262875
2010-06-23 10:29:22,11.38740103521377
2013-01-22 08:20:26,10.849661465714235
2013-01-22 08:20:26,9.619213328431215
2009-11-25 11:14:26,8.581462115471368
2009-11-25 11:14:26,10.056518506242355
2012-12-04 06:52:02,12.153746627196597
2012-12-04 06:52:02,8.959177480432118
2012-12-04 06:52:02,9.779217508747024
2014-05-27 10:31:46,12.02272846553933
2014-05-27 10:31:46,10.735296749591726
2014-05-27 10:31:46,11.756347765891405
2009-09-20 22:15:46,9.712079406217526
2011-06-30 08:40:22,9.688237960233891
2011-06-30 08:40:22,8.711679146081224
2010-05-10 09:14:30,9.967960562058579
2010-05-10 09:14:30,11.701707630863893
2010-05-10 09:14:30,11.125948767530645
2010-05-10 09:14:30,11.606364381592357
2010-11-25 16:10:30,9.757425014562614
2014-11-18 16:06:14,10.07324301857625
2013-01-20 20:41:26,9.89827048087136
2013-01-20 20:41:26,8.669558358173163
2015-06-07 00:38:14,10.920626212968273
2009-01-03 00:51:02,17.031625039322535
2009-01-03 00:51:02,10.491569337904366
2010-09-28 11:54:02,8.001083096032744
2010-09-28 11:54:02,9.049142475436383
2010-09-28 11:54:02,11.380491839423485
2010-09-28 11:54:02,11.763143537065844
2010-09-28 11:54:02,8.7974335070503
2013-11-07 17:01:14,15.657465417680214
2013-11-07 17:01:14,8.327083185087758
2013-11-07 17:01:14,9.800770927879057
2013-11-07 17:01:14,7.253110927305897
2013-11-07 17:01:14,12.08189776794643
2013-11-07 17:01:14,8.961451659712111
2009-11-29 08:05:46,8.333586088869197
2012-10-21 17:43:26,10.29848746798234
2012-10-21 17:43:26,11.459018007057239
2012-10-21 17:43:26,8.84520219825572
2012-10-21 17:43:26,11.68241127649162
2012-10-21 17:43:26,9.768507323015001
2012-10-21 17:43:26,11.789248645785847
2013-07-31 06:52:46,10.623171076596918
2013-02-04 12:10:10,9.740515725963633
2013-02-04 12:10:10,10.354062081314623
2013-10-18 09:06:14,9.721355857654999
2009-04-26 17:29:42,9.063020933586813
2009-04-26 17:29:42,8.017673389882475
2009-04-26 17:29:42,11.635968812250212
2009-04-26 17:29:42,11.360392127407977
2009-04-26 17:29:42,8.934062160464237
2015-04-12 21:56:22,12.151457673548066
2015-04-12 21:56:22,9.311894510414277
2015-04-12 21:56:22,32.532568622562394
2015-02-25 22:00:38,11.274624709623822
2015-02-25 22:00:38,9.323128587893734
2015-02-25 22:00:38,13.394178832371836
2015-02-25 22:00:38,10.544093421862271
2015-02-25 22:00:38,12.529958356493808
2013-12-30 00:48:42,8.21399243502674
2013-12-30 00:48:42,6.364718209979401
2013-12-30 00:48:42,11.895372118389787
2012-11-20 21:15:22,15.968473005052147
2012-11-20 21:15:22,10.08452257351928
2012-11-20 21:15:22,13.373039707385033
2012-11-20 21:15:22,10.84889108860807
2012-11-20 21:15:22,10.019176173069354
2012-11-20 21:15:22,13.685238277386816
2012-11-20 21:15:22,9.693984963052571
2010-03-21 16:52:58,19.08865542966305
2010-03-21 16:52:58,14.081581704946075
2010-03-21 16:52:58,10.848845829750644
2010-10-06 23:31:54,10.347601336914522
2013-07-09 21:59:42,38.32890973628673
2012-06-23 09:43:42,12.575595391897878
2012-06-23 09:43:42,11.968042221616997
2012-06-23 09:43:42,9.518178314243414
2012-06-23 09:43:42,11.086061643874928
2009-01-21 20:04:30,9.95648326409173
2009-01-21 20:04:30,9.604505311068351
2009-01-21 20:04:30,9.72826309561242
2009-01-21 20:04:30,10.359191351810296
2009-01-21 20:04:30,10.605343520488532
2009-01-21 20:04:30,11.142834687969298
2009-01-21 20:04:30,9.004118335758903
2009-01-21 20:04:30,10.722146357540623
2013-12-18 14:26:58,27.216236879605276
2013-12-18 14:26:58,9.448542858253859
2014-04-26 18:02:26,10.759054388357981
2014-04-26 18:02:26,9.938193327949193
2010-11-21 00:32:50,11.488979557707353
2010-11-21 00:32:50,9.550986225674933
2010-11-21 00:32:50,11.163142179400893
2013-02-07 21:29:22,7.598485857482956
2013-02-07 21:29:22,10.272282772250037
2013-02-07 21:29:22,9.45738443213304
2013-02-07 21:29:22,8.959626900312287
2010-11-15 18:15:14,9.017315312587016
2010-11-15 18:15:14,11.083879549434641
2010-11-15 18:15:14,9.717900873289182
2010-11-15 18:15:14,8.060131891874335
2013-10-26 10:46:46,9.897552871398148
2013-10-26 10:46:46,11.783482364517113
2013-10-26 10:46:46,9.742229703864723
2013-10-26 10:46:46,10.244481113086294
2013-07-18 10:24:58,7.989502211581566
2010-05-14 04:15:54,11.345844781779306
2013-09-14 18:51:46,9.206246750183709
2009-05-27 23:09:54,9.208938626939926
2013-05-23 23:54:42,9.39901893831302
2013-05-23 23:54:42,11.491295808616997
2013-05-23 23:54:42,12.88618258988572
2013-05-23 23:54:42,24.418743992531745
2013-05-23 23:54:42,12.212421762184022
2015-05-23 01:00:22,10.706395584511483
2009-11-23 19:06:14,22.76259494504484
2009-11-23 19:06:14,9.419027126699802
2009-11-23 19:06:14,11.318145886447383
2009-11-23 19:06:14,33.688763457759705
2011-06-22 00:06:34,9.686056395668857
2014-07-02 02:27:22,8.482737782167533
2012-11-18 14:55:42,7.175141277344665
2012-11-18 14:55:42,11.638224973712568
2012-11-18 14:55:42,10.964952405111035
2009-01-12 17:54:26,7.731779588968493
2012-10-10 06:59:02,12.080719841103928
2012-10-10 06:59:02,9.334158678688254
2012-10-10 06:59:02,15.718825172038123
2010-01-24 14:09:58,9.962650147370368
2010-09-01 08:23:54,9.190745173116738
2011-12-10 23:39:06,6.54583021875078
2011-05-22 03:09:50,16.160603142125183
2011-05-22 03:09:50,10.26902899104607
2011-05-22 03:09:50,11.60983135081915
2011-05-22 03:09:50,15.678991833381588
2011-05-22 03:09:50,9.946201287082658
2013-06-29 14:26:06,9.335329151279439
2013-06-29 14:26:06,11.11212667165637
2013-06-29 14:26:06,12.66949461427248
2013-06-29 14:26:06,11.276978542304278
2011-01-25 10:31:26,10.059055982377686
2011-01-25 10:31:26,10.294537227086039
2013-02-11 01:03:30,15.111993416900077
2009-12-17 15:54:46,9.820332230372514
2009-12-17 15:54:46,8.267161190848128
2009-12-17 15:54:46,9.963208312063216
2009-12-17 15:54:46,8.706153250888747
2012-03-17 05:33:02,11.807520161186403
2009-10-24 19:48:30,11.351130280183497
2009-10-24 19:48:30,7.49707853946893
2009-10-24 19:48:30,10.671554476548408
2013-03-23 00:10:26,15.927995970501797
2013-03-23 00:10:26,11.309023140020145
2013-03-23 00:10:26,7.733385312150858
2013-03-23 00:10:26,18.7474151416518
2010-06-16 18:41:54,8.617732080672795
2010-06-16 18:41:54,8.957833474589279
2011-01-15 04:13:38,12.623916976326655
2014-07-27 11:25:18,11.504648564257877
2014-07-27 11:25:18,12.169918825798959
2011-11-02 08:21:50,9.223835150289233
2015-05-16 04:37:50,7.903621442746953
2015-05-16 04:37:50,9.68635061459463
2009-03-15 03:31:14,14.386692177522491
2009-03-15 03:31:14,10.428791330665263
2014-09-08 19:07:46,12.577667357685641
2009-08-28 11:58:58,11.727831080030228
2010-04-24 23:31:50,11.560872707766976
2010-04-24 23:31:50,10.632463313848348
2013-06-13 14:50:50,9.037666387324862
2013-06-13 14:50:50,9.67257047692874
2010-07-07 06:22:38,6.272308130091915
2010-07-07 06:22:38,10.676401250902927
2009-03-24 00:11:26,11.470106722204946
2009-03-24 00:11:26,10.84239162058293
2013-10-23 14:27:10,11.019509524743626
2011-03-03 21:31:42,10.658597365378228
2011-03-03 21:31:42,11.981131684246066
2011-03-03 21:31:42,11.517636005848544
2011-03-03 21:31:42,8.106326643628563
2011-03-03 21:31:42,10.020559306582072
2011-09-05 10:47:26,11.597151557114557
2011-09-05 10:47:26,11.188132060866337
2011-09-05 10:47:26,9.981068286881055
2012-08-04 23:34:58,7.6120714789758495
2012-08-04 23:34:58,9.887114044708142
2012-08-04 23:34:58,7.248090876148126
2015-01-29 13:15:50,8.560237674093514
2015-01-29 13:15:50,10.568903710134691
2015-01-29 13:15:50,10.704291320937045
2015-01-29 13:15:50,9.485755478584906
2015-01-29 13:15:50,7.9146034935383796
2015-01-29 13:15:50,9.289165348807728
2015-01-29 13:15:50,10.549471020734927
2015-01-29 13:15:50,10.08503879583077
2012-09-16 12:48:06,9.898162588659034
2012-09-16 12:48:06,7.069072099660843
2012-09-16 12:48:06,9.05825079762326
2015-04-10 11:56:54,11.656549157893096
2015-04-10 11:56:54,9.673660545950042
2015-04-10 11:56:54,10.707665987940345
2015-04-10 11:56:54,24.961356526975578
2015-04-10 11:56:54,11.329506539601425
2015-05-05 12:32:14,10.15895324579651
2015-05-05 12:32:14,9.041178554278304
2015-05-05 12:32:14,10.426660239005287
2015-05-05 12:32:14,8.87933272823102
2015-05-05 12:32:14,11.556882516415499
2015-05-05 12:32:14,9.404822195685483
2015-05-05 12:32:14,9.1622731146781
2013-10-15 23:31:26,11.097009175380663
2014-08-24 01:17:38,7.986816392851324
2013-04-04 07:01:06,9.262146408285844
2013-04-04 07:01:06,11.391068234761406
2013-04-04 07:01:06,11.248978318439185
2013-06-21 18:06:14,8.421566212044127
2013-06-21 18:06:14,10.306082381805027
2013-06-21 18:06:14,11.04409682851292
2013-06-21 18:06:14,11.949833893253526
2013-06-21 18:06:14,10.185316195927953
2009-08-03 21:09:42,10.443707582602656
2009-08-03 21:09:42,10.666379791222425
2009-08-03 21:09:42,10.71269004124224
2009-08-03 21:09:42,10.18211901493305
2013-10-13 19:52:54,10.485274589376786
2013-10-13 19:52:54,8.641200946793106
2014-11-14 11:09:46,11.948204847303714
2014-11-14 11:09:46,16.285165790051906
2015-06-25 01:01:46,10.516324791900843
2015-06-25 01:01:46,9.296157059441612
2009-05-19 15:44:30,8.354802745601773
2014-01-26 08:48:30,7.613422672149682
2014-01-26 08:48:30,11.229624004698053
2012-01-19 02:06:02,13.122936575267886
2014-12-25 21:32:58,10.622269436478746
2012-08-09 07:49:02,11.443244661526478
2012-08-09 07:49:02,8.885619508719174
2012-08-09 07:49:02,10.122664765225636
2014-08-10 05:03:50,16.764395493129996
2010-01-11 15:18:14,8.88048755570344
2010-01-11 15:18:14,10.53387592409672
2010-01-11 15:18:14,13.732065910471647
2010-01-11 15:18:14,8.286510352168989
2009-11-10 15:56:38,11.269220700845835
2009-11-10 15:56:38,11.815093070608782
2009-11-10 15:56:38,10.141575383258896
2009-11-10 15:56:38,32.16668211515935
2009-11-10 15:56:38,11.270067200246558
2009-11-10 15:56:38,10.38696533550683
2012-10-18 09:17:42,9.388626981293783
2012-10-18 09:17:42,11.092029921535868
2010-12-06 13:19:58,12.163143246239997
2010-12-06 13:19:58,10.800594732820173
2010-12-06 13:19:58,9.976084095867918
2011-07-30 15:27:58,8.169383028338416
2011-07-30 15:27:58,11.346387511395733
2011-07-20 04:21:54,11.197033124952213
2011-07-20 04:21:54,10.506631017153268
2009-03-10 19:51:34,12.02235825345997
2009-03-10 19:51:34,9.620564117909453
2009-03-10 19:51:34,7.504171569151367
2009-03-10 19:51:34,8.899537582139601
2009-03-10 19:51:34,10.048078928506584
2011-11-15 22:33:42,10.45722437945551
2011-11-15 22:33:42,7.960360723895064
2010-09-24 22:40:06,7.106491332888254
2010-09-24 22:40:06,15.107465409664655
2010-09-24 22:40:06,10.514936209787265
2010-09-24 22:40:06,8.468383044246366
2010-09-24 22:40:06,10.156324618277722
2010-02-06 17:37:10,11.074120743178355
2010-02-06 17:37:10,9.190353865602447
2010-02-06 17:37:10,11.555593562530703
2010-02-06 17:37:10,9.657812013414514
2012-05-11 02:43:18,10.077189613160954
2012-05-11 02:43:18,9.691015635436997
2011-09-25 21:18:06,10.668439473311082
2011-09-25 21:18:06,9.566842058256952
2013-12-18 03:16:02,12.245513753256091
2012-01-26 01:32:42,9.494566444864176
2012-01-26 01:32:42,12.839609792245028
2011-10-02 03:06:34,11.976102265120062
2012-03-31 12:52:46,8.109915361394087
2012-03-31 12:52:46,9.837451010642326
2014-06-15 00:51:42,10.562149419867637
2009-04-21 17:27:58,10.727057140038596
2009-04-21 17:27:58,8.832299470346697
2012-08-13 15:02:26,11.51718135487863
2012-08-13 15:02:26,10.521117292126291
2014-10-27 11:56:50,10.576758371609685
2014-10-27 11:56:50,9.486231701774159
2014-10-27 11:56:50,9.046696922592673
2009-09-29 18:03:18,11.212319341831972
2011-10-30 16:52:26,6.652287685536066
2011-10-30 16:52:26,11.395461153950237
2014-11-24 23:39:26,11.400524310574838
2014-11-24 23:39:26,14.21963286427308
2011-08-16 14:41:50,10.132450927745595
2011-08-16 14:41:50,9.451292609955999
2011-08-16 14:41:50,9.634700304332
2013-01-14 18:42:54,12.40309926970258
2013-01-14 18:42:54,8.236142872343407
2013-01-14 18:42:54,11.530602130293119
2013-01-14 18:42:54,11.339258560456074
2013-01-14 18:42:54,10.110773033864461
2009-04-18 23:09:34,13.213994144432945
2009-11-11 21:20:18,10.18349870381644
2009-11-11 21:20:18,43.56469441773879
2012-07-24 01:12:50,12.168421122414657
2012-07-24 01:12:50,11.340832780682831
2012-07-24 01:12:50,7.855934115186756
2012-07-24 01:12:50,10.041100145168457
2012-07-24 01:12:50,10.344571311656182
2009-04-18 02:44:34,9.281881546108707
2009-04-18 02:44:34,13.131854765768367
2014-07-18 06:32:22,11.279517508341087
2014-01-10 12:28:38,9.929611431702142
2011-08-08 15:27:22,10.801415496718619
2014-07-30 14:42:34,11.94578043956426
2014-07-30 14:42:34,8.170983513125975
2014-07-30 14:42:34,10.739225780505876
2014-08-26 16:39:54,11.093006195287671
2014-10-11 00:26:38,10.530240147347286
2014-10-11 00:26:38,13.252212035244156
2014-10-11 00:26:38,24.41063672370001
2014-10-11 00:26:38,11.407708531341996
2014-10-11 00:26:38,8.867915418037228
2014-10-11 00:26:38,12.618872087559794
2009-08-15 14:25:02,9.145561662309774
2009-09-22 06:43:46,9.190120009976454
2014-05-14 00:00:34,9.951072205052697
2014-05-14 00:00:34,10.722497968177777
2014-10-14 01:57:26,7.975305557472893
2009-05-31 20:56:38,17.133622494751762
2009-05-31 20:56:38,10.961708178352637
2009-05-31 20:56:38,10.797371668993947
2009-07-11 12:59:58,11.756738780570231
2010-06-02 15:33:06,7.274042854078289
2010-06-02 15:33:06,12.209740677710215
2010-06-02 15:33:06,11.916194827048457
2010-01-30 02:13:06,11.379270896632079
2010-01-30 02:13:06,11.511651139931928
2010-01-30 02:13:06,10.400460406835919
2014-01-05 17:47:02,7.559760983927845
2014-01-05 17:47:02,9.021749611598352
2009-03-21 09:59:50,33.35519249909521
2009-03-21 09:59:50,12.193957184448664
2009-03-21 09:59:50,11.151083840601132
2009-08-26 23:55:38,8.16672474942061
2009-06-09 15:10:50,25.15833155184373
2009-06-09 15:10:50,7.461152676278289
2011-09-18 06:14:54,9.042194114430458
2009-03-27 16:05:22,13.482644252117097
2009-03-27 16:05:22,6.979449945916713
2009-03-27 16:05:22,10.143323715961742
2009-03-27 16:05:22,8.514457717545156
2009-03-27 16:05:22,8.717483455244292
2009-03-27 16:05:22,9.064492066438106
2015-05-29 10:02:42,9.855826922901542
2015-05-29 10:02:42,9.933034427926032
2015-05-29 10:02:42,10.642321180430372
2012-09-07 23:20:34,23.667348231469077
2012-09-07 23:20:34,12.059683797224352
2012-09-07 23:20:34,11.497921163845604
2014-03-07 10:36:50,10.283855714387755
2014-03-07 10:36:50,11.118349475058494
2013-03-17 23:47:50,5.888237028353615
2013-03-17 23:47:50,8.601868657508021
2015-06-30 20:03:50,11.858266834853566
2015-06-30 20:03:50,11.015172193587205
2015-06-30 20:03:50,9.25919627095027
2015-06-30 20:03:50,10.507071695448758
2015-05-11 02:21:26,9.794071341451854
2015-05-11 02:21:26,9.838767664121406
2015-01-10 14:32:14,10.087874789138368
2014-12-05 14:14:14,9.208876327493272
2014-12-05 14:14:14,8.303403736175824
2012-04-23 12:23:18,9.789031964157402
2012-04-23 12:23:18,8.83860722368263
2012-04-23 12:23:18,18.22507930840038
2012-09-01 13:33:14,14.3726384914753
2012-09-01 13:33:14,11.707539182858454
2012-09-01 13:33:14,9.198864732847142
2011-04-17 14:55:58,7.865643060831644
2010-05-31 20:43:42,11.907133578610228
2013-11-22 23:44:34,10.259721812242788
2013-11-22 23:44:34,10.668824312248034
2013-05-17 05:30:10,8.208161427308369
2013-05-17 05:30:10,10.078719187835304
2009-07-28 11:13:10,7.306136248669645
2014-05-18 14:43:26,8.657590193924989
2014-05-18 14:43:26,11.434767495835331
2014-05-18 14:43:26,10.063425769923924
2011-10-08 18:18:26,11.15278966664664
2011-10-08 18:18:26,9.72033363626906
2011-10-08 18:18:26,11.423115443807546
2013-09-27 04:39:14,11.346865555306067
2011-02-08 01:44:18,10.948731507165576
2015-01-12 06:21:38,8.787193143387412
2015-01-12 06:21:38,13.346481872062213
2010-03-23 13:23:34,11.053554431395241
2010-03-23 13:23:34,11.771339645214539
2010-03-23 13:23:34,10.879402116572237
2009-04-02 06:19:02,10.18484901946249
2012-01-12 18:05:10,10.8348160497153
2012-01-12 18:05:10,16.07795107253878
2014-11-21 02:04:42,10.307855988026859
2014-11-21 02:04:42,9.92976838487084
2014-11-21 02:04:42,13.73639809951419
2010-10-09 03:54:42,23.501190204839077
2012-04-03 12:26:14,9.487188117082042
2012-04-03 12:26:14,15.03433767755996
2012-04-03 12:26:14,8.838312153709921
2010-12-21 08:46:02,10.680417721156118
2010-12-21 08:46:02,11.803060551072122
2010-12-21 08:46:02,9.11148840509486
2010-06-19 22:52:30,9.509195190794344
2010-06-19 22:52:30,10.928883774940914
2013-01-03 01:43:10,11.29601885721786
2013-11-24 03:44:46,10.853584530523221
2013-11-24 03:44:46,12.980257498373248
2013-11-24 03:44:46,10.439732385655589
2011-04-16 12:57:18,10.649639482418934
2012-10-11 22:24:18,9.363709614081017
2010-12-13 23:24:02,10.037598329810862
2010-12-13 23:24:02,8.760818982158526
2011-09-14 23:42:46,10.682461059779598
2011-05-17 23:42:46,8.780440706876107
2011-05-17 23:42:46,20.588678453557804
2011-05-17 23:42:46,10.385377571194113
2011-05-17 23:42:46,11.147597384722758
2011-05-17 23:42:46,9.507784993307723
2013-06-30 03:37:26,10.552672200086818
2013-06-30 03:37:26,9.26045425349912
2013-06-30 03:37:26,10.28070962572383
2013-06-30 03:37:26,16.524232373269115
2011-05-26 21:36:54,20.521589128056803
2009-11-09 06:00:22,9.488521466633756
2014-01-09 17:27:18,34.845062628010055
2014-01-09 17:27:18,8.915864237340429
2014-01-09 17:27:18,9.741596701474919
2014-01-09 17:27:18,8.485456092797904
2014-01-09 17:27:18,10.747092291629087
2012-07-01 00:24:58,9.8756877264168
2012-07-01 00:24:58,10.100366776452574
2012-07-01 00:24:58,10.636790380071034
2010-06-02 14:55:22,10.11056135286708
2010-06-02 14:55:22,10.008422182076174
2010-06-02 14:55:22,9.366199877937106
2010-06-02 14:55:22,12.525235469172912
2010-06-02 14:55:22,11.383247779511294
2010-06-02 14:55:22,9.933098876674194
2013-03-07 08:50:34,15.628228727282476
2013-03-07 08:50:34,10.235017330011033
2013-03-07 08:50:34,16.708955218409756
2013-03-07 08:50:34,8.937354821424378
2013-03-07 08:50:34,12.143755390168735
2013-03-07 08:50:34,9.207537138920088
2013-10-28 00:33:30,9.522021768449122
2013-11-23 16:33:30,10.773943462789248
2013-11-23 16:33:30,11.653763745116521
2014-11-06 07:56:46,10.090328102804051
2014-11-06 07:56:46,10.796687548621776
2013-04-05 12:38:22,12.011616226767728
2014-11-06 02:02:10,10.268943342183775
2012-10-09 07:47:46,9.887961348171302
2012-10-09 07:47:46,11.108711278222472
2012-10-09 07:47:46,10.1469072076452
2012-10-09 07:47:46,8.898007903362668
2012-10-09 07:47:46,8.63588629617334
2013-11-21 22:21:58,9.120833898939964
2014-12-20 01:57:26,13.570052929060694
2014-12-20 01:57:26,8.033798132382799
2014-12-20 01:57:26,10.252625932649607
2014-12-20 01:57:26,7.215358583505804
2010-01-09 13:24:22,10.53540159203294
2011-11-02 02:18:18,15.998399696689376
2009-03-11 21:46:54,9.57732156869315
2009-03-11 21:46:54,9.318406569636863
2009-03-11 21:46:54,9.453164157930587
2009-03-11 21:46:54,18.420778027872075
2014-12-07 03:45:18,9.522091919072409
2014-12-07 03:45:18,15.02138334628944
2014-12-07 03:45:18,22.944449701371923
2014-12-07 03:45:18,11.131328396340905
2014-11-29 19:23:58,8.779685920140764
2010-03-04 09:49:38,11.586882213017816
2010-03-04 09:49:38,11.67815534307374
2010-03-04 09:49:38,7.90826215184461
2009-10-10 06:52:06,12.167865928191532
2009-10-10 06:52:06,10.349525962135885
2012-08-22 20:54:46,8.37836932051141
2012-08-22 20:54:46,9.034342158443906
2012-08-22 20:54:46,8.327466958975492
2015-05-01 07:49:14,11.324537165739457
2009-02-21 20:49:34,8.395836598581809
2012-08-10 14:04:14,11.258224282733863
2012-08-10 14:04:14,14.520820588364586
2012-08-10 14:04:14,10.772069597485824
2012-08-10 14:04:14,12.045538984184532
2012-08-10 14:04:14,10.402361674692656
2012-08-10 14:04:14,6.76553287839306
2013-05-10 21:08:18,11.856755986153075
2013-05-10 21:08:18,11.630765998450443
2013-05-10 21:08:18,8.417424045172083
2013-05-10 21:08:18,7.375845196060254
2013-05-10 21:08:18,11.231912961453418
2009-09-25 12:59:18,10.16360993755734
2014-08-02 21:05:42,11.013571576593677
2014-08-02 21:05:42,10.978569372819038
2013-10-29 20:16:10,10.548568282858469
2013-10-29 20:16:10,18.018073457951687
2009-11-11 22:49:46,10.784854510211517
2009-11-11 22:49:46,11.833721017092103
2009-11-11 22:49:46,11.366386716743364
2009-10-17 03:52:42,12.258236650191975
2009-10-17 03:52:42,11.565420683122284
2009-10-17 03:52:42,10.233855825021237
2009-10-17 03:52:42,12.811350317468168
2009-10-17 03:52:42,10.001609518343685
2009-10-17 03:52:42,11.953768422021312
2014-02-27 09:36:26,9.885991715176715
2014-02-27 09:36:26,10.638492175166903
2014-02-27 09:36:26,10.75714098721437
2014-02-27 09:36:26,11.733141536937183
2014-02-27 09:36:26,8.682120405290334
2014-02-27 09:36:26,10.417871557940089
2014-02-27 09:36:26,10.353291330106003
2014-02-27 09:36:26,9.783913769986611
2012-12-26 17:12:30,8.15618985027686
2012-12-26 17:12:30,11.462659106118736
2012-12-26 17:12:30,11.05124810248526
2012-12-26 17:12:30,12.23337246043593
2014-03-11 20:24:02,10.88265871551448
2014-03-11 20:24:02,8.29329253609285
2014-03-11 20:24:02,11.712631383677945
2011-01-29 09:28:38,9.60186248678292
2011-01-29 09:28:38,10.635462415719303
2011-01-29 09:28:38,7.703542753912188
2011-01-29 09:28:38,7.2586690091102355
2011-01-29 09:28:38,10.640121772676139
2015-05-07 15:33:26,10.634976163360989
2015-05-07 15:33:26,12.121000445446043
2015-05-07 15:33:26,9.981706309008587
2015-05-07 15:33:26,11.247612426901469
2015-05-07 15:33:26,10.955689203030488
2010-10-25 13:31:22,11.011220961525396
2010-10-25 13:31:22,14.029159602065192
2010-10-25 13:31:22,10.696108936237579
2010-10-25 13:31:22,9.546653275236167
2012-09-10 21:07:54,9.926035160659012
2012-09-10 21:07:54,11.585394908572198
2012-09-10 21:07:54,6.845044670499192
2012-09-10 21:07:54,9.893680359324208
2012-09-10 21:07:54,9.581452819613332
2012-09-10 21:07:54,10.711106366257809
2012-09-10 21:07:54,9.46321856972645
2012-04-15 21:54:22,11.645576111359333
2012-04-20 00:06:10,10.368977549675037
2012-04-20 00:06:10,10.081920038683165
2012-04-20 00:06:10,11.981754040602027
2012-04-20 00:06:10,10.694954221840817
2012-04-20 00:06:10,9.878532362350597
2012-04-20 00:06:10,8.588970146771317
2012-06-12 23:10:42,7.402612356132522
2012-06-12 23:10:42,7.91789676893859
2012-06-12 23:10:42,7.208796561253621
2009-04-30 22:25:26,14.624686444727558
2009-04-30 22:25:26,9.357190513988826
2009-04-30 22:25:26,7.555033197515513
2009-04-30 22:25:26,10.921010367139388
2011-02-20 06:18:34,14.099645805383261
2011-02-20 06:18:34,11.663931644961849
2013-04-21 19:50:54,25.47439755389496
2011-06-11 21:33:18,10.727257941472999
2013-02-06 18:21:18,7.900679151991426
2013-02-06 18:21:18,9.945457467802044
2013-02-06 18:21:18,9.049214726665014
2013-02-06 18:21:18,11.132323103922317
2014-05-01 21:05:34,11.783548227527717
2014-05-01 21:05:34,11.185733565491319
2013-07-21 11:41:26,7.990139360772446
2013-07-21 11:41:26,10.034854476176406
2011-04-22 19:23:54,9.987705933805046
2011-04-22 19:23:54,10.02474919037195
2011-04-22 19:23:54,34.57845809452192
2012-09-04 05:46:50,8.90603269440362
2012-09-04 05:46:50,15.238358403492384
2009-03-24 11:57:34,10.842183059870877
2009-03-24 11:57:34,10.127628712205478
2009-03-24 11:57:34,10.070190880956943
2009-03-24 11:57:34,7.300134323850216
2009-03-24 11:57:34,7.4595425800598605
2011-07-05 22:05:34,10.212423834262154
2011-09-17 15:41:06,7.74522159890148
2011-09-17 15:41:06,9.837737989000743
2011-12-25 04:37:10,25.58378667418947
2015-03-05 13:21:58,8.629979363495295
2015-03-05 13:21:58,12.212992991284409
2014-09-01 09:16:10,11.397721643643308
2015-06-21 17:16:10,12.51995593875472
2015-06-21 17:16:10,8.523041831971568
2015-06-21 17:16:10,10.137067251798726
2015-06-21 17:16:10,10.158562261296538
2015-06-21 17:16:10,10.575299211794118
2010-06-02 22:04:10,8.640756180695462
2010-06-02 22:04:10,9.997205848754675
2010-06-02 22:04:10,11.7467292105066
2010-06-02 22:04:10,11.381404237195966
2014-03-01 09:37:02,7.648225892118717
2014-03-01 09:37:02,7.810089642984167
2014-03-01 09:37:02,32.19463108424134
2011-07-18 12:12:18,7.664408646669472
2011-07-18 12:12:18,9.979583583910426
2011-07-18 12:12:18,10.658386585802873
2015-02-27 19:36:02,9.889164275939038
2015-02-27 19:36:02,9.059490070840184
2015-02-27 19:36:02,12.239806769803181
2015-02-27 19:36:02,11.003771719480937
2015-02-27 19:36:02,11.615393664411386
2015-02-27 19:36:02,10.49970668583046
2015-02-27 19:36:02,19.546422961988355
2015-02-27 19:36:02,12.025211547572326
2015-02-27 19:36:02,11.83465367507597
2012-04-16 21:10:10,9.76524968220292
2015-06-14 08:26:26,12.239523522790478
2014-01-15 22:45:42,9.759094225604713
2014-01-15 22:45:42,24.839010760055316
2014-01-15 22:45:42,11.148161571072706
2013-04-06 19:16:10,10.777354157125956
2013-04-06 19:16:10,10.463902549709019
2013-04-06 19:16:10,8.513840511921444
2013-04-06 19:16:10,14.319446741570573
2014-03-08 16:08:26,9.64037767757327
2014-03-08 16:08:26,11.266472858573252
2013-12-06 23:40:42,9.99706259046252
2013-12-06 23:40:42,12.249607806661515
2013-12-06 23:40:42,18.722516424837522
2013-12-06 23:40:42,9.216580935230013
2013-08-19 17:09:50,7.446807094001997
2013-08-19 17:09:50,9.302116382024906
2013-08-19 17:09:50,10.996334829796979
2013-08-19 17:09:50,10.662279101043168
2009-11-02 21:38:38,9.340238248629248
2009-06-03 09:11:30,11.21197126136758
2009-06-03 09:11:30,6.514480036417808
2009-06-03 09:11:30,11.988272707358192
2009-06-03 09:11:30,11.371021482718788
2015-03-12 13:01:54,9.004953283470968
2015-03-12 13:01:54,11.096676985676822
2015-03-12 13:01:54,8.457659671450529
2015-03-12 13:01:54,11.428355836291303
2013-02-05 06:13:58,14.701773811240855
2013-02-05 06:13:58,27.069734330505526
2013-02-05 06:13:58,13.416687381575684
2014-05-19 06:39:34,10.792239651127602
2014-10-04 21:48:22,10.791680218493639
2014-10-04 21:48:22,7.352485360868741
2014-10-04 21:48:22,7.548940894885163
2012-01-22 04:13:34,11.35729805473602
2012-01-22 04:13:34,7.77413799482747
2012-01-22 04:13:34,9.263245918909888
2012-01-22 04:13:34,11.473098939706688
2010-07-27 06:13:02,42.913521306498296
2013-06-21 11:19:18,11.456306522122759
2013-06-21 11:19:18,8.336047982189484
2010-12-23 05:52:26,14.64310852230119
2010-12-23 05:52:26,27.773248831181263
2010-12-17 10:33:34,6.707409423286663
2010-12-17 10:33:34,10.666408914719796
2012-06-04 11:34:58,9.811299858180064
2012-06-04 11:34:58,10.045055617163598
2012-06-04 11:34:58,10.069547813815007
2009-07-05 16:31:30,10.146512477613214
2009-07-05 16:31:30,11.136015380750905
2009-07-05 16:31:30,14.993849888604018
2012-12-08 20:08:38,10.536003904446261
2012-12-08 20:08:38,9.280586240151024
2012-12-08 20:08:38,10.297970910334698
2010-06-23 08:34:50,8.00968338054372
2010-06-23 08:34:50,11.559808688003613
2010-06-23 08:34:50,10.86213201350074
2012-03-07 10:57:46,10.08486597324736
2012-03-07 10:57:46,11.068531113463905
2012-03-07 10:57:46,11.789271158593692
2012-03-07 10:57:46,10.5800689885873
2012-03-07 10:57:46,10.153766615057975
2010-02-24 07:06:54,8.789442492272428
2013-12-29 01:20:50,8.894450670955848
2013-12-29 01:20:50,12.35895046677615
2014-03-28 22:34:26,42.42536143766665
2014-03-28 22:34:26,8.661134742600552
2014-03-28 22:34:26,9.600262867412312
2010-12-04 21:08:38,10.292798899161426
2010-12-04 21:08:38,10.401124387126401
2010-12-04 21:08:38,9.344061351072014
2010-12-04 21:08:38,7.259093418037082
2010-03-07 17:09:42,48.995261780104556
2010-03-07 17:09:42,8.91253710181445
2010-03-07 17:09:42,9.354556462914843
2010-03-07 17:09:42,8.525440543129662
2013-09-07 19:43:18,10.652548902615308
2013-09-07 19:43:18,10.751204259764563
2013-09-07 19:43:18,8.51678840203931
2013-09-07 19:43:18,8.670416503891829
2013-09-07 19:43:18,9.028648670602706
2013-12-20 15:31:06,7.845956757777458
2013-12-20 15:31:06,8.734305462297925
2010-09-06 04:31:54,15.832869325893626
2013-11-01 05:26:54,33.996832104119676
2010-03-07 00:47:26,9.271959448520647
2012-03-20 01:55:42,12.334880358372175
2011-10-02 05:06:46,9.454964178194132
2010-10-31 18:45:58,11.457890066249092
2010-10-31 18:45:58,10.577228921370988
2010-10-31 18:45:58,9.243669291816332
2010-10-31 18:45:58,11.482339203754236
2015-02-03 09:00:58,12.298323769069611
2012-08-08 08:58:50,10.369773086484201
2012-08-08 08:58:50,9.743946946275173
2012-08-08 08:58:50,10.115211490578076
2012-08-08 08:58:50,10.374988673829648
2011-04-08 15:01:02,9.387102615717595
2011-04-08 15:01:02,8.001082337910702
2009-01-14 03:42:38,9.402642727272905
2015-01-10 09:38:54,11.307398847398872
2015-01-10 09:38:54,11.154057834341074
2015-01-10 09:38:54,10.587708966437276
2010-12-04 09:25:10,11.59725088434061
2010-12-04 09:25:10,11.169183801723193
2009-05-12 17:08:06,8.944378677515488
2013-11-07 02:07:22,9.655043757209569
2014-10-03 00:50:06,20.891644131366775
2014-10-03 00:50:06,10.300268286975552
2014-10-03 00:50:06,16.66210467043311
2010-06-18 19:19:26,17.68566360663499
2010-06-18 19:19:26,10.756473980583905
2010-06-18 19:19:26,11.659006014469924
2010-05-10 03:55:14,8.741546717448728
2013-06-21 00:00:34,12.284889437332822
2013-06-21 00:00:34,10.893782315841236
2013-06-21 00:00:34,11.05582541910735
2009-03-11 16:02:14,10.244540398085519
2009-03-11 16:02:14,8.827144344355474
2009-03-11 16:02:14,10.615869113828012
2009-03-11 16:02:14,12.01843913311859
2009-03-11 16:02:14,10.464166360156014
2009-03-11 16:02:14,8.998303117332398
2013-07-05 17:38:14,9.050280841025597
2013-08-26 01:11:14,10.397985519242866
2013-08-26 01:11:14,10.93992418108246
2012-07-30 01:49:10,9.65639134931007
2012-07-30 01:49:10,18.56583070682791
2011-05-13 03:57:10,10.50761813925783
2012-02-29 12:03:34,14.3128566821797
2012-02-29 12:03:34,13.099003697594526
2012-02-29 12:03:34,10.483261010782371
2013-12-17 17:59:22,11.364006668713046
2012-09-18 09:58:54,10.11931554043258
2012-09-18 09:58:54,18.704915157293726
2012-09-18 09:58:54,8.993684710740126
2013-07-23 18:56:30,12.20001768052498
2013-07-23 18:56:30,10.778779587973986
2014-05-15 01:39:14,13.490821212177252
2013-09-16 14:16:34,11.177561894210157
2013-09-16 14:16:34,22.38999108272037
2014-01-04 17:27:38,12.200033458029793
2014-01-04 17:27:38,9.94996554352474
2014-01-04 17:27:38,10.741733059268881
2011-03-10 18:16:14,9.952485106827226
2011-03-10 18:16:14,11.076095326352515
2011-03-10 18:16:14,7.000335325999913
2013-04-05 06:42:26,8.059597326651783
2013-04-05 06:42:26,15.238895536185737
2009-03-11 12:01:30,9.946776249998948
2009-03-11 12:01:30,10.378833632661554
2009-03-11 12:01:30,9.776776960899952
2015-01-20 05:31:06,25.92108831746191
2009-08-03 17:06:06,9.224003268067463
2014-01-05 08:51:10,8.328547421277108
2010-03-13 01:23:10,12.711163842594033
2010-03-13 01:23:10,12.548192442322033
2012-05-30 02:28:50,11.360015236185063
2012-07-26 12:40:38,8.10563879413894
2012-07-26 12:40:38,16.007509969582316
2012-07-26 12:40:38,9.03486483983761
2010-09-22 16:28:54,11.337208180701055
2010-09-22 16:28:54,10.27782612755982
2010-09-22 16:28:54,19.01088203179097
2014-05-26 22:57:10,11.44108558822154
2014-05-26 22:57:10,11.55068356533593
2014-05-26 22:57:10,8.792356446674603
2014-05-26 22:57:10,8.889774516201214
2012-02-11 07:03:34,17.29152586562668
2010-06-27 05:03:38,10.877133363428584
2014-09-29 11:51:06,9.507414327319566
2014-09-29 11:51:06,8.58158108864518
2010-09-04 18:31:42,11.720710176145076
2010-09-04 18:31:42,14.772031591153791
2015-04-14 19:20:46,7.662349402984546
2015-04-14 19:20:46,10.378240250263843
2015-04-14 19:20:46,10.673969422135997
2015-04-14 19:20:46,7.365793970619052
2015-04-14 19:20:46,11.886576008528209
2015-04-14 19:20:46,8.797230561120159
2015-04-14 19:20:46,9.708776634910464
2015-04-14 19:20:46,11.808016573731948
2015-04-14 19:20:46,11.7241569834041
2009-07-20 08:53:34,10.014074613658522
2009-07-20 08:53:34,10.686473202184061
2013-04-03 16:09:02,10.609329662171149
2013-04-03 16:09:02,1.5594521267303207
2009-11-20 23:19:58,10.909701542635958
2009-11-20 23:19:58,10.537080509169755
2012-08-04 09:01:54,10.46387396072896
2012-08-04 09:01:54,8.03532436486421
2011-09-22 20:05:22,10.949289027617851
2011-09-22 20:05:22,11.154024643972662
2011-09-22 20:05:22,11.499600662746161
2011-09-22 20:05:22,12.077062883467079
2014-08-09 01:27:30,9.765345901714682
2011-02-15 05:44:42,10.122291367042635
2011-02-15 05:44:42,26.73040992038841
2014-10-31 12:04:26,14.137570103361213
2014-10-31 12:04:26,11.74631510884501
2015-02-09 07:16:26,11.161686041299618
2015-02-09 07:16:26,10.536025393326781
2015-02-09 07:16:26,12.573858078498233
2015-02-09 07:16:26,11.959055628423812
2015-02-09 07:16:26,10.775298088823547
2015-02-09 07:16:26,10.76358037166574
2015-02-09 07:16:26,11.992711687997144
2011-09-08 17:26:34,12.01797241894019
2011-09-08 17:26:34,9.712731790950784
2011-09-08 17:26:34,8.810585185892705
2011-09-08 17:26:34,11.066525521324365
2013-04-10 21:03:42,10.542254487183527
2013-04-10 21:03:42,11.224194376112791
2013-04-10 21:03:42,11.465273173085734
2013-04-10 21:03:42,10.753647033010566
2013-04-10 21:03:42,10.214152542372176
2011-12-29 19:29:50,9.37106036052137
2011-12-29 19:29:50,12.208634192009413
2011-12-29 19:29:50,11.526636901806341
2013-09-26 15:50:06,8.897934188486033
2013-09-26 15:50:06,8.428001611762738
2013-09-26 15:50:06,9.848481927614557
2013-09-26 15:50:06,9.634619953381844
2013-09-26 15:50:06,12.303022335468995
2012-10-01 07:18:06,10.491662533077033
2012-10-01 07:18:06,10.674993183027254
2013-03-14 21:43:46,10.130103423860419
2012-10-05 23:47:02,9.369890240546738
2009-02-08 00:04:06,10.77275855548578
2009-02-08 00:04:06,8.657855174027645
2012-02-04 22:47:18,11.606187857041732
2012-02-04 22:47:18,10.667228059566696
2012-05-06 03:01:10,9.083422019592035
2012-05-06 03:01:10,9.567653998088645
2014-07-08 08:56:58,11.22938259743205
2010-01-09 08:29:14,8.442397989161691
2010-01-09 08:29:14,8.758935056355767
2010-01-09 08:29:14,9.936533824535218
2010-01-09 08:29:14,9.969596274480864
2010-12-06 03:36:58,11.195308451029632
2011-10-19 05:25:18,14.26041209057621
2011-10-19 05:25:18,9.64842197904909
2014-06-14 08:13:22,9.705986478275008
2014-06-14 08:13:22,14.943499592081935
2014-06-14 08:13:22,20.226618759890698
2011-02-19 10:14:58,9.992314555118355
2014-12-25 03:10:26,9.023916125070173
2009-06-16 14:32:38,10.522203387996342
2009-06-16 14:32:38,9.832121321569502
2009-06-16 14:32:38,16.327712761387374
2009-06-16 14:32:38,9.789654457978031
2009-06-16 14:32:38,9.127362519206144
2009-06-16 14:32:38,11.408891597278853
2010-08-16 17:14:18,32.513522244335036
2013-04-29 09:18:06,11.571087751030063
2013-04-29 09:18:06,3.0693358797034307
2013-04-29 09:18:06,11.005659808648488
2013-04-29 09:18:06,8.239223561684412
2013-04-29 09:18:06,8.721604906408174
2013-06-23 14:52:34,6.787485471379114
2013-06-23 14:52:34,11.315151117967616
2013-03-28 05:22:58,10.246794881664755
2015-06-08 20:18:30,10.671543382486561
2015-06-08 20:18:30,9.922839071579801
2015-06-08 20:18:30,8.344115364488971
2015-06-08 20:18:30,8.888235232239822
2015-06-08 20:18:30,8.496119856956284
2015-06-08 20:18:30,9.624792726746819
2011-09-08 13:39:06,10.612865299828627
2012-03-03 02:30:54,10.678778296703967
2012-03-03 02:30:54,13.56887517405994
2012-03-03 02:30:54,12.257866041729358
2010-03-27 20:11:10,9.049639342496448
2010-03-27 20:11:10,9.7220216856349
2010-03-27 20:11:10,8.841663378663725
2009-08-11 22:40:02,19.666579279699363
2009-08-11 22:40:02,15.44825209982264
2009-08-11 22:40:02,11.59699821576396
2009-08-11 22:40:02,13.17214905585206
2009-08-11 22:40:02,11.058545605030304
2012-12-27 21:01:54,9.680340693876133
2012-12-27 21:01:54,11.105428628907248
2012-12-27 21:01:54,12.215011396014233
2012-12-27 21:01:54,13.416085719336479
2012-12-27 21:01:54,9.613704065226557
2015-04-16 18:45:22,7.814719742873422
2015-04-16 18:45:22,9.581683564840205
2015-04-16 18:45:22,9.122868361577275
2015-04-16 18:45:22,8.909522625930549
2014-05-17 10:51:46,8.509368754650495
2014-05-17 10:51:46,10.26985207836151
2014-05-17 10:51:46,17.59376520738624
2009-05-04 11:23:18,8.004156865184996
2009-05-04 11:23:18,10.895904731569317
2009-05-04 11:23:18,11.132692955503444
2013-07-22 14:30:06,10.426252785262477
2013-07-22 14:30:06,8.473134943262266
2015-05-31 20:48:54,12.558451269411307
2015-05-31 20:48:54,9.058365027260152
2015-05-31 20:48:54,11.086032781209724
2010-07-16 06:44:06,11.225296032924234
2010-07-16 06:44:06,8.718812278235418
2010-07-16 06:44:06,8.351841399820842
2010-07-16 06:44:06,6.255993407678034
2013-01-06 12:39:54,8.585910367211909
2013-01-06 12:39:54,9.024190029440433
2013-01-06 12:39:54,9.738105089125384
2013-01-06 12:39:54,11.397469836640084
2013-01-06 12:39:54,11.591496611328694
2012-12-15 15:55:42,10.234406749232221
2012-12-15 15:55:42,10.156253456032573
2010-05-06 11:35:26,7.603010854887543
2010-05-06 11:35:26,59.780700094614076
2014-01-06 10:16:02,15.114531991543117
2014-01-06 10:16:02,11.282269296722006
2012-07-24 04:44:26,10.204110936378129
2010-08-06 15:37:14,10.418979274993035
2010-08-06 15:37:14,10.471361195590362
2010-08-06 15:37:14,8.29244914024639
2010-08-06 15:37:14,16.53841379530604
2010-08-06 15:37:14,10.594381382479696
2010-08-06 15:37:14,11.242607481903178
2010-08-06 15:37:14,11.864931378946494
2010-11-10 23:21:50,10.950546294463493
2010-11-10 23:21:50,11.544490384610981
2013-03-31 00:09:58,10.668168321295525
2013-03-31 00:09:58,12.037031415524325
2010-02-01 00:05:42,8.788113616730698
2010-02-01 00:05:42,9.744415246124845
2009-06-18 18:47:22,11.639307261366412
2009-06-18 18:47:22,8.559298732892785
2009-06-18 18:47:22,10.075434109872731
2015-01-03 08:47:26,8.371536476304755
2015-01-03 08:47:26,10.148485602248911
2014-06-20 02:16:34,9.52370949912256
2011-02-03 07:13:06,9.314319943234295
2014-01-14 18:48:06,9.486260506870167
2014-01-14 18:48:06,11.491961336050736
2014-01-14 18:48:06,11.417750174936373
2014-01-14 18:48:06,9.012163333889475
2014-01-14 18:48:06,9.630342446900613
2014-01-14 18:48:06,9.498260871387174
2014-01-14 18:48:06,8.624070285337439
2013-10-18 05:08:54,14.716368527007944
2011-07-20 08:05:02,10.996069158172759
2011-07-20 08:05:02,11.684882272265895
2011-07-20 08:05:02,10.3873991294804
2009-05-03 16:02:54,9.526491656106373
2009-05-03 16:02:54,10.535225758492743
2009-05-03 16:02:54,6.973471518000224
2009-05-03 16:02:54,12.363196964981398
2012-09-06 17:58:06,11.180260929022552
2012-09-06 17:58:06,8.397813824758487
2014-04-06 16:47:14,7.48421489140128
2014-09-06 03:52:50,10.146233037146885
2013-07-27 09:59:18,11.291109891508313
2014-12-26 20:19:38,11.833381997119432
2014-01-01 13:06:34,12.105022625251877
2011-12-25 15:35:54,6.8802072898324695
2011-12-25 15:35:54,10.588705795546048
2015-05-14 23:11:58,8.433331438594905
2015-05-14 23:11:58,10.562547856479796
2015-05-14 23:11:58,11.46649000798243
2015-05-14 23:11:58,10.219329974192078
2015-05-14 23:11:58,8.80263973228466
2015-05-14 23:11:58,7.578445016128171
2015-05-14 23:11:58,10.334845477500494
2015-04-22 09:54:06,9.945442889315018
2015-04-22 09:54:06,10.943343938513863
2009-03-22 07:02:02,7.675305532513448
2012-04-30 04:34:50,12.809842797882084
2009-01-21 09:13:50,10.96134836004967
2009-01-21 09:13:50,11.88794683533888
2009-01-21 09:13:50,10.53072265638184
2009-01-21 09:13:50,10.181829285018466
2010-06-11 18:07:10,11.464383817408816
2010-06-11 18:07:10,8.022035832202164
2010-06-11 18:07:10,9.954284206994998
2010-06-11 18:07:10,9.362446568158703
2012-09-01 19:04:18,11.832304142644716
2014-06-18 06:22:42,10.878548711614712
2014-06-18 06:22:42,11.743336789495515
2009-12-09 08:34:30,10.510132194935068
2009-12-09 08:34:30,11.402381381150917
2009-12-09 08:34:30,32.26018898098482
2009-12-09 08:34:30,33.489837520670335
2013-06-06 02:54:50,8.803920387825201
2013-06-06 02:54:50,10.19469930393825
2010-07-19 12:15:54,10.278947776250789
2010-07-19 12:15:54,10.03901516942824
2010-07-19 12:15:54,9.102096171256562
2010-07-19 12:15:54,8.97254541915936
2013-12-18 12:36:46,10.51475449921054
2013-12-18 12:36:46,18.67884177636006
2013-12-18 12:36:46,10.130475819629282
2013-12-18 12:36:46,8.506697965982312
2009-01-25 21:17:18,8.741209765379608
2009-01-25 21:17:18,7.9854574978780875
2012-10-03 09:18:22,10.622853302375006
2012-10-03 09:18:22,9.98441197010834
2012-10-03 09:18:22,11.973669590654026
2012-10-03 09:18:22,9.965080193054746
2012-10-03 09:18:22,9.639861740004562
2012-06-13 19:49:50,10.484270847933658
2012-06-13 19:49:50,10.857707124923763
2012-06-13 19:49:50,6.935619911721005
2011-09-03 00:03:42,11.147090308746556
2011-09-03 00:03:42,14.451032971626773
2011-09-03 00:03:42,8.59134824013563
2011-09-03 00:03:42,11.601934407448425
2011-09-03 00:03:42,10.390768483428474
2011-09-03 00:03:42,9.541527740551828
2011-09-03 00:03:42,9.401954461691275
2009-01-27 13:27:30,7.820830317092259
2009-01-27 13:27:30,9.808522645387711
2009-07-03 00:41:38,9.787609513166899
2009-07-03 00:41:38,11.700197816484433
2010-05-29 11:51:30,10.655324120642035
2013-07-02 22:27:14,9.403983706151848
2013-07-02 22:27:14,6.988793328473548
2015-05-09 11:33:58,11.293161617537407
2015-05-09 11:33:58,8.59604695480266
2015-05-09 11:33:58,18.87886295957469
2011-07-18 00:04:54,12.44033769879752
2011-04-03 03:46:18,9.714984947841003
2009-11-03 13:04:46,9.537043316322524
2009-11-03 13:04:46,10.136369410163752
2009-11-03 13:04:46,8.375879434184753
2010-06-25 14:00:14,12.787812837790625
2010-12-20 09:39:02,14.94964680843259
2010-12-20 09:39:02,10.556391199181235
2014-05-20 14:43:10,11.861703499447685
2014-05-20 14:43:10,10.500307296360916
2010-09-16 05:07:10,8.973670127243167
2011-08-01 17:44:30,11.557494798282278
2011-08-01 17:44:30,9.210987408292567
2011-08-01 17:44:30,8.77558075349225
2011-08-01 17:44:30,10.089585615269243
2011-08-01 17:44:30,11.661432238943235
2011-03-01 07:23:14,11.360895507123132
2011-03-01 07:23:14,8.792631706954126
2011-06-24 13:23:18,9.940674315870638
2011-06-24 13:23:18,10.296883794493624
2011-06-24 13:23:18,9.349530851928648
2011-06-24 13:23:18,10.349017900651234
2013-11-19 02:41:10,18.897475311512608
2012-01-01 18:02:46,11.774595054557722
2012-01-01 18:02:46,10.494621678124531
2015-03-28 19:31:26,10.054178784406758
2015-03-28 19:31:26,12.235113810116673
2015-03-28 19:31:26,9.720994827996037
2015-03-28 19:31:26,8.256984707744778
2010-07-13 11:53:15,12.068724495715287
2010-07-13 11:53:15,10.206488181567693
2010-07-13 11:53:15,10.995751996146282
2010-07-13 11:53:15,11.268028327871434
2013-02-07 13:47:59,11.236135399964041
2013-02-07 13:47:59,8.013153050917026
2013-02-07 13:47:59,8.688575324345948
2013-08-08 14:38:43,11.001924023106767
2013-08-08 14:38:43,10.739465798604215
2015-05-19 13:58:11,18.287388000704595
2015-05-19 13:58:11,10.512965344791155
2015-05-19 13:58:11,11.873403039880941
2015-05-19 13:58:11,19.463324831795035
2015-05-19 13:58:11,8.371554558119897
2015-05-19 13:58:11,12.067303257890671
2012-07-31 22:21:11,11.867827192611003
2012-07-31 22:21:11,12.294848973122498
2013-01-03 08:50:31,9.013617888871522
2013-01-03 08:50:31,7.726911710766217
2013-01-03 08:50:31,11.006177597058922
2013-01-03 08:50:31,8.592141542503668
2013-01-03 08:50:31,18.154639993354067
2013-01-03 08:50:31,8.686330208955042
2009-04-14 17:43:23,11.508986163360532
2009-04-14 17:43:23,8.642661300054897
2009-04-14 17:43:23,10.692826472461093
2009-04-14 17:43:23,7.99711343256422
2009-04-14 17:43:23,8.98751864037149
2009-04-14 17:43:23,8.962541979271919
2009-11-19 22:48:27,10.194940485833285
2009-11-19 22:48:27,14.031761415209985
2009-11-19 22:48:27,11.362130488327239
2013-02-15 00:37:15,8.948437293753159
2013-02-15 00:37:15,8.082441742946685
2013-02-15 00:37:15,10.774755882113823
2012-03-25 04:50:39,8.430177401131004
2012-03-24 23:33:59,10.774381752751651
2012-12-26 18:28:55,12.220971496475613
2012-12-26 18:28:55,11.227251045555022
2012-12-26 18:28:55,14.256486736598163
2012-12-26 18:28:55,8.385486701336049
2012-12-26 18:28:55,18.048602947310428
2012-12-26 18:28:55,23.813699358139274
2011-07-06 19:56:23,11.467613162783891
2011-07-06 19:56:23,8.29587185294622
2011-07-06 19:56:23,8.385578908142634
2011-07-06 19:56:23,8.862987556798544
2011-07-06 19:56:23,8.312365533183765
2014-12-15 10:41:15,10.533740424069038
2014-12-15 10:41:15,14.295123962536309
2014-12-15 10:41:15,9.662022269289082
2011-08-14 21:39:31,9.641215191993979
2011-08-14 21:39:31,9.028672795358943
2010-06-06 21:04:55,11.104691845994239
2013-09-27 19:02:51,9.988302777062927
2013-09-27 19:02:51,16.179813689155708
2013-09-27 19:02:51,8.841796766961124
2013-09-27 19:02:51,12.292713970926343
2013-05-28 18:24:27,9.594564752904262
2013-05-28 18:24:27,6.803057025581438
2013-05-28 18:24:27,9.917287187665352
2013-05-28 18:24:27,10.191812629143897
2015-06-15 14:34:03,7.504512992896707
2010-07-04 16:44:11,7.556532623619205
2010-07-04 16:44:11,41.9371709542811
2014-11-26 06:46:23,10.762644795202505
2010-07-27 11:37:43,9.97527653317593
2010-07-27 11:37:43,11.14864904336173
2010-07-27 11:37:43,7.98270837279415
2010-07-27 11:37:43,8.846907827411997
2010-07-27 11:37:43,12.03313279374197
2010-07-27 11:37:43,17.46739126848479
2010-12-19 16:25:15,9.921183419859517
2010-12-19 16:25:15,11.213117286386478
2010-12-19 16:25:15,11.073318888345966
2012-08-19 12:06:39,11.532110172038301
2011-02-26 12:32:15,7.52001456553262
2011-02-26 12:32:15,11.159781234688126
2015-06-18 20:56:55,9.473151458627399
2015-06-18 20:56:55,8.720742009219975
2015-06-18 20:56:55,13.23014371015961
2015-06-18 20:56:55,11.273644158869502
2013-11-24 21:33:11,31.83223184299277
2013-11-24 21:33:11,9.034382549391012
2015-04-28 20:15:27,31.30244896627846
2015-04-28 20:15:27,7.592230722120803
2015-04-28 20:15:27,11.135664570265362
2015-04-28 20:15:27,8.957507202643683
2015-04-28 20:15:27,11.437142989716449
2013-01-23 13:49:19,7.996151216138969
2013-01-23 13:49:19,18.87653391290587
2014-03-12 19:19:31,13.021847907622941
2014-03-12 19:19:31,18.752819994937454
2014-03-12 19:19:31,10.890466775204914
2010-07-26 09:54:11,8.20987327858711
2012-01-03 08:49:15,9.482846781033004
2012-01-03 08:49:15,34.17083211327008
2012-01-03 08:49:15,18.326842527791086
2012-01-03 08:49:15,8.884607951069484
2012-11-05 14:49:19,9.036728539618707
2012-11-05 14:49:19,11.748446125449846
2012-06-09 19:03:11,11.078443535152473
2012-06-09 19:03:11,9.120123184689874
2012-06-09 19:03:11,11.451580588805882
2012-06-09 19:03:11,10.44518076361419
2012-06-09 19:03:11,8.924340772884534
2010-10-17 23:12:19,10.317980549061758
2010-10-17 23:12:19,9.397485397765195
2010-10-17 23:12:19,8.762061490351698
2010-10-17 23:12:19,8.924858512702485
2010-10-17 23:12:19,11.925704812994809
2014-06-07 12:21:11,19.206100008603244
2014-06-07 12:21:11,9.155515680324243
2011-09-08 22:37:43,7.042104087417101
2011-09-08 22:37:43,11.905802604003838
2011-09-08 22:37:43,16.117677068590638
2011-09-08 22:37:43,8.007003887010796
2014-10-30 19:25:15,35.10733007971612
2014-10-30 19:25:15,12.621687608449065
2014-10-30 19:25:15,10.963063592460458
2014-10-30 19:25:15,17.805568364146893
2014-10-30 19:25:15,9.610809145509847
2010-06-18 22:52:11,12.042742676583657
2011-02-16 05:49:51,10.730158412245146
2011-09-13 13:31:51,10.735949102947416
2011-09-13 13:31:51,26.05227463846495
2011-09-13 13:31:51,7.903252785788936
2009-09-28 04:31:39,14.330464152331842
2009-01-11 03:31:55,11.520961375132174
2009-01-11 03:31:55,9.223606542744164
2009-01-11 03:31:55,7.0718760937725165
2009-01-11 03:31:55,8.956491768389242
2014-01-24 03:38:19,11.54569923119925
2014-08-06 18:03:31,10.094985625690242
2014-08-06 18:03:31,8.394717723807844
2009-08-26 00:46:43,7.930360869253491
2014-01-19 09:28:55,10.909951773001012
2010-01-27 06:01:59,9.206516642299903
2011-11-30 23:09:47,11.03213424641217
2011-11-30 23:09:47,13.552290637560873
2011-11-30 23:09:47,9.914014368780045
2014-08-03 23:37:31,10.35291925135607
2014-08-03 23:37:31,20.970169640959284
2014-08-03 23:37:31,8.64749058124653
2014-10-06 09:24:11,10.018542159235949
2014-10-06 09:24:11,13.740205067275383
2014-10-06 09:24:11,7.927130759591819
2014-10-06 09:24:11,10.141344480596672
2009-08-28 12:38:19,9.329709138095495
2009-08-28 12:38:19,11.029013233592195
2009-08-28 12:38:19,16.284362246808087
2009-08-28 12:38:19,10.610928541778776
2012-03-15 18:23:55,10.857988713762097
2012-03-15 18:23:55,12.03995493921866
2012-03-15 18:23:55,9.070356004109271
2012-03-15 18:23:55,10.630205085863054
2011-11-23 21:07:43,9.728560780924454
2011-11-23 21:07:43,12.622854776353051
2012-11-23 07:58:23,10.798710916720665
2010-11-17 19:10:23,16.37887548478284
2010-11-17 19:10:23,9.561691285041888
2010-11-17 19:10:23,12.179999883892378
2010-11-17 19:10:23,19.19119603757281
2010-11-17 19:10:23,10.47759235084959
2010-11-17 19:10:23,8.365841999235272
2015-02-14 13:15:19,10.769400206498176
2015-02-14 13:15:19,10.95183927501057
2015-02-14 13:15:19,9.241727687387538
2015-02-14 13:15:19,10.440134217671584
2015-02-14 13:15:19,13.87899544551874
2013-01-12 22:40:39,8.457116765741375
2013-01-12 22:40:39,9.339052483559499
2013-01-12 22:40:39,19.930926732809894
2013-01-12 22:40:39,11.119267724492602
2013-01-12 22:40:39,9.917975803507943
2011-04-12 12:06:07,9.859477479791167
2011-04-12 12:06:07,18.69145899652358
2010-11-04 20:14:39,9.6297603416333
2010-11-04 20:14:39,8.646799145230034
2010-11-04 20:14:39,8.558695799554698
2010-11-04 20:14:39,9.700129917666345
2010-11-04 20:14:39,9.900529946486131
2011-04-25 19:14:55,22.15304765802648
2011-04-25 19:14:55,11.33312114063665
2011-04-25 19:14:55,10.645490544371569
2011-04-25 19:14:55,10.85626884267549
2011-04-25 19:14:55,10.628732636148925
2010-02-15 14:20:31,12.138162216609999
2013-03-23 15:41:07,11.252681757126993
2013-03-23 15:41:07,10.990160245279185
2013-03-23 15:41:07,11.984407038145946
2012-12-09 06:04:39,27.500015833084035
2013-11-07 16:38:15,10.173906728283328
2013-11-07 16:38:15,9.120608639073907
2013-11-07 16:38:15,8.394210433732951
2011-08-08 11:18:15,10.315142681776706
2011-08-08 11:18:15,9.66149208929346
2011-08-08 11:18:15,12.348626037071881
2009-05-08 22:14:51,9.233142898538063
2009-05-08 22:14:51,10.17905371190318
2009-05-08 22:14:51,11.798744838239145
2012-11-15 18:22:19,10.189075852806127
2012-11-15 18:22:19,11.48899946970596
2012-11-15 18:22:19,7.54952418269022
2012-11-15 18:22:19,8.435745575310648
2012-11-15 18:22:19,9.10778584241416
2012-11-15 18:22:19,10.622554893207052
2012-11-15 18:22:19,8.89405622808954
2010-01-31 00:33:03,11.554863096680492
2010-01-31 00:33:03,11.284349568732068
2010-01-31 00:33:03,16.216217611628963
2010-01-31 00:33:03,10.613743060446723
2010-01-31 00:33:03,8.338290727386266
2012-04-20 07:30:43,11.560961676377701
2012-04-20 07:30:43,10.5783023886288
2012-04-20 07:30:43,10.355749078786175
2012-04-20 07:30:43,6.854034407311701
2009-09-29 09:38:15,9.618209433425363
2009-09-29 09:38:15,8.245928735606867
2010-12-31 05:30:19,8.879329879364377
2010-12-31 05:30:19,9.421062220579188
2009-01-18 18:22:07,44.07754883640155
2009-01-28 11:27:19,10.0235044615074
2013-05-04 05:00:43,8.55085279785635
2014-02-23 13:22:03,10.562202028937463
2014-02-23 13:22:03,8.002725804935835
2010-10-28 12:38:55,10.51435718870016
2010-10-28 12:38:55,10.307324968965986
2010-10-28 12:38:55,8.8952650569463
2015-05-20 19:39:11,10.00534186999721
2015-05-20 19:39:11,11.148818448218663
2015-05-20 19:39:11,9.937280642145197
2015-05-20 19:39:11,10.570826659979502
2015-05-20 19:39:11,8.835522871182548
2015-05-20 19:39:11,12.593356983450576
2015-05-20 19:39:11,10.484030283761967
2015-03-20 16:33:07,8.532681200968
2015-03-20 16:33:07,11.214306607611434
2013-04-26 17:05:07,9.236136831954354
2014-01-11 17:47:47,6.95068116764196
2014-01-11 17:47:47,11.793449386726934
2014-01-11 17:47:47,14.598396189439882
2014-01-11 17:47:47,7.92760537277718
2014-01-11 17:47:47,10.50989374870187
2012-03-10 10:48:43,9.024859718541848
2012-03-10 10:48:43,9.646359329130064
2012-03-10 10:48:43,9.778682679952908
2012-03-10 10:48:43,9.21181636737856
2012-03-10 10:48:43,8.777909586178794
2012-07-12 02:46:07,7.145848032516369
2009-01-06 14:48:51,9.026907747547739
2009-01-06 14:48:51,10.897596328026339
2009-01-06 14:48:51,9.070951159479591
2015-04-15 03:30:27,9.298745137602964
2015-04-26 21:44:23,18.77500736372349
2015-04-26 21:44:23,20.384692727750007
2014-11-24 05:03:51,9.52535847402396
2014-03-05 23:16:07,7.673126988529475
2015-01-04 00:28:11,13.005186651922486
2015-01-04 00:28:11,9.486979460874863
2015-01-04 00:28:11,10.08939763291346
2015-01-04 00:28:11,11.54809507868049
2014-12-17 20:56:31,12.147705097264407
2014-12-17 20:56:31,11.115286606198424
2014-12-17 20:56:31,9.90646921357984
2010-10-04 16:17:03,7.116788635124976
2010-10-04 16:17:03,10.634557347091686
2010-10-04 16:17:03,18.281281967409086
2010-10-04 16:17:03,11.332429657644752
2010-10-09 15:48:51,10.633247978041254
2010-10-09 15:48:51,10.609088515786425
2010-10-09 15:48:51,9.313796680711675
2013-10-10 11:09:23,10.829797270731433
2013-10-10 11:09:23,8.684820161339303
2013-10-10 11:09:23,11.26879208749233
2013-10-10 11:09:23,10.675044667657858
2013-10-10 11:09:23,12.596562219310727
2010-12-14 00:39:07,12.838790950287148
2010-12-14 00:39:07,8.529219400166767
2010-12-14 00:39:07,9.540288495159984
2013-01-08 07:03:07,11.364443170534287
2013-01-08 07:03:07,14.010109883620316
2013-01-08 07:03:07,9.60569266661878
2012-10-28 17:21:19,10.612672618733995
2012-10-28 17:21:19,8.149130480029271
2010-03-10 10:37:39,11.886071534534494
2010-03-10 10:37:39,6.654391585951089
2010-03-10 10:37:39,8.950829778474144
2010-03-10 10:37:39,10.245607342694711
2012-04-27 22:32:19,9.035775867667326
2012-04-27 22:32:19,9.869357647545257
2009-04-14 06:55:19,30.011315638679662
2009-04-14 06:55:19,7.725294861786097
2013-07-22 14:22:51,10.121567549349493
2012-02-11 21:23:07,10.422018445087815
2012-02-11 21:23:07,9.190435812444775
2012-02-11 21:23:07,10.842310757534506
2012-02-11 21:23:07,10.131869272916447
2015-05-10 12:37:51,9.305892230635436
2015-05-10 12:37:51,7.876148014331193
2015-05-10 12:37:51,8.868269796963432
2010-12-11 13:31:11,7.9977805267735675
2010-12-11 13:31:11,10.997891319606424
2010-03-01 22:21:55,8.147978581360803
2010-03-01 22:21:55,9.540349930581215
2014-11-03 22:00:07,7.561020948771329
2009-08-26 16:50:19,6.975561545626988
2009-08-26 16:50:19,11.08196016133661
2010-06-07 10:02:51,8.042609857449861
2010-06-07 10:02:51,9.238453287247467
2010-06-07 10:02:51,12.160422501656285
2010-06-07 10:02:51,9.943819234167677
2015-03-08 14:59:23,7.909293516599064
2015-03-08 14:59:23,24.621077660620358
2015-03-08 14:59:23,6.656669287467594
2010-12-13 05:52:47,10.414349568738544
2012-10-12 15:21:55,12.548452447499585
2011-05-17 07:53:55,11.4130001926751
2011-05-17 07:53:55,11.149350039313504
2011-05-17 07:53:55,10.96018870694752
2012-12-26 20:55:27,8.829579919662137
2012-12-26 20:55:27,9.737805175373069
2012-12-26 20:55:27,8.248660674129496
2009-02-22 14:59:11,11.758200036832932
2011-12-17 16:19:47,10.190634019856589
2011-12-17 16:19:47,9.614410328040321
2014-12-02 23:54:11,8.807939267713664
2014-12-02 23:54:11,9.229403700748662
2014-11-11 11:21:07,11.541357478175996
2014-07-11 12:35:19,10.943928575781683
2014-07-11 12:35:19,9.63304563082238
2014-07-11 12:35:19,10.887559564174808
2010-01-25 15:04:11,9.688873364881147
2010-01-25 15:04:11,11.708011014763542
2014-01-26 13:51:39,11.435478774448711
2014-01-26 13:51:39,11.371568484975796
2011-11-18 04:49:19,12.252655609823705
2011-11-18 04:49:19,25.701251272916124
2011-11-18 04:49:19,8.631758956806152
2014-11-30 15:46:23,10.11107332669053
2014-11-30 15:46:23,9.327342670820144
2014-11-30 15:46:23,16.29431259962439
2014-11-30 15:46:23,11.595030309305002
2011-08-20 15:50:39,17.70392145875303
2010-06-22 14:25:19,14.49200067566926
2010-06-22 14:25:19,9.759252782683689
2010-06-22 14:25:19,10.266906398952415
2010-06-22 14:25:19,9.62392916661156
2010-06-22 14:25:19,8.53110871374156
2010-12-06 18:51:31,7.465604574954341
2010-12-06 18:51:31,11.139838156283076
2014-05-25 19:46:59,9.722158551085158
2014-05-25 19:46:59,8.748122444620094
2014-05-25 19:46:59,8.21383614802653
2009-11-20 14:03:03,9.44559700093123
2009-11-20 14:03:03,10.361459571788146
2009-11-20 14:03:03,9.148315787409956
2009-11-20 14:03:03,9.74567430144998
2009-11-20 14:03:03,10.2518608984592
2010-09-17 18:21:11,9.779958095003167
2011-02-23 21:35:19,11.106797363372607
2011-02-23 21:35:19,10.511574426060179
2013-01-03 11:41:47,10.724926562594192
2014-04-04 05:47:11,8.366467868809195
2014-08-18 19:09:19,10.478232944498814
2014-08-18 19:09:19,10.743158239783952
2010-04-12 08:22:27,10.433694765761174
2010-04-12 08:22:27,10.834690626983502
2010-06-05 08:18:11,13.770080566600882
2010-06-05 08:18:11,8.385970128283589
2010-06-05 08:18:11,15.34161161553493
2013-05-07 23:58:31,16.246955003083713
2013-01-11 20:08:07,10.160366611764402
2013-02-17 23:55:55,10.112227929148503
2013-02-17 23:55:55,15.067467426179064
2013-02-17 23:55:55,7.154381679752987
2010-11-26 06:04:59,11.233505169973796
2013-10-09 17:27:39,9.846975927877793
2013-02-27 13:28:43,9.887271765599507
2013-02-27 13:28:43,7.013409402052275
2013-02-27 13:28:43,11.445658056969478
2013-02-27 13:28:43,10.10073932927844
2009-08-28 07:10:39,11.844126235615477
2009-08-28 07:10:39,12.368534268771327
2009-08-28 07:10:39,11.899619861447718
2009-08-28 07:10:39,9.732279744541302
2015-01-12 17:05:51,11.163594351473876
2015-01-12 17:05:51,8.01564274316297
2015-01-12 17:05:51,9.057415077695623
2015-01-12 17:05:51,12.194236331679349
2014-05-01 07:16:07,10.33829479855558
2009-01-12 07:47:39,9.264915776364433
2009-01-12 07:47:39,10.338197995422888
2009-01-12 07:47:39,8.577327750575932
2014-02-09 21:05:31,7.660335957485586
2014-02-09 21:05:31,11.497909624345994
2012-05-14 03:52:59,11.468699961124003
2011-04-28 19:39:43,9.561684430484092
2011-04-28 19:39:43,11.04878977793851
2011-04-28 19:39:43,6.8718079212285375
2011-04-28 19:39:43,6.8738624341986
2010-02-15 10:14:23,10.941689033435978
2010-02-15 10:14:23,22.840163378690704
2010-02-15 10:14:23,9.349799122785043
2010-08-18 05:24:15,9.598264333993939
2010-08-18 05:24:15,10.330434727216925
2010-05-31 06:46:59,26.48845218328097
2014-11-17 00:03:47,8.077678058540187
2012-11-16 00:09:43,17.321905765096744
2012-03-09 06:03:23,8.436516311185187
2013-10-18 13:05:19,11.01660000873926
2013-10-18 13:05:19,12.642242048061235
2013-10-18 13:05:19,12.544825990835307
2010-01-16 04:52:31,9.792320492686486
2013-08-18 00:32:15,13.253454449257333
2013-08-18 00:32:15,7.5756726053514285
2010-12-11 16:12:35,10.171768536256423
2010-12-11 16:12:35,9.08402814665169
2010-12-11 16:12:35,11.923733700699813
2010-12-11 16:12:35,8.535641909065816
2013-05-23 12:09:23,10.168194886215133
2013-05-23 12:09:23,12.12533919577254
2013-05-23 12:09:23,10.605396127144559
2014-12-11 08:20:39,12.489186727831111
2014-12-11 08:20:39,11.298210666076557
2011-01-28 19:41:11,7.931786010318319
2011-01-28 19:41:11,13.993760323515744
2011-03-24 04:46:51,15.105723608954577
2013-04-07 00:24:27,10.950196406487521
2013-04-07 00:24:27,6.822200676822831
2013-04-07 00:24:27,11.417338876988651
2010-08-17 21:22:39,15.756045994359738
2010-08-17 21:22:39,9.003398304692382
2010-08-17 21:22:39,9.767589177447007
2013-12-10 14:00:35,10.365496373213318
2013-12-10 14:00:35,11.603864516648173
2013-12-10 14:00:35,10.636541900486918
2011-09-18 05:32:51,24.785521729336324
2011-09-18 05:32:51,11.646668035107723
2011-09-18 05:32:51,9.194386250404932
2011-09-10 20:44:59,6.96036353731688
2011-09-10 20:44:59,10.384660222602179
2011-04-28 09:50:03,15.865110436634495
2011-04-28 09:50:03,11.784207767012049
2011-04-28 09:50:03,9.116240695580927
2010-02-26 18:34:51,11.012081237066013
2013-12-05 23:29:15,9.690910459035877
2013-12-05 23:29:15,11.163999208831228
2013-12-05 23:29:15,18.45149121497161
2013-12-05 23:29:15,32.43065119789571
2010-01-13 08:28:59,11.734268562580837
2010-01-13 08:28:59,8.112573153663106
2010-01-13 08:28:59,8.58983826748954
2010-01-13 08:28:59,9.109008962590451
2010-07-16 07:07:27,12.442820683185346
2012-06-16 14:33:19,8.746168835541539
2013-05-08 17:02:39,10.601720262433446
2013-05-08 17:02:39,9.901096092828084
2013-05-08 17:02:39,9.76578289284771
2013-05-08 17:02:39,7.998972651046643
2013-05-08 17:02:39,8.76614927258015
2013-05-08 17:02:39,11.532681942828276
2013-05-08 17:02:39,8.42587310851195
2011-02-28 08:34:27,9.295761819716063
2011-02-28 08:34:27,9.762176158656075
2011-02-28 08:34:27,9.917527898216576
2011-02-28 08:34:27,10.034797167654688
2011-02-28 08:34:27,11.433253514420358
2011-02-28 08:34:27,9.845826484841382
2011-02-28 08:34:27,9.371834051464248
2012-12-13 19:05:27,9.052783753044423
2012-12-13 19:05:27,11.035673973077792
2012-12-13 19:05:27,9.295602753780258
2009-03-25 01:20:55,9.419649316070718
2011-01-18 12:43:35,10.06743824869227
2010-07-13 07:38:03,9.145677697935753
2010-07-13 07:38:03,10.487737695348187
2010-07-13 07:38:03,9.42824537945853
2010-07-13 07:38:03,8.565992066198305
2010-07-13 07:38:03,8.342847186830113
2010-07-13 07:38:03,11.418273139803205
2009-01-26 15:16:43,16.659674713930144
2009-01-26 15:16:43,11.954773835719607
2015-05-18 01:13:35,10.267622923689487
2012-11-09 18:17:35,8.404643893687535
2012-11-09 18:17:35,9.376937094206369
2012-11-09 18:17:35,8.614362190681277
2012-11-09 18:17:35,11.1526595830328
2010-07-05 19:21:35,11.97072926560395
2010-07-05 19:21:35,11.338142822247391
2010-07-05 19:21:35,10.617287354325526
2010-07-05 19:21:35,6.586980792131726
2014-09-11 00:28:47,10.780955729136622
2014-09-11 00:28:47,6.940745888638048
2010-03-22 16:20:15,14.937577365832112
2010-03-22 16:20:15,10.312063439258054
2009-06-21 00:54:23,7.794005034387737
2009-06-21 00:54:23,12.270779661530469
2013-05-02 14:48:31,8.315858705471328
2011-09-12 09:15:15,8.330971407885954
2011-09-12 09:15:15,8.584056916301051
2011-09-12 09:15:15,9.316878003639431
2011-09-12 09:15:15,8.734534001079737
2009-02-27 07:09:23,9.576469661760711
2011-08-22 10:42:15,6.8606834932325
2011-08-22 10:42:15,12.616306114074177
2011-08-22 10:42:15,10.389859181146676
2011-11-29 22:19:51,7.679349674976038
2011-11-29 22:19:51,7.9926787536351185
2009-01-30 22:47:07,9.266345059000741
2009-01-30 22:47:07,11.200646254344974
2009-01-30 22:47:07,11.272199729643035
2012-04-18 20:03:35,8.01366713360403
2012-04-18 20:03:35,10.56861008017404
2012-04-18 20:03:35,7.981625534583145
2012-04-18 20:03:35,10.525858431867164
2013-09-26 20:54:19,12.58770224591899
2011-06-25 23:18:27,20.75572979358185
2009-01-17 02:21:55,16.92726132361895
2009-01-17 02:21:55,12.027088692040707
2014-11-01 15:31:15,13.887016596961985
2014-11-01 15:31:15,10.303914938494927
2014-11-01 15:31:15,10.533399215451936
2011-06-08 11:31:51,10.15293946390375
2011-06-08 11:31:51,8.65816680680291
2011-06-08 11:31:51,10.867259812088378
2013-07-12 23:17:31,10.584553738388422
2013-07-12 23:17:31,33.08762097942963
2012-07-10 18:24:47,10.292969721813279
2012-07-10 18:24:47,10.523262576913112
2012-07-10 18:24:47,10.165815498321535
2013-05-14 03:15:31,14.93453486848557
2009-04-20 21:08:35,10.647837682856334
2009-04-20 21:08:35,11.371176218524852
2009-04-20 21:08:35,13.740864656472695
2009-04-20 21:08:35,10.536037066207427
2011-01-19 08:30:47,11.311291867430555
2011-01-19 08:30:47,9.4652978697668
2011-01-19 08:30:47,9.486593039626314
2009-09-25 10:19:35,10.647421091856813
2009-09-25 10:19:35,9.988545743141003
2009-09-25 10:19:35,7.04280122637465
2012-02-17 15:11:23,9.185954649085033
2009-12-23 20:14:19,10.144771319082793
2009-12-23 20:14:19,10.59439142589872
2009-12-23 20:14:19,10.72054175044832
2012-09-14 05:42:59,10.672893643783027
2012-09-14 05:42:59,9.056024059324045
2009-04-06 13:47:15,7.448287947772769
2013-11-29 21:36:07,9.963945740591953
2011-11-07 00:22:31,9.729222814883542
2011-11-07 00:22:31,8.016750799344663
2009-09-04 08:02:51,9.901467770008821
2015-02-16 17:32:27,10.28976267078906
2015-02-16 17:32:27,9.29223049776374
2015-02-16 17:32:27,9.27575484904628
2015-02-16 17:32:27,11.50019275411978
2012-04-14 11:59:11,16.242329887074447
2012-04-14 11:59:11,11.357196966922857
2012-04-14 11:59:11,8.927485811173028
2011-12-11 11:05:51,10.104125512631072
2011-12-11 11:05:51,10.270932517607434
2010-01-03 13:07:27,7.5081501476634
2009-03-06 00:13:03,9.661324972019429
2009-03-06 00:13:03,10.680287757573751
2010-01-04 19:54:27,10.134455787952902
2010-01-04 19:54:27,9.906016855322378
2010-01-04 19:54:27,10.65065737542318
2014-08-01 16:50:03,10.573116177103657
2014-08-01 16:50:03,11.46300864830664
2014-08-01 16:50:03,10.74224803504876
2014-08-01 16:50:03,8.453522389279897
2010-11-25 16:22:19,9.241380768486124
2010-09-04 10:06:23,9.173396783045973
2009-04-28 13:35:27,11.524279110097268
2009-04-28 13:35:27,11.225210546157541
2009-04-28 13:35:27,14.595495503286656
2009-04-28 13:35:27,8.732087359734578
2012-07-26 00:23:59,11.03623513529601
2012-07-26 00:23:59,7.314531912110397
2012-07-26 00:23:59,11.496525324346294
2012-07-26 00:23:59,9.522554349008715
2012-07-26 00:23:59,9.830957609758116
2012-07-26 00:23:59,9.140062624597704
2012-07-26 00:23:59,7.326184545812794
2014-04-29 15:15:43,12.069783200693564
2014-04-29 15:15:43,10.61693217771608
2014-04-29 15:15:43,11.516095715092888
2010-04-23 00:00:03,13.048470601621375
2010-04-23 00:00:03,11.920366780590484
2010-05-22 23:46:19,7.929193244604903
2010-05-22 23:46:19,14.292346525677203
2010-05-22 23:46:19,14.248204543195243
2014-06-14 12:32:11,10.978360071994757
2014-06-14 12:32:11,11.368676684975071
2014-06-14 12:32:11,10.913608627204667
2014-06-14 12:32:11,11.411497280350886
2014-06-14 12:32:11,17.47400672101503
2012-06-09 22:57:15,8.606163212256433
2012-06-09 22:57:15,11.455560916350805
2014-04-22 01:28:15,44.85151932690496
2013-01-31 01:19:15,8.324366479466335
2013-01-31 01:19:15,10.48327537140176
2014-12-19 21:54:27,10.160358119890589
2014-12-19 21:54:27,8.603377124181861
2014-12-19 21:54:27,9.013082324658171
2014-12-19 21:54:27,6.994819610137711
2010-10-22 20:56:51,8.118148681087405
2010-10-22 20:56:51,17.15045398565053
2011-10-04 11:48:35,11.178582420096063
2011-10-04 11:48:35,11.506222392352356
2011-10-04 11:48:35,10.761398997263314
2010-12-31 13:32:39,7.393938011873615
2010-04-10 11:05:27,9.249468989244633
2010-04-10 11:05:27,11.15999980966808
2013-10-02 21:12:59,10.375326578863678
2013-10-02 21:12:59,9.347736687112047
2013-10-02 21:12:59,7.66509851344199
2013-10-02 21:12:59,9.433698594813904
2013-10-02 21:12:59,9.886447202987256
2013-10-02 21:12:59,9.705874798417426
2013-10-02 21:12:59,13.703996491211
2013-10-02 21:12:59,14.161628813890275
2009-03-14 05:27:55,12.508362269752979
2009-04-20 14:05:51,7.693756286711505
2009-04-20 14:05:51,11.584037656353757
2009-04-20 14:05:51,19.35461671993835
2009-04-20 14:05:51,10.431827414331565
2011-02-21 23:46:07,7.551103159059494
2010-08-21 20:25:07,11.311867302370956
2009-11-16 21:03:31,9.414476805315644
2009-11-16 21:03:31,10.041522474377416
2009-11-16 21:03:31,9.12356203644049
2009-11-16 21:03:31,10.406446509823581
2014-11-29 11:16:23,12.340686489826112
2014-11-29 11:16:23,9.403558055066242
2010-12-01 21:02:35,10.059264739185892
2010-12-01 21:02:35,9.094975601421538
2009-04-13 18:30:39,10.289933957010362
2009-04-13 18:30:39,11.182114587507385
2010-06-02 19:45:19,10.445609554279145
2010-06-02 19:45:19,9.36606047587884
2010-06-02 19:45:19,11.379683275552452
2012-04-16 14:29:35,12.084577471263401
2014-08-06 18:15:43,11.324389998184415
2014-08-06 18:15:43,11.903010288973746
2010-04-20 11:53:23,8.466183124926829
2010-04-20 11:53:23,11.75722726045933
2010-04-20 11:53:23,10.011874688405442
2010-04-20 11:53:23,10.055914675052918
2010-04-20 11:53:23,9.670908037978734
2009-05-21 20:50:31,10.432657753224703
2009-05-21 20:50:31,9.54971496350663
2009-05-21 20:50:31,11.34033547418403
2009-05-21 20:50:31,9.166312272929645
2014-08-16 21:59:59,10.04837415988004
2014-08-16 21:59:59,11.171258855358246
2010-09-13 07:05:39,11.233083998402435
2010-09-13 07:05:39,9.226813599239904
2010-01-28 12:25:11,10.303580984089422
2013-10-13 19:39:55,11.831513408857063
2013-10-13 19:39:55,7.2310566193191335
2013-10-13 19:39:55,11.552776534108489
2013-10-13 19:39:55,9.404653053265065
2013-10-13 19:39:55,8.765036511213111
2013-10-13 19:39:55,10.540262503896884
2013-10-13 19:39:55,11.782115176139996
2013-09-20 13:38:55,11.210503698153843
2013-09-20 13:38:55,9.31516926725817
2013-09-20 13:38:55,7.873706883590785
2013-09-20 13:38:55,10.176561512818807
2014-11-11 12:10:59,6.845919498628064
2014-11-11 12:10:59,10.019978148120572
2012-09-09 23:40:03,10.559156680095839
2013-02-18 11:13:23,10.625153106371727
2013-02-18 11:13:23,10.63763448120335
2013-02-18 11:13:23,18.560860317697006
2013-02-18 11:13:23,9.874427501084938
2011-06-05 12:38:43,11.07407172301646
2011-06-05 12:38:43,8.757294725997781
2011-06-05 12:38:43,33.48956789797012
2014-11-27 07:37:55,10.48090563972437
2010-05-23 15:28:55,12.102369104584795
2012-10-15 20:10:31,10.145941221926478
2012-10-15 20:10:31,9.913934648602662
2012-10-15 20:10:31,12.628277968375187
2012-10-15 20:10:31,10.688983524920332
2012-06-27 06:52:39,10.969413950771923
2013-06-07 13:52:55,11.799761688233048
2013-06-07 13:52:55,9.028223470235389
2013-06-07 13:52:55,13.414097208078601
2013-06-07 13:52:55,10.372938957429142
2013-06-07 13:52:55,9.71452122662049
2009-06-04 19:34:15,9.29779066042829
2009-06-04 19:34:15,59.780700094614076
2009-06-04 19:34:15,11.302365718396686
2009-06-04 19:34:15,9.243629683756808
2013-09-29 22:12:07,9.089574404724772
2013-09-29 22:12:07,9.810617883824307
2013-12-04 08:37:11,15.49534896557816
2013-12-04 08:37:11,11.078893952018916
2013-12-04 08:37:11,9.643219819527076
2010-05-02 12:39:55,12.466614519256837
2009-07-13 01:18:55,8.612800577038797
2009-07-13 01:18:55,10.72847080898282
2015-05-20 00:59:15,10.003727551531483
2015-05-20 00:59:15,8.872674914640811
2009-12-03 18:02:47,11.217878596153241
2014-06-24 02:41:11,8.2660682145397
2012-01-13 02:08:43,8.418762230139691
2012-08-06 21:07:55,15.65256899630549
2012-08-06 21:07:55,8.846544508984152
2012-08-06 21:07:55,9.967732498329497
2012-08-06 21:07:55,9.080953810740539
2012-08-06 21:07:55,9.08839740822441
2009-07-13 07:32:31,9.441159433719804
2009-07-13 07:32:31,11.657862499245311
2009-07-13 07:32:31,11.960107079998124
2014-09-10 17:52:51,11.069820598177103
2014-09-10 17:52:51,8.312792549255391
2014-09-10 17:52:51,9.785653595316035
2014-09-10 17:52:51,7.566230429341886
2014-09-10 17:52:51,10.332016769745678
2009-09-28 19:21:59,7.5578806554403855
2009-09-28 19:21:59,8.633875302468368
2009-09-28 19:21:59,8.858811475533003
2009-09-28 19:21:59,12.471956487281204
2009-09-28 19:21:59,8.83361360431445
2015-05-23 12:59:39,8.810241900500841
2015-05-23 12:59:39,8.685618411371252
2015-05-23 12:59:39,11.018154350054829
2010-02-10 12:16:03,11.293595300709057
2010-02-10 12:16:03,13.956693702886696
2014-01-11 23:10:59,10.84148956712852
2014-01-11 23:10:59,13.288291672015475
2014-01-11 23:10:59,11.068430978424658
2014-01-11 23:10:59,11.703140008343325
2014-01-11 23:10:59,14.220887366178431
2010-04-24 20:15:07,11.232118330204685
2013-08-07 00:31:07,34.199618636108426
2012-10-21 19:47:23,9.054246449568382
2012-10-21 19:47:23,7.843482420514192
2012-10-21 19:47:23,12.827264580730116
2013-05-24 07:22:51,11.64747153103599
2009-09-13 20:12:31,9.53311727235996
2009-09-13 20:12:31,7.2731360371417395
2010-10-31 08:51:59,11.280547480422683
2010-10-31 08:51:59,16.225626488638227
2013-06-04 23:58:11,8.451886749635378
2013-06-04 23:58:11,10.073671788635693
2013-06-04 23:58:11,9.609558364751138
2013-06-04 23:58:11,10.221023014988532
2013-06-04 23:58:11,14.198612012663943
2013-06-04 23:58:11,11.122319272179084
2013-06-04 23:58:11,16.56711572758104
2010-03-22 22:11:31,9.925012282008538
2010-03-22 22:11:31,10.991426600316117
2011-01-15 12:49:59,11.45921885584903
2011-01-15 12:49:59,14.598318475547785
2009-06-13 18:36:47,11.226147688203127
2009-06-13 18:36:47,9.628022418239198
2009-06-13 18:36:47,10.669649498382569
2009-05-06 16:41:35,8.42394463963501
2014-08-08 17:32:47,8.71614153444716
2014-08-08 17:32:47,15.349638931786103
2014-08-08 17:32:47,11.00929725887545
2014-04-02 11:55:15,10.875334226699124
2014-04-02 11:55:15,8.506486970405604
2011-01-04 10:12:51,9.378152182189297
2011-01-04 10:12:51,11.698986462448374
2011-01-04 10:12:51,11.60721485250724
2011-01-04 10:12:51,10.706736717891545
2010-09-22 09:42:31,10.563511778329485
2010-09-22 09:42:31,10.66601223917678
2010-09-22 09:42:31,11.040977218912303
2013-08-19 19:39:23,8.350988603131555
2013-08-19 19:39:23,9.437888743543226
2014-07-08 10:21:39,10.993262673693607
2014-07-08 10:21:39,11.525247454348573
2014-07-08 10:21:39,10.83799395501228
2014-07-08 10:21:39,9.570397046645667
2014-07-08 10:21:39,10.679917447316257
2014-07-08 10:21:39,7.0173382778448286
2015-03-11 16:36:39,10.443285537850898
2015-03-11 16:36:39,12.291294452697912
2015-03-11 16:36:39,10.853371635297663
2015-05-29 18:59:35,18.749246643992592
2015-05-29 18:59:35,10.171213431893193
2015-05-29 18:59:35,9.032667425050022
2015-05-29 18:59:35,11.687464083195664
2011-10-26 17:48:43,11.935381321920431
2011-10-26 17:48:43,10.566081329639928
2011-10-26 17:48:43,9.31883705069231
2011-10-26 17:48:43,8.033420462721551
2011-10-26 17:48:43,11.68468084194501
2011-10-26 17:48:43,11.324293342104284
2014-06-24 09:49:55,10.71798288273385
2014-06-24 09:49:55,9.413489321914312
2014-06-24 09:49:55,11.447768389049088
2014-06-24 09:49:55,11.233350411019273
2014-06-24 09:49:55,10.925328133394942
2014-06-24 09:49:55,7.92861292386624
2014-06-24 09:49:55,11.174702867343512
2009-03-14 20:59:19,9.042870377968939
2009-01-29 18:38:03,8.987553345756169
2009-01-29 18:38:03,16.950738567782537
2010-07-23 00:03:59,11.384121697734372
2013-01-11 12:28:03,8.773551987073006
2013-01-11 12:28:03,9.075542043037785
2013-01-11 12:28:03,11.965172190126395
2013-01-11 12:28:03,9.285750067665504
2013-01-11 12:28:03,10.717933403939242
2013-02-20 02:00:23,8.794213559875061
2013-02-20 02:00:23,11.258642132932437
2013-02-20 02:00:23,14.697277351913726
2009-11-03 19:53:27,8.670238822673127
2009-11-03 19:53:27,9.725307663746207
2009-12-19 21:56:15,9.824701032841404
2009-12-19 21:56:15,11.159085238912667
2014-03-22 12:24:03,14.405165960914019
2014-03-22 12:24:03,11.179051022067142
2009-12-21 21:20:43,9.50077482344932
2009-12-21 21:20:43,10.972357873893998
2009-08-21 15:35:07,11.894035815308598
2009-08-21 15:35:07,33.64958145879609
2009-08-21 15:35:07,11.407674683967343
2010-04-25 13:28:47,9.399647450258271
2010-04-25 13:28:47,15.1957780714838
2010-11-02 18:49:59,10.367392679643672
2010-11-02 18:49:59,10.104090666780394
2010-11-02 18:49:59,8.070412731141914
2011-04-02 00:27:03,12.833029625611744
2011-04-02 00:27:03,10.856985729220469
2011-04-02 00:27:03,8.926816246637827
2011-04-02 00:27:03,9.706721952847147
2011-04-02 00:27:03,11.437609646103738
2011-04-02 00:27:03,8.97687142767245
2013-12-29 12:31:55,11.475806290402033
2013-12-29 12:31:55,9.93465419097447
2013-12-29 12:31:55,9.749932721042569
2012-05-02 12:02:03,12.260231808393655
2012-05-02 12:02:03,9.55999262880323
2012-05-02 12:02:03,10.472036582435976
2012-05-02 12:02:03,10.575633766868123
2012-05-02 12:02:03,8.95600388996536
2009-07-21 10:36:43,7.343400963627573
2009-07-21 10:36:43,10.334193417840652
2009-07-21 10:36:43,8.065325089117323
2012-09-16 18:14:55,11.141847347216753
2012-09-16 18:14:55,9.263546004392992
2012-09-16 18:14:55,11.853526117916772
2010-04-21 06:28:47,10.53042751866451
2009-03-02 09:30:07,7.995762534228561
2009-03-02 09:30:07,10.799209615497602
2010-12-18 15:32:19,10.668269017583953
2013-02-20 08:23:31,11.091767000261825
2015-02-11 20:51:51,15.751822283145884
2015-02-11 20:51:51,7.9264144810258585
2015-02-11 20:51:51,11.11458647359541
2015-02-11 20:51:51,11.30550475166092
2015-02-11 20:51:51,9.454650572170067
2015-02-11 20:51:51,10.79472031889236
2013-12-07 01:41:59,10.308012021692775
2013-12-07 01:41:59,14.62462847246934
2014-03-04 12:06:35,9.9785267879397
2014-03-04 12:06:35,11.30397549992631
2014-03-04 12:06:35,10.724880093472166
2014-03-04 12:06:35,9.713443349864974
2013-05-21 06:52:59,6.399084578471957
2013-05-21 06:52:59,9.289009515676298
2013-05-21 06:52:59,10.431085210757374
2009-09-09 08:09:19,11.74072496793815
2009-09-09 08:09:19,11.173655865448382
2012-06-22 20:50:55,10.552320092070659
2010-04-06 09:14:59,9.301187782362831
2010-04-06 09:14:59,7.171952179378422
2010-04-06 09:14:59,14.25128373534244
2009-04-03 07:49:39,10.173337525500756
2009-04-03 07:49:39,10.272744187612261
2011-08-28 16:06:43,10.671257866983069
2010-12-19 15:52:31,10.707428149598854
2010-12-19 15:52:31,12.257154426713896
2010-12-19 15:52:31,9.050907873031974
2010-12-19 15:52:31,10.396810665399244
2014-07-12 00:15:59,11.231513089791406
2014-07-12 00:15:59,23.842325437892214
2014-07-12 00:15:59,21.31911999460135
2009-03-31 10:27:19,10.326393726707465
2009-03-31 10:27:19,11.326973288119916
2009-03-31 10:27:19,9.099355367929093
2014-07-31 10:39:39,7.412173317105044
2012-06-02 07:16:31,10.300823536825192
2012-06-02 07:16:31,25.28644149290085
2012-06-02 07:16:31,12.201724453658244
2012-09-27 15:03:15,14.598346536207828
2012-07-05 02:23:47,11.62834754227697
2013-09-14 18:28:03,14.485685307159656
2013-09-14 18:28:03,11.427889008273269
2009-04-22 04:26:35,13.435223847300222
2015-02-14 09:08:11,39.91298334819294
2012-01-19 20:26:35,7.116428776298562
2012-01-19 20:26:35,12.223603008031205
2012-01-19 20:26:35,9.038918049507629
2015-03-13 13:04:59,8.4222913052472
2015-03-13 13:04:59,10.415659794804014
2015-03-13 13:04:59,10.83587585598434
2015-03-13 13:04:59,10.167457029278012
2015-03-13 13:04:59,7.315936937917286
2015-03-13 13:04:59,8.841256010180587
2015-03-13 13:04:59,12.169153125996672
2013-07-25 13:47:39,10.10790414767871
2013-07-25 13:47:39,10.108011414014982
2014-03-07 11:45:35,7.181079701178533
2014-03-07 11:45:35,8.89999137128325
2013-10-31 06:09:15,8.163944611444094
2014-09-11 06:41:15,8.395294003625168
2014-09-11 06:41:15,12.288202507095775
2014-09-11 06:41:15,8.163215248023334
2014-09-11 06:41:15,9.40960889775306
2012-06-04 09:50:39,19.158744994823792
2012-06-04 09:50:39,11.075698808846937
2012-06-04 09:50:39,8.07810343851088
2012-06-04 09:50:39,10.2116299991103
2012-06-04 09:50:39,9.146559290195
2010-06-07 07:37:55,8.918964012866127
2010-06-07 07:37:55,10.176748838497588
2010-06-07 07:37:55,8.961065659512315
2010-06-07 07:37:55,11.139251903552577
2015-02-25 18:00:51,7.694965737176972
2015-02-25 18:00:51,10.701471419624795
2015-02-25 18:00:51,8.843198862699865
2015-02-25 18:00:51,8.012782215009793
2015-02-25 18:00:51,10.018099925049682
2015-02-25 18:00:51,10.112619600004109
2015-02-25 18:00:51,11.337028931315217
2015-02-08 08:44:03,11.03941878509795
2010-12-11 15:16:35,7.9777363863177015
2010-12-11 15:16:35,9.536591863639842
2014-05-19 18:38:19,12.415738337975199
2014-05-19 18:38:19,11.669270371588937
2009-07-19 08:38:51,7.474249285134647
2013-08-20 12:05:47,10.985674706591453
2013-08-20 12:05:47,7.987766972524696
2013-08-20 12:05:47,11.140211961275782
2013-08-20 12:05:47,10.124210308928014
2014-03-11 19:48:15,9.77632989403719
2014-03-11 19:48:15,10.958402391430354
2014-03-11 19:48:15,9.830346121785624
2014-03-11 19:48:15,11.269624212154667
2014-03-11 19:48:15,10.000556263317776
2014-03-11 19:48:15,13.521696710588003
2014-03-11 19:48:15,8.860225330916364
2013-01-09 02:05:51,8.718691645588478
2009-08-08 11:41:51,12.045980075541593
2009-08-08 11:41:51,9.370694095379804
2009-08-08 11:41:51,10.748707277647554
2014-06-18 16:08:03,11.321862517457703
2014-06-18 16:08:03,15.201045406744015
2013-06-02 16:26:47,10.53679717633895
2013-06-02 16:26:47,9.274479386866005
2009-07-29 10:02:47,11.012188561715448
2009-07-29 10:02:47,11.253144424872517
2013-02-16 14:26:51,10.038593740895521
2012-05-11 03:48:31,10.821382096983143
2010-01-22 05:47:59,7.960022450217366
2012-11-12 11:57:03,25.711898234187174
2012-01-04 00:06:39,9.858824860717505
2010-12-28 20:17:27,8.95256144196901
2010-12-28 20:17:27,10.68241585414762
2010-12-28 20:17:27,10.994313608018274
2009-03-18 08:03:07,11.668479112047862
2009-03-18 08:03:07,11.07153721173745
2011-10-07 12:38:19,11.714779739344522
2011-10-07 12:38:19,10.935922297170691
2011-10-07 12:38:19,11.33166710972182
2011-10-07 12:38:19,9.154195339800935
2009-12-12 22:01:31,7.633840782380503
2009-12-12 22:01:31,10.59342781680607
2009-12-12 22:01:31,10.999577192862489
2009-12-12 22:01:31,11.249089746625032
2009-12-12 22:01:31,9.741876391090045
2015-04-19 20:44:15,11.181112792242857
2015-04-19 20:44:15,13.599091892570868
2015-04-19 20:44:15,8.645463278786337
2012-03-23 01:36:31,8.270678982373283
2012-03-23 01:36:31,12.11819150518204
2014-10-08 21:24:47,9.47038850829631
2014-10-08 21:24:47,9.521378098659625
2011-02-03 01:27:31,13.409878642323747
2011-05-20 23:42:59,9.480994008517882
2014-01-04 10:54:59,7.565390285573812
2014-01-04 10:54:59,9.650853949953671
2009-11-23 05:45:11,14.828360749768763
2013-01-22 16:25:11,10.229085235288949
2013-01-22 16:25:11,18.340335133438202
2013-01-22 16:25:11,9.15872447419315
2015-05-12 08:31:07,21.750188512574823
2015-05-12 08:31:07,10.412533566750426
2015-05-12 08:31:07,8.796108263921269
2015-05-12 08:31:07,8.356166228577422
2015-05-12 08:31:07,11.02985642623571
2015-05-12 08:31:07,11.166925101308152
2015-05-12 08:31:07,19.738246804790833
2015-05-12 08:31:07,13.747302280789881
2013-09-26 06:58:55,9.338728462131257
2013-09-26 06:58:55,8.016428243785413
2014-09-14 23:26:11,11.961413531054859
2014-09-14 23:26:11,8.547971254989534
2009-08-26 08:06:15,10.680022934368026
2009-08-26 08:06:15,19.79531492123715
2009-08-26 08:06:15,9.227649311756977
2014-10-13 06:14:51,10.090531313369866
2013-02-02 16:07:55,8.842322413416696
2013-02-02 16:07:55,11.485598408144142
2013-02-02 16:07:55,10.819657006519265
2014-04-05 01:52:27,7.887550521003504
2014-04-05 01:52:27,16.267187617082527
2010-02-23 20:29:51,10.220942885984186
2010-02-23 20:29:51,12.146131233856067
2011-01-25 00:01:03,9.874816710136656
2011-01-25 00:01:03,8.405853423266308
2013-11-01 13:07:47,12.176757947354417
2013-11-01 13:07:47,11.420448608814695
2013-11-01 13:07:47,10.406981002195607
2013-11-01 13:07:47,11.903629757371164
2015-03-07 15:25:59,12.49162687979151
2015-03-07 15:25:59,8.926037670744336
2015-03-07 15:25:59,8.857605203354979
2013-10-06 21:05:11,14.487389520161742
2013-10-06 21:05:11,10.149114445193845
2009-04-16 15:57:31,11.161587647144188
2012-02-21 20:45:03,11.616447587606672
2012-02-21 20:45:03,8.290059258943074
2010-01-10 12:55:43,8.906234918918926
2015-01-31 01:05:19,12.296307751828863
2015-01-31 01:05:19,16.892415597900253
2015-01-31 01:05:19,11.437158885884855
2015-01-31 01:05:19,10.90852595477736
2015-01-31 01:05:19,11.422918020507495
2015-01-31 01:05:19,10.254677852988607
2011-10-23 17:43:43,9.025182526173012
2015-03-16 21:12:19,15.528407392042936
2015-03-16 21:12:19,11.247347256328794
2015-03-16 21:12:19,11.893732154325335
2015-03-16 21:12:19,10.454708795263286
2015-03-16 21:12:19,8.438442366841628
2012-09-29 20:16:51,8.098676551639073
2012-09-29 20:16:51,21.412134530857657
2012-09-29 20:16:51,10.523930454919537
2012-09-29 20:16:51,9.362375932219948
2009-08-03 16:28:07,10.787178296979619
2009-08-03 16:28:07,9.76518887148086
2009-08-03 16:28:07,8.320050602649644
2009-08-03 16:28:07,15.320820300958076
2009-07-30 15:49:15,9.649517273133824
2009-07-30 15:49:15,9.19442014048036
2009-07-30 15:49:15,8.962635646326817
2015-01-18 14:06:23,16.264262591910665
2015-01-18 14:06:23,11.135738185050286
2015-03-02 14:08:03,9.694938164104315
2015-03-02 14:08:03,10.618583636714902
2009-09-07 19:35:39,10.724973493726793
2009-09-07 19:35:39,7.639270452051278
2014-07-01 15:15:23,10.97015158859358
2014-07-01 15:15:23,10.72204281408267
2014-07-01 15:15:23,8.58651981490948
2014-07-01 15:15:23,10.741101130175593
2014-07-01 15:15:23,18.02290329893549
2013-04-18 02:55:07,14.28524692733481
2010-02-10 16:57:19,11.461215917131995
2013-02-15 18:45:39,10.32252241594324
2011-06-22 01:50:11,14.508445938614386
2014-05-06 23:54:59,16.576443678735814
2014-05-06 23:54:59,11.75312665720412
2014-05-06 23:54:59,10.929201470815315
2014-05-06 23:54:59,9.642708178851535
2012-04-23 21:05:31,15.116779809697618
2012-04-23 21:05:31,7.093595176522285
2012-04-23 21:05:31,7.317729946029431
2012-04-23 21:05:31,11.664640743421842
2012-04-23 21:05:31,11.870249101295485
2012-04-23 21:05:31,10.941620094414247
2009-03-20 07:29:39,10.8825189777599
2009-03-20 07:29:39,20.859085949465225
2009-03-20 07:29:39,10.990396649389368
2014-06-25 15:08:19,11.286505049751213
2014-06-25 15:08:19,9.878505763670546
2011-06-09 14:51:15,11.174017486895536
2011-06-09 14:51:15,10.847542233093918
2011-06-09 14:51:15,10.391820196891786
2011-06-09 14:51:15,9.975708918176679
2015-01-27 13:08:24,8.449693477003166
2011-07-24 14:52:56,9.938653098568466
2011-10-08 11:53:44,11.822997445200599
2012-12-01 21:12:12,8.490505856510936
2013-11-22 15:43:12,7.699826190613749
2012-07-15 16:45:04,10.547435226595553
2012-07-15 16:45:04,9.810267450729953
2014-06-14 13:39:00,10.372162985770046
2014-06-14 13:39:00,9.801886936489609
2014-06-14 13:39:00,9.258221063975725
2014-06-14 13:39:00,10.317373226429481
2014-06-14 13:39:00,10.795839002301364
2014-06-14 13:39:00,12.551853946215488
2014-06-14 13:39:00,10.275522394023938
2014-06-14 13:39:00,11.26659594314333
2014-06-14 13:39:00,9.831853548239451
2014-06-14 13:39:00,10.32345198999974
2014-06-14 13:39:00,7.12468210147199
2014-06-14 13:39:00,8.766184062476896
2014-06-14 13:39:00,10.367726070086064
2014-06-14 13:39:00,9.504507678237132
2014-06-14 13:39:00,9.181793689020196
2014-06-14 13:39:00,9.119765141589596
2014-06-14 13:39:00,10.974108637235986
2014-06-14 13:39:00,11.477545711839412
2014-06-14 13:39:00,10.702967548559172
2014-06-14 13:39:00,11.254183521936284
2014-06-14 13:39:00,6.0360181056403235
2014-06-14 13:39:00,11.46320342114086
2014-06-14 13:39:00,12.821166050882312
2014-06-14 13:39:00,2.4960023763778736
2010-08-22 21:14:08,11.539718475896734
2011-06-24 20:34:48,11.81959114172605
2011-06-24 20:34:48,10.677030326209206
2011-03-28 20:38:36,9.614589648399487
2009-10-21 02:11:24,9.781293032967369
2011-05-21 13:16:20,8.959162361517883
2015-01-31 20:54:04,11.159488769608288
2010-05-10 10:37:04,8.475077322671495
2010-03-20 21:35:20,10.555458245487898
2010-03-20 21:35:20,16.873832531364314
2012-08-22 22:39:20,9.871512575407905
2012-08-22 22:39:20,8.069611321050616
2012-12-23 02:29:16,11.411443021843297
2011-10-02 23:36:00,9.816382190156219
2011-10-02 23:36:00,10.172783716991034
2011-10-02 23:36:00,10.732771723533006
2011-10-02 23:36:00,10.215953238139264
2011-10-02 23:36:00,9.207111518557213
2011-10-02 23:36:00,10.145715244323583
2011-10-02 23:36:00,9.339213354156527
2011-10-02 23:36:00,10.085757764612936
2011-10-02 23:36:00,10.716446597307367
2011-10-02 23:36:00,17.84163555203486
2011-10-02 23:36:00,10.173305821157555
2011-10-02 23:36:00,12.656696040079623
2011-10-02 23:36:00,10.874571954858766
2011-10-02 23:36:00,10.485018433972073
2011-10-02 23:36:00,8.466824199796974
2011-10-02 23:36:00,10.680955385334528
2013-03-21 12:47:28,11.75160849142594
2013-03-21 12:47:28,7.466329774762926
2010-09-05 22:31:32,8.380363879568904
2013-07-12 23:33:24,10.947127049719711
2015-06-08 20:02:56,9.426808079444527
2011-10-11 22:13:48,9.36928455911766
2011-10-11 22:13:48,7.525830060154476
2013-09-14 16:53:20,10.32963829523942
2013-09-14 16:53:20,10.516430351910458
2014-02-06 09:09:56,10.382078936354446
2009-06-10 16:55:00,9.285091880421533
2009-06-10 16:55:00,9.848804878869487
2009-06-10 16:55:00,9.597275858121066
2009-06-10 16:55:00,10.46189608084569
2009-06-10 16:55:00,10.148455167709471
2009-06-10 16:55:00,10.764602555971578
2009-06-10 16:55:00,15.593321067693978
2009-06-10 16:55:00,9.193474748473818
2009-06-10 16:55:00,9.189789704778377
2009-06-10 16:55:00,8.513471740667228
2009-06-10 16:55:00,10.420073014262016
2009-06-10 16:55:00,9.288058440506575
2009-06-10 16:55:00,9.639294647720817
2009-06-10 16:55:00,8.285643607161546
2009-06-10 16:55:00,11.293289363282383
2009-06-10 16:55:00,22.237407060467376
2009-06-10 16:55:00,32.57103374261351
2009-06-10 16:55:00,8.135357486615248
2009-06-10 16:55:00,18.958403772789097
2009-06-10 16:55:00,10.22814928146181
2009-06-10 16:55:00,15.36084552596185
2009-06-10 16:55:00,7.5516185771048185
2009-06-10 16:55:00,11.373792492193388
2013-06-26 11:19:36,10.710411129011845
2009-05-02 20:11:32,10.248244232825527
2009-05-02 20:11:32,7.5659004686021945
2011-06-24 12:03:00,12.134005713203805
2011-06-24 12:03:00,9.262238073546541
2011-06-24 12:03:00,14.335069929975361
2011-06-24 12:03:00,9.169897242316438
2011-06-24 12:03:00,19.684308781976142
2011-06-24 12:03:00,7.698535971972888
2011-06-24 12:03:00,9.73493225401944
2011-06-24 12:03:00,10.884436737991564
2011-06-24 12:03:00,11.255144335904333
2011-06-24 12:03:00,10.728087652123577
2011-06-24 12:03:00,10.869221401631876
2011-06-24 12:03:00,11.517093442549594
2011-06-24 12:03:00,10.302219566421627
2011-06-24 12:03:00,9.84006238780239
2011-06-24 12:03:00,9.6208056114192
2011-06-24 12:03:00,9.501586876422152
2011-06-24 12:03:00,39.87876159405096
2011-06-24 12:03:00,11.859855408747535
2011-06-24 12:03:00,9.539462036345867
2011-06-24 12:03:00,15.537671001258786
2011-06-24 12:03:00,9.459723314133953
2011-06-24 12:03:00,13.678694097268817
2011-06-24 12:03:00,10.240147793723736
2011-06-24 12:03:00,18.755839930081493
2011-06-24 12:03:00,9.313966097546654
2011-06-24 12:03:00,9.312801644768115
2011-06-24 12:03:00,11.284324828689932
2011-06-24 12:03:00,10.052339360305268
2011-06-24 12:03:00,9.168246221101072
2011-06-24 12:03:00,10.985776641020493
2011-06-24 12:03:00,10.546637281197036
2011-06-24 12:03:00,23.960452965542572
2011-06-24 12:03:00,9.316844898596173
2011-06-24 12:03:00,10.591893561620964
2011-06-24 12:03:00,8.130723117124944
2014-06-15 07:06:00,51.34516366203934
2014-06-15 07:06:00,8.480981949451234
2014-06-15 07:06:00,16.505044222451033
2014-06-15 07:06:00,15.95306993527629
2014-06-15 07:06:00,8.784237987914821
2014-06-15 07:06:00,11.367891289817635
2014-06-15 07:06:00,10.991062386217891
2014-06-15 07:06:00,25.876956912570677
2012-08-09 01:30:36,13.80745396833845
2015-05-30 21:29:04,47.32973880059399
2015-05-30 21:29:04,8.35651678967588
2009-10-26 12:01:36,15.285003075552595
2013-02-02 15:45:08,10.737188155870172
2010-12-14 23:27:36,15.328239780454169
2010-12-14 23:27:36,6.725937405297373
2010-12-14 23:27:36,10.696124109972516
2014-04-14 13:48:32,16.140787560561876
2014-04-14 13:48:32,10.658842020764496
2014-08-07 16:57:56,8.90144357596364
2009-09-14 02:19:00,12.306425999291605
2009-09-14 02:19:00,7.905496290761221
2009-09-14 02:19:00,10.54153625363142
2009-09-14 02:19:00,7.773046824617268
2009-09-14 02:19:00,11.645569434882418
2009-09-14 02:19:00,8.77428244818475
2009-09-14 02:19:00,11.247092037236143
2014-03-17 16:07:56,7.900129252106126
2011-06-12 11:31:48,8.962471999830086
2011-06-12 11:31:48,8.153868201872683
2011-06-12 11:31:48,10.29346100818475
2015-06-24 14:19:52,8.10712717714705
2010-08-21 22:21:32,11.396122414307683
2012-01-26 11:17:36,10.534741823799777
2015-02-27 14:15:52,9.89297271426949
2015-02-27 14:15:52,10.069080811510503
2014-09-14 17:22:12,10.251203667055961
2009-01-02 17:45:40,41.212946071318584
2009-01-02 17:45:40,8.794594099399546
2009-01-02 17:45:40,9.748593944666936
2009-01-02 17:45:40,8.594629479042851
2009-01-01 11:04:24,9.025056579532247
2009-01-01 11:04:24,10.240740930126776
2014-04-28 19:46:36,9.85163602931243
2011-06-01 07:37:00,13.110225720518429
2011-06-01 07:37:00,10.553138960363867
2011-06-01 07:37:00,10.393619651869813
2011-06-01 07:37:00,10.881915454527189
2011-06-01 07:37:00,11.041020200538696
2011-06-01 07:37:00,11.078599485072118
2011-06-01 07:37:00,11.032304113141436
2011-06-01 07:37:00,11.001205235894304
2011-06-01 07:37:00,10.473869633955474
2011-06-01 07:37:00,15.577663443251367
2011-06-01 07:37:00,17.446690969465635
2011-06-01 07:37:00,11.09096091849824
2011-06-01 07:37:00,11.636368196841431
2011-06-01 07:37:00,10.307063204812948
2011-06-01 07:37:00,8.759765352733666
2011-06-01 07:37:00,6.814333981943491
2011-06-01 07:37:00,10.902239126349741
2011-06-01 07:37:00,10.86601921059082
2011-06-01 07:37:00,10.873642518734414
2011-06-01 07:37:00,8.391169416509001
2011-06-01 07:37:00,11.680080168431232
2011-06-01 07:37:00,10.708269805043528
2011-06-01 07:37:00,10.668856600410436
2011-06-01 07:37:00,11.302044075875529
2011-06-01 07:37:00,10.751758093347235
2010-08-27 18:45:00,10.860843106484026
2010-08-27 18:45:00,11.04954015448493
2010-08-27 18:45:00,9.915821619062626
2010-08-27 18:45:00,10.887436801298463
2010-08-27 18:45:00,8.624583298942525
2010-08-27 18:45:00,25.218020508524205
2010-08-27 18:45:00,7.174208302549232
2010-08-27 18:45:00,9.168726173335017
2010-08-27 18:45:00,9.68434574567982
2010-08-27 18:45:00,10.866148588716896
2010-08-27 18:45:00,10.801441355642964
2010-08-27 18:45:00,12.099746541112836
2010-08-27 18:45:00,9.111033354876781
2010-08-27 18:45:00,12.080737915131976
2010-08-27 18:45:00,9.612016855418915
2010-08-27 18:45:00,8.813031078616405
2010-08-27 18:45:00,10.162524003473663
2010-08-27 18:45:00,7.915628959603055
2010-08-27 18:45:00,9.848258810909101
2010-08-27 18:45:00,9.996607780296472
2010-08-27 18:45:00,9.805724713916788
2010-08-27 18:45:00,24.166873385913277
2010-08-27 18:45:00,8.416033013954802
2010-08-27 18:45:00,11.530857380623274
2010-08-27 18:45:00,10.434306002558515
2010-08-27 18:45:00,8.662565616506981
2010-08-27 18:45:00,7.141521172710782
2010-08-27 18:45:00,11.759114079099163
2010-08-27 18:45:00,23.70723801355598
2010-08-27 18:45:00,10.459474789864544
2010-08-27 18:45:00,10.60719373077336
2010-08-27 18:45:00,7.001945490444996
2010-08-27 18:45:00,9.29856379924422
2010-08-27 18:45:00,8.59429530215857
2010-08-27 18:45:00,11.079855906489684
2011-02-12 00:43:24,11.25032033093703
2014-05-07 06:50:20,8.127081496559185
2010-08-14 02:13:00,10.755988032102323
2010-08-14 02:13:00,9.720808352576569
2010-08-14 02:13:00,10.878996600511528
2010-08-14 02:13:00,11.651118252084416
2010-08-14 02:13:00,17.246395680931528
2010-08-14 02:13:00,9.646319762034182
2010-08-14 02:13:00,10.726441158569287
2010-08-14 02:13:00,10.675166777034974
2010-08-14 02:13:00,9.47039290567227
2010-08-14 02:13:00,7.653584328050783
2010-08-14 02:13:00,7.075735853499282
2010-08-14 02:13:00,13.942855859377232
2010-08-14 02:13:00,17.442245968752104
2010-08-14 02:13:00,-6.722912783237916
2010-08-14 02:13:00,9.230820230479367
2010-08-14 02:13:00,12.142899295735333
2010-08-14 02:13:00,8.883785545715
2010-08-14 02:13:00,17.206896306815906
2010-08-14 02:13:00,13.453388713303866
2010-08-14 02:13:00,12.587799913506387
2010-08-14 02:13:00,8.540767211829007
2010-08-14 02:13:00,13.577995658552027
2010-08-14 02:13:00,10.873717570202643
2010-08-14 02:13:00,12.920643659426787
2010-08-14 02:13:00,10.14408286215803
2010-08-14 02:13:00,9.711502950038266
2010-08-14 02:13:00,9.90404605463118
2010-08-14 02:13:00,18.004508161153353
2014-03-25 23:47:00,7.252362068045841
2014-03-25 23:47:00,7.265553792500214
2014-03-25 23:47:00,13.34126000662036
2014-03-25 23:47:00,10.85137431232215
2014-03-25 23:47:00,11.283386017334124
2014-03-25 23:47:00,12.009346125667435
2014-03-25 23:47:00,10.946351343964125
2014-03-25 23:47:00,9.939605164872773
2014-03-25 23:47:00,10.811246698011018
2014-03-25 23:47:00,9.734856741039039
2014-03-25 23:47:00,15.181933436628242
2014-03-25 23:47:00,11.543201145292187
2014-03-25 23:47:00,9.82244479862311
2014-03-25 23:47:00,7.678215451458527
2015-06-05 08:38:56,10.923636651814377
2010-08-06 20:27:12,10.010033817707154
2012-08-03 12:33:08,12.858365147012591
2010-09-29 16:43:00,10.79538467727798
2010-09-29 16:43:00,8.632561270722363
2010-09-29 16:43:00,11.444401714299602
2010-09-29 16:43:00,7.569157482023002
2010-09-29 16:43:00,7.846268027849874
2010-09-29 16:43:00,10.580118964327994
2010-09-29 16:43:00,8.860158627914643
2010-09-29 16:43:00,10.737751405655217
2010-09-29 16:43:00,10.233694735054087
2010-09-29 16:43:00,9.580385389714138
2010-09-29 16:43:00,11.039555098939672
2010-09-29 16:43:00,9.114059467716288
2010-09-29 16:43:00,10.747848152008373
2010-09-29 16:43:00,12.621265930183654
2010-09-29 16:43:00,9.621161695027695
2010-09-29 16:43:00,9.54321714170328
2010-09-29 16:43:00,9.59754400510792
2010-09-29 16:43:00,11.25463206814129
2010-09-29 16:43:00,13.60906014466309
2010-09-29 16:43:00,8.11531135358564
2014-10-27 14:58:00,10.594907785969554
2014-10-27 14:58:00,9.527643415716739
2014-10-27 14:58:00,11.479310698430709
2014-10-27 14:58:00,10.181192575410023
2014-10-27 14:58:00,11.532357730657168
2014-10-27 14:58:00,9.010819594032
2014-10-27 14:58:00,10.457596893524169
2014-10-27 14:58:00,17.260530063607803
2014-10-27 14:58:00,9.302333180763526
2014-10-27 14:58:00,12.731059466166698
2014-10-27 14:58:00,9.958244476256368
2014-10-27 14:58:00,9.349113128952013
2014-10-27 14:58:00,11.310905065789484
2014-10-27 14:58:00,12.441920997393026
2014-10-27 14:58:00,12.167564716773995
2014-10-27 14:58:00,10.76007228446906
2014-10-27 14:58:00,10.218032819006112
2014-10-27 14:58:00,7.1167912044893455
2009-10-08 23:44:56,9.684885701866733
2012-11-03 17:11:00,13.762321021462412
2012-11-03 17:11:00,10.97928520690948
2012-11-03 17:11:00,31.76908486708635
2012-11-03 17:11:00,11.37824546529555
2012-11-03 17:11:00,9.644617235633632
2012-11-03 17:11:00,10.19591736797156
2012-11-03 17:11:00,10.107238339292962
2012-11-03 17:11:00,11.976320542609756
2012-11-03 17:11:00,12.671398020009292
2012-11-03 17:11:00,11.188120356664513
2012-11-03 17:11:00,14.641079897670352
2012-11-03 17:11:00,10.772259857067183
2012-11-03 17:11:00,34.11735796789253
2012-11-03 17:11:00,14.310059137329517
2012-11-03 17:11:00,8.861939801710832
2012-11-03 17:11:00,11.062965826147774
2012-11-03 17:11:00,7.906078895750397
2012-11-03 17:11:00,12.089439763856717
2012-11-03 17:11:00,8.313414359690796
2012-11-03 17:11:00,11.263326074376891
2012-11-03 17:11:00,10.841260271545252
2012-11-03 17:11:00,10.29847353050718
2012-11-03 17:11:00,8.761972757483818
2012-11-03 17:11:00,10.501428325129382
2012-11-03 17:11:00,44.10433103208743
2012-11-03 17:11:00,10.779711360604779
2012-11-03 17:11:00,9.890770402966155
2012-11-03 17:11:00,8.037253414186125
2012-11-03 17:11:00,8.38179052716987
2012-11-03 17:11:00,10.822382003552775
2012-11-03 17:11:00,10.58271968482768
2012-11-03 17:11:00,7.5640869351937
2012-11-03 17:11:00,8.090493085117487
2012-11-03 17:11:00,12.290379095316894
2009-05-07 13:58:32,16.149564918847318
2011-05-28 17:29:44,31.780550189510905
2011-05-28 17:29:44,16.581070036139863
2011-12-25 21:26:32,11.562507117187124
2009-05-06 01:49:12,16.403770082297342
2009-05-06 01:49:12,11.574218975785698
2011-03-11 01:44:00,9.338303260563407
2011-03-11 01:44:00,18.854804725493523
2011-03-11 01:44:00,8.2092333196033
2011-03-11 01:44:00,13.687849666092006
2011-03-11 01:44:00,11.406174293952063
2011-03-11 01:44:00,14.05403079612006
2011-03-11 01:44:00,19.40573324898105
2011-03-11 01:44:00,14.737555131741829
2011-03-11 01:44:00,10.56855238810931
2011-03-11 01:44:00,10.10050839203177
2011-03-11 01:44:00,9.45090691516998
2011-03-11 01:44:00,8.097638581235515
2011-03-11 01:44:00,13.865507025280749
2011-03-11 01:44:00,11.650695307724163
2011-03-11 01:44:00,8.29366360979293
2011-03-11 01:44:00,23.6928893701388
2013-01-27 00:09:12,8.670355012956861
2012-01-07 11:21:56,11.605740687567959
2012-01-07 11:21:56,10.133098872785922
2012-10-31 12:17:24,11.741487883473383
2012-10-20 02:05:08,11.349329846449109
2014-10-11 15:11:24,10.38957525368096
2009-08-17 12:27:08,9.84763982291588
2014-04-09 09:23:12,9.64698200179373
2009-11-25 19:32:52,11.935310455537547
2014-05-30 00:09:16,10.360720156390016
2014-05-30 00:09:16,9.226785825510888
2013-01-07 17:08:32,8.516080105880974
2013-02-18 17:37:28,8.09738305434621
2011-10-04 09:37:00,13.953686660866879
2011-10-04 09:37:00,9.106127613857097
2011-10-04 09:37:00,9.049525937514773
2011-10-04 09:37:00,16.944132839880695
2011-10-04 09:37:00,10.515553268160147
2011-10-04 09:37:00,11.05165213057262
2011-10-04 09:37:00,8.775434768878767
2011-10-04 09:37:00,8.234637725001448
2011-10-04 09:37:00,7.625425862792326
2011-10-04 09:37:00,10.615132224513218
2011-10-04 09:37:00,10.390803430702363
2011-10-04 09:37:00,16.09540920236759
2011-10-04 09:37:00,10.740722840140734
2011-10-04 09:37:00,11.354817898396504
2011-10-04 09:37:00,10.811079934172085
2011-10-04 09:37:00,8.132989072864802
2011-10-04 09:37:00,48.98393745310568
2011-10-04 09:37:00,9.725113451821016
2011-10-04 09:37:00,9.994007164459617
2011-10-04 09:37:00,10.422643415806306
2011-10-04 09:37:00,10.603286049699818
2011-10-04 09:37:00,11.176384952261287
2011-10-04 09:37:00,11.593677364764517
2011-10-04 09:37:00,10.915294992302734
2011-10-04 09:37:00,7.8513499152340955
2011-10-04 09:37:00,11.670288952282135
2011-10-04 09:37:00,9.380914028310144
2011-10-04 09:37:00,13.348226724056076
2011-10-04 09:37:00,9.321627912515396
2011-10-04 09:37:00,10.118378642413518
2011-10-04 09:37:00,9.21030778974091
2011-10-04 09:37:00,13.828780035679301
2011-10-04 09:37:00,10.487937454146959
2012-10-23 14:15:04,9.20488818904414
2012-10-18 21:06:20,9.56556237791483
2012-10-18 21:06:20,8.640302060179238
2014-12-24 03:00:00,12.56190159091966
2014-12-24 03:00:00,10.323313878780027
2014-12-24 03:00:00,6.400108012503551
2014-12-24 03:00:00,9.416075663348238
2014-12-24 03:00:00,9.176875154158552
2014-12-24 03:00:00,9.60766634412721
2014-12-24 03:00:00,10.81539573658847
2010-10-07 10:54:20,23.80102375826209
2011-02-21 20:11:08,8.942758436147415
2009-10-04 22:54:56,11.16046629298944
2015-04-11 20:31:32,12.125957223413934
2015-04-11 20:31:32,9.854692751197945
2011-02-20 12:31:04,8.679422983192126
2013-01-01 22:04:56,10.756952074056244
2013-01-01 22:04:56,9.487830438543824
2013-04-23 17:52:44,34.05464831943209
2010-01-01 13:19:40,9.321380952585969
2010-03-06 23:51:08,8.006212731525011
2014-04-27 02:57:00,12.553448989883691
2014-04-27 02:57:00,9.93025844417025
2014-04-27 02:57:00,11.390516993305937
2014-04-27 02:57:00,15.717423556854555
2014-04-27 02:57:00,14.731623369818408
2014-04-27 02:57:00,10.540180087331464
2014-04-27 02:57:00,19.258458624344712
2014-04-27 02:57:00,11.826247887469435
2014-04-27 02:57:00,8.99228934335224
2014-04-27 02:57:00,10.527816920706755
2014-04-27 02:57:00,15.202276342912228
2014-04-27 02:57:00,10.42566879536571
2014-04-27 02:57:00,16.795303879553103
2014-04-27 02:57:00,11.421481169229082
2014-04-27 02:57:00,10.902518912169398
2014-04-27 02:57:00,14.905058450525758
2014-04-27 02:57:00,8.221966551935111
2014-04-27 02:57:00,11.72499444701134
2014-04-27 02:57:00,11.793678282310793
2014-04-27 02:57:00,11.51581753568098
2014-04-27 02:57:00,10.235474581202652
2014-04-27 02:57:00,8.681505772792661
2014-04-27 02:57:00,12.076923338321649
2014-04-27 02:57:00,12.09679747264272
2014-04-27 02:57:00,12.25416436852538
2014-04-27 02:57:00,10.052244030875954
2014-04-27 02:57:00,10.275049596906683
2011-01-18 10:26:40,7.412935169906632
2011-12-13 22:00:00,10.018177328945967
2011-12-13 22:00:00,23.112644449605796
2011-12-13 22:00:00,10.100068359759462
2011-12-13 22:00:00,11.03897388886071
2011-12-13 22:00:00,10.073566367100284
2011-12-13 22:00:00,9.09229737674832
2011-12-13 22:00:00,11.404858525709642
2011-12-13 22:00:00,8.2901585162017
2011-12-13 22:00:00,11.162543807518887
2011-12-13 22:00:00,11.464079663965094
2011-12-13 22:00:00,8.120582404873858
2011-12-13 22:00:00,9.28274115183558
2011-12-13 22:00:00,9.027223891891481
2011-12-13 22:00:00,8.797294763511672
2011-12-13 22:00:00,12.654655487869604
2011-12-13 22:00:00,10.042068094735441
2011-12-13 22:00:00,11.564337366648033
2011-12-13 22:00:00,10.517573005377926
2011-12-13 22:00:00,14.110264585195182
2011-12-13 22:00:00,11.864704028046617
2011-12-13 22:00:00,7.970042515413297
2011-12-13 22:00:00,11.335122946520642
2011-12-13 22:00:00,10.318651495597805
2011-12-13 22:00:00,9.046637377839943
2011-12-13 22:00:00,11.98055310608106
2011-12-13 22:00:00,11.165587447301732
2011-12-13 22:00:00,12.327472637613027
2011-12-13 22:00:00,11.598131065633424
2011-12-13 22:00:00,11.243420749764482
2011-12-13 22:00:00,13.364360586456314
2011-12-13 22:00:00,11.26810012754322
2011-12-13 22:00:00,8.254505745611823
2014-05-13 07:33:52,8.222609610713334
2011-06-30 09:37:08,10.102055898632898
2009-01-28 16:36:28,9.140847216718612
2010-07-21 22:06:12,12.470724565344426
2013-05-24 13:37:32,9.022222046680326
2013-05-24 13:37:32,11.441604056230062
2014-03-05 21:07:12,7.650561294314684
2014-03-05 21:07:12,11.73044201153607
2009-11-28 15:07:24,9.816782944872102
2010-07-31 15:47:28,7.320680249025827
2013-11-22 15:36:36,10.391138750308528
2011-06-26 18:48:08,11.759506782946119
2011-10-17 18:49:20,11.672620280573028
2011-10-17 18:49:20,9.909910016764115
2014-07-21 18:19:00,12.344097276169123
2014-07-21 18:19:00,11.639470093892669
2014-07-21 18:19:00,10.632930843183203
2014-07-21 18:19:00,12.14174228068805
2014-07-21 18:19:00,8.204505591851557
2014-07-21 18:19:00,14.300828505520258
2014-07-21 18:19:00,9.64399729192337
2014-07-21 18:19:00,11.078571503407147
2014-07-21 18:19:00,11.684472246226505
2014-07-21 18:19:00,8.606351167327375
2014-07-21 18:19:00,11.499433131913975
2014-07-21 18:19:00,9.896395196956291
2014-07-21 18:19:00,11.041727338590135
2014-07-21 18:19:00,11.762498051510192
2014-07-21 18:19:00,11.291629618897787
2014-07-21 18:19:00,7.168513925573279
2014-07-21 18:19:00,10.353005982655304
2014-07-21 18:19:00,8.907733088833993
2014-07-21 18:19:00,10.492653406266982
2014-07-21 18:19:00,9.571585764339034
2014-07-21 18:19:00,10.875212019282117
2014-07-21 18:19:00,9.74297215587103
2014-07-21 18:19:00,11.180363022102028
2014-07-21 18:19:00,10.502149124822608
2014-07-21 18:19:00,12.047493593809122
2014-07-21 18:19:00,6.945339602441891
2014-07-21 18:19:00,10.589115070000844
2014-07-21 18:19:00,10.294158443155538
2014-07-21 18:19:00,9.271049376302472
2014-07-21 18:19:00,10.576750475469453
2014-07-21 18:19:00,10.524476541426338
2014-07-21 18:19:00,11.147299313719486
2014-07-21 18:19:00,7.9003924563512555
2014-07-21 18:19:00,9.648114975985663
2014-07-21 18:19:00,9.09576490535619
2014-07-21 18:19:00,9.055931827901077
2014-07-21 18:19:00,8.627062286859655
2014-07-21 18:19:00,10.001053147885614
2014-07-21 18:19:00,10.285304904178702
2014-07-21 18:19:00,9.672788546016818
2014-07-21 18:19:00,7.752246774995001
2011-06-13 09:55:04,10.12238060314121
2011-06-13 09:55:04,18.367175194412994
2014-12-27 22:31:56,8.522163032566823
2014-12-27 22:31:56,7.44852690712105
2010-09-20 16:48:00,9.24491964513254
2010-09-20 16:48:00,10.930869643794722
2010-09-20 16:48:00,9.066110939640566
2010-09-20 16:48:00,9.552742034748007
2010-09-20 16:48:00,7.352609178518833
2010-09-20 16:48:00,37.40082496101786
2010-09-20 16:48:00,33.20396885116679
2010-09-20 16:48:00,10.211166780074564
2010-09-20 16:48:00,6.847492110382518
2010-09-20 16:48:00,9.512471555497541
2010-09-20 16:48:00,24.211499177106816
2010-09-20 16:48:00,12.156718007265226
2010-09-20 16:48:00,8.341368753213828
2010-09-20 16:48:00,9.554457855931105
2010-09-20 16:48:00,11.14178271405035
2010-09-20 16:48:00,10.540692446251342
2010-09-20 16:48:00,9.476269149679865
2010-09-20 16:48:00,9.775331636901683
2010-09-20 16:48:00,8.220268207865956
2010-09-20 16:48:00,19.892247338884772
2010-09-20 16:48:00,7.4882080368479365
2010-09-20 16:48:00,11.244700292454581
2010-09-20 16:48:00,9.983449982537422
2010-09-20 16:48:00,11.113049072615468
2010-09-20 16:48:00,9.512432846549927
2010-09-20 16:48:00,10.022875270584336
2010-09-20 16:48:00,9.461502683767321
2010-09-20 16:48:00,33.83787226694585
2010-09-20 16:48:00,10.62958040389276
2010-09-20 16:48:00,8.661206320624842
2012-08-20 14:47:36,9.82734518063262
2011-12-01 01:36:08,12.13947119549448
2014-03-29 14:59:28,7.011551708006664
2014-08-18 01:19:48,11.171321011250257
2012-04-30 20:04:20,8.537977636653522
2013-07-13 18:28:20,26.99339718547708
2014-10-07 19:04:08,10.822425279817253
2014-10-07 19:04:08,9.228122368493132
2013-08-21 09:32:24,11.810782067894252
2015-01-26 07:13:44,14.92187071076296
2011-03-06 21:01:00,10.926169849981306
2011-03-06 21:01:00,8.468678100320176
2011-03-06 21:01:00,16.999596420138914
2011-03-06 21:01:00,9.96464321012536
2011-03-06 21:01:00,11.263104282235872
2011-03-06 21:01:00,13.736194218528908
2011-03-06 21:01:00,9.157876184062843
2011-03-06 21:01:00,9.757126766129659
2011-03-06 21:01:00,11.456521696654818
2011-03-06 21:01:00,8.7246362844744
2011-03-06 21:01:00,47.220152041967594
2011-03-06 21:01:00,8.516797838681669
2011-03-06 21:01:00,8.789744397623508
2011-03-06 21:01:00,11.773431705072653
2011-03-06 21:01:00,9.495197566135175
2011-03-06 21:01:00,11.055889541095894
2011-03-06 21:01:00,7.281610521975381
2011-03-06 21:01:00,11.430999037616857
2011-03-06 21:01:00,10.459884394020264
2011-03-06 21:01:00,12.039224179839948
2011-03-06 21:01:00,10.65530440427392
2011-03-06 21:01:00,11.625420240905441
2011-03-06 21:01:00,17.766037280118326
2011-03-06 21:01:00,10.20086490135327
2011-03-06 21:01:00,9.293252882247543
2011-03-06 21:01:00,10.278275356209633
2011-03-06 21:01:00,15.803464899414394
2011-03-06 21:01:00,10.419702180666718
2011-03-06 21:01:00,8.089709816451432
2011-03-06 21:01:00,11.870301621906037
2011-03-06 21:01:00,11.587761717206376
2011-03-06 21:01:00,9.96288371960327
2011-03-06 21:01:00,7.095516403398506
2011-03-06 21:01:00,9.252059001131784
2011-03-06 21:01:00,11.04190340947207
2011-03-06 21:01:00,7.934680247857614
2011-03-06 21:01:00,13.5633188453794
2011-03-06 21:01:00,10.755275467276078
2011-03-06 21:01:00,9.93351224637081
2011-03-06 21:01:00,10.087640641368125
2011-03-06 21:01:00,10.029680150000786
2009-11-24 08:58:48,7.271253978620734
2009-11-24 08:58:48,8.392709509203996
2011-05-30 09:32:56,9.153481505732998
2010-01-02 12:20:32,10.8166240782557
2010-10-05 02:09:00,9.794006535776134
2010-10-05 02:09:00,11.73570571628079
2010-10-05 02:09:00,8.98036608795337
2010-10-05 02:09:00,9.852204225206151
2010-10-05 02:09:00,8.906466734597416
2010-10-05 02:09:00,12.707375965752362
2010-10-05 02:09:00,11.159413423170918
2012-01-25 22:43:44,8.512444077887267
2010-12-01 22:04:52,11.35857673388091
2013-06-23 02:54:32,16.10416900142991
2013-11-18 15:07:28,11.3777285498727
2013-08-06 23:56:32,9.919105783177656
2013-08-06 23:56:32,10.649015947908993
2012-03-10 02:36:04,18.610343976322838
2014-04-13 17:35:52,8.446874695882798
2013-09-14 16:03:12,9.474822445414247
2013-09-14 16:03:12,9.488293058349882
2013-09-14 16:03:12,10.54352003987151
2014-04-05 18:27:08,7.548970351292155
2014-04-05 18:27:08,9.498786682685022
2009-12-02 15:59:56,11.69859018455827
2010-01-03 02:03:40,11.924594249157963
2011-01-30 14:38:24,8.2188790207274
2011-04-16 21:23:16,9.750638490999336
2009-05-31 21:24:56,9.212681101440467
2009-07-14 17:59:12,11.709781869001745
2009-12-18 12:37:04,10.838972332125195
2012-11-21 15:12:48,11.19405657175048
2011-10-07 22:08:20,9.604229721551746
2011-10-07 22:08:20,9.578010261689997
2011-10-07 22:08:20,10.927449603423156
2013-09-24 21:16:40,7.007936235062516
2013-09-24 21:16:40,10.634046701301486
2014-01-25 12:36:52,10.572904297663626
2012-01-26 07:33:00,8.432193324677428
2012-01-26 07:33:00,13.013275696832352
2012-01-26 07:33:00,12.03371298604543
2012-01-26 07:33:00,10.808423204372957
2012-01-26 07:33:00,10.650966091490773
2012-01-26 07:33:00,9.538381731945265
2012-01-26 07:33:00,11.965112814841632
2012-01-26 07:33:00,8.596268113162296
2012-01-26 07:33:00,13.090992687022663
2012-01-26 07:33:00,10.91341469955114
2012-01-26 07:33:00,11.682835031748255
2012-01-26 07:33:00,10.647727754876541
2012-01-26 07:33:00,12.678423555897098
2012-01-26 07:33:00,17.417888258505627
2012-01-26 07:33:00,10.207577535336895
2012-01-26 07:33:00,11.311306552550377
2012-01-26 07:33:00,11.368211899427479
2012-01-26 07:33:00,10.227517842533416
2012-01-26 07:33:00,11.042048860050272
2012-01-26 07:33:00,9.769643431720397
2012-01-26 07:33:00,11.14443565356305
2012-01-26 07:33:00,8.274528766713047
2012-01-26 07:33:00,8.931490976752684
2012-01-26 07:33:00,43.84374606815618
2012-01-26 07:33:00,10.364737463803976
2015-03-20 23:34:40,8.766640616562654
2015-03-20 23:34:40,11.920849218877265
2015-03-20 23:34:40,21.57367174886349
2013-12-14 03:20:48,17.621249258974785
2010-12-09 07:29:00,10.671545174045605
2010-12-09 07:29:00,9.610976404312169
2010-12-09 07:29:00,10.956531589521546
2010-12-09 07:29:00,11.719515307573602
2010-12-09 07:29:00,10.130815560247356
2010-12-09 07:29:00,11.003730616281246
2010-12-09 07:29:00,10.970701143529368
2010-12-09 07:29:00,11.62695509218429
2010-12-09 07:29:00,10.853652096740916
2010-12-09 07:29:00,12.449721011354995
2010-12-09 07:29:00,11.064445661202626
2010-12-09 07:29:00,11.875554276859475
2010-12-09 07:29:00,10.366882221303968
2010-12-09 07:29:00,10.905837263113426
2010-12-09 07:29:00,9.96662218538222
2010-12-09 07:29:00,7.778331361052551
2010-12-09 07:29:00,11.456263799529552
2010-12-09 07:29:00,10.028604372948394
2010-12-09 07:29:00,26.870445231179474
2010-12-09 07:29:00,10.420682140187637
2010-12-09 07:29:00,9.018939220228276
2011-09-25 13:01:20,10.244786552857477
2014-02-20 18:49:04,11.339364824774748
2010-08-21 23:02:28,12.003967454811573
2010-08-21 23:02:28,9.987952859624784
2010-08-21 23:02:28,11.793927472494033
2012-05-08 03:50:00,10.688340458762468
2012-05-08 03:50:00,10.726836665422525
2012-05-08 03:50:00,8.222646800919392
2009-07-31 07:30:56,11.48357763058084
2012-03-06 07:33:04,11.29047379181793
2015-03-12 19:43:24,17.49006451738751
2014-01-18 17:43:28,10.18204326124578
2011-09-04 01:36:36,10.390450376356966
2010-08-09 08:53:56,9.431438785984938
2015-02-01 00:48:44,9.156757686718265
2014-01-26 15:28:52,9.314075905047503
2014-01-26 15:28:52,31.31285074212974
2011-12-06 11:07:40,8.141283567858409
2011-07-12 19:41:48,12.648128054805056
2010-09-16 14:27:16,10.4745063404971
2015-02-14 20:20:56,8.203847767357729
2009-01-22 12:27:20,13.667247084222254
2011-04-23 21:22:20,9.187873847926312
2011-04-23 21:22:20,7.91446143945177
2015-02-21 18:39:16,10.448803478164336
2015-02-21 18:39:16,10.32674348873661
2009-04-23 00:05:40,9.829681966135468
2013-03-09 21:40:52,10.535720139787372
2010-07-22 09:37:12,17.364490162273796
2012-07-31 02:46:40,14.069026629695145
2015-02-21 17:23:28,7.148231414153997
2012-11-19 22:15:32,11.120996966452367
2009-01-26 18:26:48,11.063507684493743
2009-09-22 11:47:24,12.99865699718066
2012-07-05 18:30:36,10.24162563473692
2012-11-20 21:54:00,11.872126464657413
2012-11-20 21:54:00,10.823237543469077
2012-11-20 21:54:00,14.85934767692197
2012-11-20 21:54:00,9.361648243495438
2012-11-20 21:54:00,6.946826880835943
2012-11-20 21:54:00,11.597930214809821
2012-11-20 21:54:00,9.715854303694869
2012-11-20 21:54:00,12.631981941422055
2012-11-20 21:54:00,10.639562794503945
2012-11-20 21:54:00,17.802678544205264
2012-11-20 21:54:00,7.466785644262927
2012-11-20 21:54:00,8.688596431198675
2012-11-20 21:54:00,14.241198655539847
2012-11-20 21:54:00,8.38080728690511
2012-11-20 21:54:00,9.853523758767551
2012-11-20 21:54:00,19.075887209157372
2012-11-20 21:54:00,9.310569073313673
2012-11-20 21:54:00,8.536780344789804
2012-11-20 21:54:00,10.681970907409777
2012-11-20 21:54:00,11.096073839447854
2012-11-20 21:54:00,11.927620433310949
2012-11-20 21:54:00,9.30038609069743
2012-11-20 21:54:00,9.835583722457159
2012-11-20 21:54:00,9.807158019008057
2012-11-20 21:54:00,10.098562143375602
2012-11-20 21:54:00,11.61869333939103
2012-11-20 21:54:00,10.705807970372916
2012-11-20 21:54:00,13.709354491276827
2012-11-20 21:54:00,10.037483668915229
2012-11-20 21:54:00,9.291734195809113
2012-11-20 21:54:00,18.48372218268196
2012-11-20 21:54:00,10.193869772594553
2012-11-20 21:54:00,17.30848434030304
2014-06-23 00:16:00,11.394496791102938
2014-06-23 00:16:00,14.685865177900268
2014-06-23 00:16:00,16.68033089470009
2014-06-23 00:16:00,9.456355057012843
2014-06-23 00:16:00,14.16333122123433
2014-06-23 00:16:00,9.702571034475113
2014-06-23 00:16:00,8.056215842772872
2014-06-23 00:16:00,17.874559905889328
2014-06-23 00:16:00,8.179198031599299
2014-06-23 00:16:00,36.36296979256076
2014-06-23 00:16:00,11.478780726709374
2014-06-23 00:16:00,10.892551966200699
2014-06-23 00:16:00,6.41563040915571
2014-06-23 00:16:00,19.382906142667707
2014-06-23 00:16:00,12.342230726961134
2014-06-23 00:16:00,7.527538252996237
2014-06-23 00:16:00,8.028840472601587
2014-06-23 00:16:00,9.42115148920675
2009-04-25 10:52:56,8.321995035243162
2009-04-25 10:52:56,7.411898560791087
2009-04-20 11:11:40,10.589176861180022
2009-10-22 21:57:36,12.40421190464258
2013-11-28 11:00:04,10.734120969938886
2014-05-25 15:07:04,9.089265683460326
2011-08-18 13:00:16,9.287791876809933
2013-09-25 22:00:00,10.473633198193056
2013-09-25 22:00:00,11.432598860204962
2013-09-25 22:00:00,9.67354257802981
2013-09-25 22:00:00,9.12429293454079
2013-09-25 22:00:00,11.938195676624673
2013-09-25 22:00:00,9.290823636609275
2013-09-25 22:00:00,10.587967609950283
2013-09-25 22:00:00,8.943647599451651
2013-09-25 22:00:00,10.33757780387532
2013-09-25 22:00:00,10.607094414475796
2013-09-25 22:00:00,7.427203301574991
2013-09-25 22:00:00,7.7306747237744275
2013-09-25 22:00:00,8.84945242163667
2013-09-25 22:00:00,19.427973349962485
2013-09-25 22:00:00,11.621454853380783
2013-09-25 22:00:00,10.581609521754217
2013-09-25 22:00:00,8.078450905719365
2013-09-25 22:00:00,11.048976374768245
2013-09-25 22:00:00,9.020599544975994
2013-09-25 22:00:00,10.802563571722203
2013-09-25 22:00:00,9.867578607811083
2013-09-25 22:00:00,9.670716249132965
2013-09-25 22:00:00,8.23604710555992
2013-09-25 22:00:00,8.655750048057598
2013-09-25 22:00:00,9.470695362417246
2013-09-25 22:00:00,9.092777353047495
2013-09-25 22:00:00,32.447075088726706
2013-09-25 22:00:00,14.630308979038091
2013-09-25 22:00:00,7.6924255387421
2013-09-25 22:00:00,9.337315103874062
2013-09-25 22:00:00,9.256568709643034
2013-09-25 22:00:00,9.540535594984249
2013-07-20 12:06:44,9.933301160353949
2013-07-20 12:06:44,10.962814097467344
2014-07-11 12:36:08,26.606968177013187
2014-01-31 11:11:05,10.862314511830846
2014-08-31 04:03:29,8.040489569299098
2014-08-31 04:03:29,12.37755630756692
2014-08-01 18:38:09,8.848328132537063
2014-08-01 18:38:09,11.555801595255616
2009-05-16 14:53:41,11.145158192774034
2009-05-16 14:53:41,17.680544719680256
2009-05-16 14:53:41,15.4559622962297
2013-08-26 11:47:37,10.427677424060676
2010-10-30 13:31:13,10.756723865235472
2014-05-09 00:30:41,10.73681574737384
2012-03-05 13:24:37,11.14785698059677
2010-07-01 22:11:33,10.466745931853438
2010-07-01 22:11:33,6.99668733978433
2012-01-07 21:39:05,31.622138432610882
2012-05-26 00:31:25,9.48233934689597
2014-10-07 11:52:13,11.522633285680058
2015-06-13 19:17:09,11.178853103561778
2009-11-28 13:50:17,10.878557887193892
2009-11-28 13:50:17,9.695112355351739
2015-01-13 12:07:53,9.796361307448024
2015-01-13 12:07:53,10.35056615859503
2012-01-31 09:15:49,7.9216984142676665
2011-03-22 12:59:49,15.030158370613208
2011-03-22 12:59:49,9.736421039369816
2013-07-05 00:58:17,7.637148087467722
2010-01-30 00:57:21,20.83315481464888
2009-10-16 16:14:41,9.328143494314645
2011-03-13 05:34:57,15.675361286412226
2015-02-26 23:20:13,9.005125619269165
2013-10-09 15:11:41,10.494763354668976
2011-09-01 09:53:49,10.28015265621616
2010-09-28 00:16:53,7.184203966562563
2010-07-25 04:03:17,17.694136833693847
2010-07-25 04:03:17,9.441261500012843
2013-09-19 21:24:21,9.05989306918309
2011-02-04 09:12:53,7.574777781623197
2012-03-08 12:33:25,9.816058190865078
2009-07-31 18:15:57,6.981382668849619
2009-07-10 20:17:05,11.078653407939782
2010-08-21 21:56:25,9.35111440419496
2010-10-09 17:11:17,11.380201179323194
2009-09-25 15:13:57,12.790638614180352
2009-09-25 15:13:57,7.69868049075194
2009-09-25 15:13:57,10.412203611462246
2010-05-03 08:36:41,12.019445840547633
2011-01-24 20:18:49,11.284060718870023
2010-01-23 14:32:17,9.164031843629346
2012-06-02 01:16:05,12.290028220346358
2011-10-20 13:46:33,10.422399328876054
2014-10-28 12:23:09,13.880041242584412
2011-07-11 20:43:33,8.569053996277944
2011-07-11 20:43:33,18.960138621127044
2011-07-11 20:43:33,9.787580010126476
2013-02-23 14:25:29,10.09421968920833
2010-01-30 18:58:33,8.862500333596472
2010-01-30 18:58:33,10.660189109499697
2010-01-30 18:58:33,9.054707738747311
2014-06-22 14:49:13,8.978328176499417
2014-06-22 14:49:13,7.757320773254833
2015-03-14 02:23:17,16.656382248938826
2015-03-14 02:23:17,7.071096031146226
2015-03-14 02:23:17,24.25388595743243
2012-03-12 01:08:09,11.213126984634073
2014-09-25 20:52:09,10.715063528585233
2014-09-25 20:52:09,8.976879646652378
2012-12-15 06:35:45,15.568628843851911
2012-01-05 05:51:01,11.731869103574354
2013-10-15 08:16:21,11.005412347365564
2014-08-26 23:35:49,11.542286839989174
2009-08-28 23:01:41,12.895814588660869
2009-08-28 23:01:41,10.502661240065208
2014-12-16 13:40:25,10.265902034041574
2012-12-09 22:30:13,9.210409974957656
2012-12-09 22:30:13,11.76110281144065
2012-12-09 22:30:13,11.318622221291662
2011-05-11 19:56:09,11.918734192395277
2014-08-08 00:02:41,11.323250523879324
2014-08-08 00:02:41,9.280448572706518
2013-09-12 12:50:13,9.449467250387897
2013-09-12 12:50:13,7.913993490123175
2013-09-12 12:50:13,9.374864448182052
2011-06-26 03:33:25,7.5882703175302595
2011-09-18 18:33:13,12.364632795732177
2014-03-04 16:24:45,2.8077836355241743
2014-11-10 10:52:41,14.93481493442232
2009-12-22 15:59:53,8.699256188747313
2014-05-08 21:23:41,8.779040668041489
2012-07-15 03:53:37,9.715619256838181
2012-07-15 03:53:37,9.27190791599969
2012-07-15 03:53:37,10.278691063282167
2013-06-10 11:29:13,11.439546067378615
2015-04-25 01:06:17,9.153188716101795
2015-04-25 01:06:17,7.54813244993602
2012-10-28 13:55:57,10.364826698994875
2011-06-12 01:07:57,12.13393550114597
2014-12-11 15:20:49,9.814001120430476
2011-06-19 04:08:49,13.692347207426792
2012-04-14 22:29:37,13.429241868214376
2015-06-02 09:11:17,11.447352411916654
2011-10-08 12:54:49,8.27459002496471
2009-06-02 08:34:33,14.72474552773565
2011-10-01 15:04:57,15.84961347898934
2013-06-22 01:59:25,10.2027134137752
2010-12-15 08:39:33,11.181232401304442
2012-05-26 11:54:53,10.477318070054025
2012-05-26 11:54:53,9.760469213995748
2014-01-11 19:20:17,9.734141244232887
2015-01-05 21:43:13,15.316643537069467
2011-07-19 22:20:41,15.250147042330354
2011-07-19 22:20:41,9.998575377969246
2011-07-19 22:20:41,7.517014817707604
2012-03-18 02:27:41,9.806561365276139
2009-01-19 19:48:17,7.493579313437294
2009-01-19 19:48:17,10.56536671592221
2013-01-13 00:20:53,10.268715100182817
2013-11-28 13:17:13,10.965156107859002
2012-06-10 00:46:17,11.646990640396325
2012-06-10 00:46:17,11.342632889321976
2012-06-10 00:46:17,8.842496980892975
2010-02-20 04:04:13,10.264047569946342
2014-01-01 16:33:01,10.27019267524156
2010-10-01 13:11:05,11.058850814100879
2012-04-14 14:20:33,12.143060589167362
2015-05-17 04:17:33,11.265303249130739
2014-07-26 23:31:41,9.313502698187222
2014-07-26 23:31:41,8.767104982294768
2009-11-07 16:37:49,10.30028581571969
2011-01-07 09:25:57,9.096617690696803
2012-07-18 16:28:21,11.288168389020939
2013-03-08 19:03:09,10.716550725635898
2009-12-10 22:45:01,12.996167771323599
2012-07-13 11:00:05,9.122867940111973
2013-04-28 10:36:37,10.586479242363566
2009-04-23 02:42:05,10.863407247656141
2013-06-08 16:55:13,9.195496943801118
2012-10-25 16:20:37,11.226739793366505
2012-10-25 16:20:37,17.17619380549877
2012-07-31 20:04:53,7.449633838472437
2012-07-31 20:04:53,11.992578028823118
2009-07-14 22:41:09,9.109485774699351
2011-09-03 19:22:17,9.665800480026519
2011-09-03 19:22:17,10.58510046993797
2011-09-03 19:22:17,23.40266319451439
2013-11-21 14:19:21,38.68474277134192
2015-01-02 11:55:57,9.82600203340371
2013-11-23 22:19:37,7.408998157492533
2013-11-23 22:19:37,11.065081371329143
2013-11-23 22:19:37,10.077683501251158
2011-04-04 19:54:33,10.044229120636373
2014-07-14 16:18:37,9.430666468122581
2014-03-18 19:55:17,10.677934187140636
2010-06-05 23:05:25,8.132734438053376
2014-09-09 22:48:37,9.629163871168203
2014-09-09 22:48:37,7.457193950778674
2014-03-28 21:55:17,9.709304241585414
2014-03-28 21:55:17,9.413973867487584
2009-09-24 22:41:17,12.362055462799617
2012-04-27 18:37:09,11.451790460294433
2014-04-05 18:11:33,9.567572437257695
2013-11-07 22:25:25,10.57614590841149
2013-11-07 22:25:25,9.766300721514199
2012-06-30 03:53:29,8.800921481260957
2011-05-19 16:01:41,9.948004360132472
2010-01-11 12:38:33,8.129088515996045
2010-10-16 09:26:33,11.159085770177626
2010-10-16 09:26:33,10.982510625124632
2014-07-25 18:06:37,10.927528399679431
2014-05-13 21:07:29,12.300368294872897
2014-05-13 21:07:29,9.15160072423896
2013-11-16 18:33:25,10.422839644112173
2009-08-02 14:01:33,10.351241794674934
2015-01-12 15:36:37,10.737388367328094
2013-05-26 15:18:37,9.915087780669637
2013-05-26 15:18:37,24.446121749115264
2013-05-26 15:18:37,8.524438026075586
2009-09-20 23:07:01,10.024323723730049
2009-09-25 21:43:49,10.717641432531309
2009-09-25 21:43:49,14.730964085729283
2009-03-22 20:58:33,10.127814808991388
2011-12-09 21:19:25,10.872716878538995
2013-07-05 20:44:49,10.847403835519799
2013-12-20 15:58:29,16.209049446546487
2013-12-20 15:58:29,11.35967610953412
2014-10-06 14:37:25,32.34124547911961
2015-01-18 23:09:25,10.686657444097364
2014-02-06 13:26:49,8.949742377824805
2013-02-27 19:25:13,11.112419401295483
2009-09-15 08:28:53,10.060919892493985
2012-07-18 22:34:53,11.149869917328033
2011-05-17 22:09:17,11.6885227629773
2010-09-19 17:13:29,14.835004091926749
2010-09-19 17:13:29,17.017839212929175
2013-03-19 18:08:29,6.894759358603551
2013-03-19 18:08:29,9.804409693817433
2011-04-23 11:01:49,9.077695522735667
2013-07-04 05:39:13,13.369394526736869
2010-11-08 10:01:37,9.261808083829237
2009-04-01 19:28:09,7.551125939309713
2011-11-26 02:04:29,12.5187790221662
2011-11-26 02:04:29,8.291527249200954
2009-01-11 07:56:01,11.717139774200405
2012-05-30 09:19:13,9.370585184062293
2014-10-28 22:42:33,9.63085857054648
2014-07-19 21:05:37,9.379469685123695
2012-10-02 14:17:13,11.498740263588843
2012-10-20 00:36:37,10.053466650535483
2014-06-19 22:37:09,8.934541344240643
2014-06-19 22:37:09,8.203839606088877
2011-05-11 13:24:37,9.699742190223333
2014-10-13 00:42:05,12.07433246684377
2013-12-08 10:41:05,7.986377822124268
2009-07-04 13:00:57,6.968413243501345
2015-06-30 04:09:45,18.754106223002964
2013-09-08 03:47:57,9.762885267549791
2009-05-15 21:19:13,14.611459943011141
2010-01-29 08:32:53,8.6542644025958
2015-05-15 01:51:49,8.911675696721431
2012-11-12 10:06:17,11.119151528500879
2013-12-01 22:23:57,36.54181305282873
2014-01-03 15:48:49,7.980275402422194
2013-01-19 20:19:45,12.44320566332135
2015-03-17 21:44:26,8.32282428054532
2009-01-06 07:36:34,11.494232257602562
2013-01-20 20:41:26,10.071432661061408
2015-06-07 00:38:14,9.675441961167962
2009-01-03 00:51:02,11.748739852697327
2009-01-03 00:51:02,10.855790022467772
2009-08-02 05:08:42,15.683765964475242
2013-10-18 09:06:14,8.603233316303886
2009-04-26 17:29:42,9.404070739934468
2015-02-25 22:00:38,17.01576012163423
2010-10-06 23:31:54,9.70485112273127
2009-01-21 20:04:30,10.896166520489714
2013-12-18 14:26:58,17.79849115390971
2014-04-26 18:02:26,11.912329958076953
2014-10-05 13:58:18,10.196197795659828
2014-10-05 13:58:18,10.414844061302574
2013-05-23 23:54:42,7.711120367666808
2009-11-23 19:06:14,9.317977252632772
2010-09-01 08:23:54,11.98572806004995
2011-12-10 23:39:06,11.164327335061898
2009-12-17 15:54:46,9.131457882953327
2010-06-16 18:41:54,10.846329600692115
2011-11-02 08:21:50,9.487095648351897
2011-11-02 08:21:50,9.759759181535628
2009-03-15 03:31:14,10.089567341288785
2014-09-08 19:07:46,8.821017131425833
2010-04-24 23:31:50,11.443232843141232
2010-04-24 23:31:50,15.101603141312808
2011-03-03 21:31:42,8.454838108516924
2011-03-03 21:31:42,12.029909807775766
2011-09-05 10:47:26,10.885328896018109
2012-09-16 12:48:06,12.852994770235455
2015-04-10 11:56:54,11.039846286988904
2013-10-15 23:31:26,14.474376833140923
2013-06-21 18:06:14,10.10863588650136
2009-05-19 15:44:30,11.17309022446534
2014-01-26 08:48:30,11.999306207584596
2014-12-25 21:32:58,9.241422428274745
2011-07-30 15:27:58,10.72792754141301
2010-09-24 22:40:06,11.481279956777144
2010-02-06 17:37:10,26.24283929100784
2010-02-06 17:37:10,12.086410197807709
2012-08-13 15:02:26,9.774931255840784
2013-01-14 18:42:54,10.87856043289321
2013-01-14 18:42:54,10.525816822851993
2009-11-11 21:20:18,17.468381924858477
2009-04-18 02:44:34,18.983539815837503
2009-04-18 02:44:34,11.996573715405248
2014-01-10 12:28:38,11.15967426203133
2014-10-11 00:26:38,12.609949818410314
2010-01-30 02:13:06,11.18491164543775
2009-08-26 23:55:38,11.31438773708578
2012-09-07 23:20:34,9.014845915424303
2012-09-07 23:20:34,11.249007256621553
2015-01-10 14:32:14,14.50979806320538
2010-05-31 20:43:42,8.02616126690009
2010-05-31 20:43:42,9.672721545990498
2014-05-18 14:43:26,8.951757670050938
2011-10-08 18:18:26,10.798500692848393
2011-10-08 18:18:26,10.68937426147204
2010-03-23 13:23:34,9.738951450066452
2010-12-21 08:46:02,10.56552171792464
2010-12-21 08:46:02,7.197793061128323
2010-06-19 22:52:30,8.341434552057763
2013-01-03 01:43:10,11.161311554653366
2013-11-24 03:44:46,12.810174117841598
2011-04-16 12:57:18,10.138733822308495
2012-10-11 22:24:18,12.915903924265876
2011-05-17 23:42:46,9.996620641542904
2011-05-17 23:42:46,8.095011262241314
2014-01-09 17:27:18,10.871755258081976
2014-01-09 17:27:18,10.020327704891315
2010-01-09 13:24:22,27.979489685414592
2010-01-09 13:24:22,10.659190686230431
2009-03-11 21:46:54,7.53699635407429
2012-08-22 20:54:46,9.104645132712903
2012-08-22 20:54:46,15.986429169448456
2009-02-21 20:49:34,11.80299172524792
2012-08-10 14:04:14,10.315981191099127
2009-10-17 03:52:42,13.056232391081721
2014-02-27 09:36:26,10.121703953491306
2014-03-11 20:24:02,9.579762903400479
2014-03-11 20:24:02,10.708680543264563
2015-05-07 15:33:26,7.2396955254971544
2012-09-10 21:07:54,10.937067762155493
2012-04-20 00:06:10,10.590429550347835
2012-04-20 00:06:10,11.838254655827768
2012-06-12 23:10:42,10.912429979614899
2013-04-21 19:50:54,7.443812232459095
2013-02-06 18:21:18,8.499037811552625
2014-05-01 21:05:34,16.329350887379405
2011-04-22 19:23:54,8.484037861888282
2011-09-17 15:41:06,8.456777116356534
2015-03-05 13:21:58,32.16457556264868
2015-06-21 17:16:10,10.420238503495057
2010-06-02 22:04:10,16.41232262225094
2010-06-02 22:04:10,10.181556739737061
2015-02-27 19:36:02,8.294972881421927
2015-02-27 19:36:02,8.091767029047332
2013-04-06 19:16:10,16.79774270629241
2014-03-08 16:08:26,8.200001984208939
2014-03-08 16:08:26,11.411047902811333
2013-12-06 23:40:42,8.082305810303296
2013-12-06 23:40:42,11.374943759452435
2014-09-13 19:05:02,10.645706180715933
2015-03-12 13:01:54,8.444116907443458
2015-03-12 13:01:54,7.591196652361759
2014-10-04 21:48:22,10.386478049362267
2012-01-22 04:13:34,11.241224059749584
2012-01-22 04:13:34,11.834062796715443
2010-12-17 10:33:34,15.553467202826141
2010-12-17 10:33:34,15.346247777008102
2012-06-04 11:34:58,8.863128702110771
2012-12-08 20:08:38,10.921442638598819
2012-12-08 20:08:38,9.749492698911126
2013-12-29 01:20:50,8.451721318775526
2014-03-28 22:34:26,16.62223861419261
2013-09-07 19:43:18,7.76686766909188
2013-09-07 19:43:18,7.834338139104148
2010-03-07 00:47:26,11.244481970048582
2010-03-07 00:47:26,21.014657087651358
2010-10-31 18:45:58,9.80155880847451
2015-02-03 09:00:58,19.51957426538138
2012-08-08 08:58:50,10.096318336845798
2011-04-08 15:01:02,8.191615981091672
2015-01-10 09:38:54,10.998482373222942
2015-01-10 09:38:54,16.499566330441667
2015-01-10 09:38:54,8.677072222011702
2015-01-10 09:38:54,9.777682043963068
2014-10-03 00:50:06,19.24287262098551
2010-06-18 19:19:26,8.857352232869744
2013-06-21 00:00:34,11.619740720509071
2012-02-29 12:03:34,7.381412339433155
2013-09-16 14:16:34,12.002688722224775
2011-03-10 18:16:14,9.514276208965384
2011-05-19 02:06:46,10.345221725778174
2014-08-08 15:26:18,10.587406193380957
2009-03-11 12:01:30,10.020301829235905
2012-07-26 12:40:38,9.608296826701917
2014-05-26 22:57:10,10.991475327413355
2010-09-04 18:31:42,9.648068012416843
2011-09-22 20:05:22,9.414975497837077
2011-09-22 20:05:22,10.617085773033978
2014-08-09 01:27:30,14.295930038982988
2014-10-31 12:04:26,23.85858415020084
2013-04-10 21:03:42,9.862381340817592
2011-12-29 19:29:50,10.839046403818429
2013-03-14 21:43:46,11.784155669378379
2009-02-08 00:04:06,11.7760255772464
2012-02-04 22:47:18,12.190874704772796
2012-05-06 03:01:10,17.623549103383993
2014-07-08 08:56:58,11.440818592733194
2014-07-08 08:56:58,12.085321592861874
2014-07-08 08:56:58,9.657657219342582
2014-07-08 08:56:58,11.99325004111779
2011-02-19 10:14:58,16.94817549317304
2010-08-16 17:14:18,10.157595139358818
2012-12-27 21:01:54,9.568514242339006
2015-05-31 20:48:54,9.294621061466387
2013-01-06 12:39:54,8.655659446158097
2010-12-24 04:23:06,15.432765702158576
2010-11-10 23:21:50,9.936135437821576
2011-10-01 00:42:26,13.10011505813236
2013-03-31 00:09:58,19.149260314910862
2011-07-20 08:05:02,0.8067806129165547
2009-05-03 16:02:54,11.267214140250871
2012-09-06 17:58:06,9.86491564609787
2014-04-06 16:47:14,11.64130961304727
2014-04-06 16:47:14,45.44347889248638
2014-09-06 03:52:50,17.194909586954964
2014-01-01 13:06:34,9.666498735281493
2011-12-25 15:35:54,11.657012881389164
2011-12-25 15:35:54,12.397116716354503
2011-12-25 15:35:54,8.661949066980014
2015-05-14 23:11:58,20.643595173578433
2015-04-22 09:54:06,11.10843504168588
2012-09-01 19:04:18,8.877685511484742
2013-06-06 02:54:50,18.459249768169684
2011-09-03 00:03:42,31.68418329961969
2013-07-02 22:27:14,11.282544226909522
2011-07-18 00:04:54,11.927098176749496
2011-04-03 03:46:18,17.58198241617538
2010-06-25 14:00:14,10.771518787663808
2014-09-10 16:40:02,10.17109073928441
2011-03-01 07:23:14,11.55044736808668
2011-06-24 13:23:18,13.704379984794286
2012-01-01 18:02:46,11.891245794166025
2015-03-28 19:31:26,9.53324079855338
2010-07-13 11:53:15,10.63953565324664
2010-07-13 11:53:15,10.243107758436963
2010-07-13 11:53:15,10.019216449918531
2013-02-07 13:47:59,11.268109196778823
2015-05-19 13:58:11,15.766383139000027
2015-05-19 13:58:11,9.690714309270334
2012-07-31 22:21:11,6.712929626442929
2013-01-03 08:50:31,12.333124690316254
2010-03-18 00:05:43,14.586264642926835
2009-04-14 17:43:23,32.521521773209315
2009-04-14 17:43:23,9.796119360573357
2015-06-15 14:34:03,10.983171377924009
2014-11-26 06:46:23,17.006386241364453
2010-12-19 16:25:15,11.126750140036165
2015-06-18 20:56:55,11.734282343950326
2015-06-18 20:56:55,12.96142967171727
2015-04-28 20:15:27,9.18331091067921
2013-01-23 13:49:19,11.862286324916568
2012-01-03 08:49:15,11.451761386271755
2012-06-09 19:03:11,8.717646490935294
2012-06-09 19:03:11,11.299852453748827
2009-05-27 02:00:51,9.40832966171729
2014-06-07 12:21:11,9.529910343750089
2011-09-08 22:37:43,8.389948826794352
2010-06-18 22:52:11,18.761088949135228
2011-09-13 13:31:51,10.051366152714763
2011-09-13 13:31:51,10.92582994251461
2014-10-06 09:24:11,10.274724027703996
2012-03-15 18:23:55,11.835870096483632
2013-12-22 21:24:47,10.413151772172569
2011-11-23 21:07:43,10.539974798950425
2010-11-17 19:10:23,11.696924135290828
2010-11-17 19:10:23,10.10753913877852
2015-02-14 13:15:19,12.436990399022761
2013-01-12 22:40:39,10.241846194165191
2013-01-12 22:40:39,9.594964259986227
2013-01-12 22:40:39,9.39068631353257
2010-02-15 14:20:31,16.146484507433343
2010-02-15 14:20:31,8.893943355284136
2013-03-23 15:41:07,8.759074288496777
2009-05-08 22:14:51,8.713001191335934
2010-01-31 00:33:03,8.808859435084742
2009-01-18 18:22:07,10.535079128565485
2009-01-28 11:27:19,11.04796634696686
2015-05-20 19:39:11,11.158064422752432
2014-01-11 17:47:47,10.179744641678553
2012-07-12 02:46:07,12.279943733010441
2014-03-05 23:16:07,9.451059539553171
2014-12-17 20:56:31,20.02365269211441
2010-10-09 15:48:51,17.44746133991248
2013-10-10 11:09:23,10.351535144767695
2014-10-12 09:23:55,9.804636928061882
2013-01-08 07:03:07,11.090931007498511
2012-10-28 17:21:19,9.619748315752076
2012-10-28 17:21:19,10.097507212540222
2014-12-26 20:46:23,14.616223398943475
2015-05-10 12:37:51,10.46164865011633
2010-12-11 13:31:11,7.256390824646587
2010-03-01 22:21:55,11.066755980500602
2010-03-01 22:21:55,9.649900521890231
2015-03-08 14:59:23,53.090281247061284
2015-03-08 14:59:23,18.28405248169838
2009-06-08 11:06:23,1.9050301877559832
2014-01-26 13:51:39,10.324870407392154
2014-11-30 15:46:23,10.331011592032155
2011-08-20 15:50:39,9.65313126539695
2010-06-22 14:25:19,33.2946636888646
2010-06-22 14:25:19,12.104760245234502
2014-05-25 19:46:59,47.6764412102184
2014-04-04 05:47:11,11.286898275455314
2013-01-11 20:08:07,11.58917267509787
2013-01-11 20:08:07,10.939820915951714
2013-10-09 17:27:39,33.90424491773956
2015-01-12 17:05:51,12.361207496236602
2009-01-12 07:47:39,18.736929176202466
2011-04-28 19:39:43,9.376994581682084
2014-11-17 00:03:47,7.932699306889845
2014-11-17 00:03:47,11.418559632467804
2013-08-18 00:32:15,12.047694979801236
2013-05-23 12:09:23,7.388873693817004
2013-05-23 12:09:23,8.430425492517315
2014-12-11 08:20:39,52.8677387117059
2014-12-11 08:20:39,8.585154325872281
2013-12-10 14:00:35,11.065675430856572
2011-09-10 20:44:59,10.054168213282537
2011-04-28 09:50:03,8.782508799275092
2010-02-26 18:34:51,8.220829042458718
2013-12-05 23:29:15,15.403204954314788
2012-12-13 19:05:27,8.489957961124674
2012-11-09 18:17:35,6.792063822165801
2010-07-05 19:21:35,11.504857060035647
2011-11-29 22:19:51,10.107058181842149
2009-01-30 22:47:07,8.186835245491238
2009-01-30 22:47:07,9.004875269272816
2013-09-26 20:54:19,9.334113633773086
2014-09-16 18:22:23,9.702160508040834
2011-06-25 23:18:27,9.67350918030752
2011-06-25 23:18:27,10.575437858697114
2009-01-17 02:21:55,10.850310712554347
2014-11-01 15:31:15,9.188067199740544
2013-07-12 23:17:31,9.409449513095751
2013-07-12 23:17:31,8.545227928891109
2013-07-12 23:17:31,12.045616932253324
2009-09-24 04:23:47,10.991063218280033
2009-04-20 21:08:35,9.581754201932199
2009-04-20 21:08:35,10.390368173024399
2009-04-06 13:47:15,8.901385669592855
2013-11-29 21:36:07,10.396954947542326
2013-11-29 21:36:07,9.728171474189367
2012-04-14 11:59:11,10.184742428717072
2009-03-06 00:13:03,12.535730168594455
2010-04-23 00:00:03,7.335688857923742
2010-05-22 23:46:19,9.452205403127664
2012-06-09 22:57:15,7.763221121411334
2010-10-27 02:29:39,8.617365602285645
2010-10-22 20:56:51,11.442431997236781
2013-10-07 08:53:39,7.551336714272111
2011-10-04 11:48:35,10.141745310202168
2010-12-31 13:32:39,10.396409382374259
2010-08-21 20:25:07,10.187212884056862
2009-11-16 21:03:31,11.849010821966658
2009-11-16 21:03:31,10.316310827263806
2010-12-01 21:02:35,10.55532563639099
2010-04-20 11:53:23,9.554333118028808
2013-09-20 13:38:55,9.899050497588178
2013-09-20 13:38:55,24.80755858174416
2012-09-09 23:40:03,8.932665481357617
2012-09-09 23:40:03,9.352514082633206
2010-05-23 15:28:55,10.452070686034858
2012-10-15 20:10:31,9.602364288097306
2013-06-07 13:52:55,8.621747627041259
2009-06-04 19:34:15,9.980136617632525
2013-09-29 22:12:07,19.225362895980652
2010-05-02 12:39:55,10.40095562327042
2010-05-02 12:39:55,8.554702648578314
2015-05-20 00:59:15,10.81671563503187
2009-12-03 18:02:47,9.752223862584287
2009-12-03 18:02:47,33.67002039986073
2009-09-28 19:21:59,10.146408081292975
2009-09-28 19:21:59,9.257606258377564
2015-05-23 12:59:39,9.902236905463724
2014-01-11 23:10:59,9.423306988122931
2010-04-24 20:15:07,11.008838739058774
2013-05-24 07:22:51,8.542769405314175
2009-08-06 02:50:03,12.308000506740427
2014-08-08 17:32:47,8.209362511903237
2010-09-22 09:42:31,8.344993868031452
2013-08-19 19:39:23,9.912041531368232
2015-03-11 16:36:39,9.322914856380521
2015-05-29 18:59:35,10.741737157100943
2011-10-26 17:48:43,10.196660588224404
2009-11-03 19:53:27,14.632921420055936
2009-11-03 19:53:27,9.674708233957062
2009-12-19 21:56:15,10.953582389718576
2009-12-21 21:20:43,10.157529673264435
2009-08-21 15:35:07,10.079924475920052
2010-04-25 13:28:47,6.945848456240128
2010-11-02 18:49:59,8.157469664964083
2010-04-21 06:28:47,33.624650866897355
2015-02-11 20:51:51,11.369055232942628
2013-12-07 01:41:59,10.666820050153547
2013-05-21 06:52:59,15.726579605781808
2014-07-12 00:15:59,11.147107472032076
2010-06-13 19:39:51,11.695724282806623
2009-03-31 10:27:19,9.785349565701836
2013-09-14 18:28:03,11.855905142223492
2015-02-14 09:08:11,9.048586745910143
2012-01-19 20:26:35,11.256369971855747
2012-01-19 20:26:35,11.774719642080527
2012-01-19 20:26:35,11.887113663238779
2015-02-25 18:00:51,11.21269622838554
2015-02-25 18:00:51,9.666223567628549
2009-08-08 11:41:51,10.899362504631426
2013-06-02 16:26:47,10.470041214217417
2011-09-14 00:50:15,9.313326464782222
2013-02-16 14:26:51,9.075809874511833
2012-11-12 11:57:03,7.660743015854678
2012-01-04 00:06:39,11.533596967974518
2013-06-21 02:39:47,10.970709276154594
2010-12-28 20:17:27,12.659724499573713
2010-12-28 20:17:27,10.573789963360468
2009-12-12 22:01:31,11.400621752125517
2011-05-20 23:42:59,10.043710381145502
2014-01-04 10:54:59,9.110913687389257
2014-01-04 10:54:59,9.709195240342524
2012-02-11 04:52:35,9.007191045729996
2014-09-14 23:26:11,11.606828356601909
2014-04-05 01:52:27,12.863754323259855
2010-02-23 20:29:51,9.104704038138152
2013-11-01 13:07:47,8.245699862329275
2015-03-07 15:25:59,9.308616393376724
2009-04-16 15:57:31,10.562819490294714
2010-01-10 12:55:43,8.711883743251747
2010-01-10 12:55:43,8.510083257942824
2010-01-10 12:55:43,8.657621579099214
2015-03-16 21:12:19,9.337564533580007
2015-03-16 21:12:19,9.960445396314753
2012-09-29 20:16:51,10.970017480893148
2009-07-30 15:49:15,59.86010063931826
2009-07-30 15:49:15,10.055303795674263
2013-11-18 16:18:39,32.53515683397745
2015-01-18 14:06:23,11.067553476463218
2015-01-18 14:06:23,11.886258448023
2015-01-18 14:06:23,10.439984018832547
2009-09-07 19:35:39,10.037888315448072
2014-06-14 13:39:00,12.31588960514091
2014-06-14 13:39:00,10.001150504140242
2014-06-14 13:39:00,10.899418882378086
2014-06-14 13:39:00,34.06919208411637
2014-06-14 13:39:00,12.424012429653885
2014-06-14 13:39:00,15.299616065301961
2014-06-14 13:39:00,10.075138753247302
2014-06-14 13:39:00,9.45440214971677
2014-06-14 13:39:00,32.70364618556232
2014-06-14 13:39:00,11.553666628056817
2014-06-14 13:39:00,10.39336632053164
2013-06-27 00:20:40,9.397654616393993
2014-12-30 20:29:24,7.133091803798379
2011-03-24 15:57:04,12.216331849829658
2012-06-09 16:53:44,8.663726108639821
2011-10-02 23:36:00,15.95813454598101
2011-10-02 23:36:00,14.354119381747296
2011-10-02 23:36:00,10.306244800021886
2011-10-02 23:36:00,8.339663020282387
2011-10-02 23:36:00,19.237597337052648
2011-10-02 23:36:00,10.759670392049884
2011-10-02 23:36:00,12.355670782717425
2011-10-02 23:36:00,10.565500857330335
2011-10-02 23:36:00,10.393198191788542
2013-03-21 12:47:28,8.560752324665373
2013-06-07 03:02:56,10.105936523403216
2009-06-10 16:55:00,7.628942330153222
2009-06-10 16:55:00,12.114142068388901
2009-06-10 16:55:00,9.318692460068632
2009-06-10 16:55:00,10.310830419353806
2009-06-10 16:55:00,10.79818934116338
2009-06-10 16:55:00,11.37222703587031
2009-06-10 16:55:00,10.778451712216338
2009-06-10 16:55:00,10.198729221072426
2009-06-10 16:55:00,33.91683449613629
2009-06-10 16:55:00,11.226005148029799
2009-06-10 16:55:00,13.072381393867545
2009-06-10 16:55:00,11.146946057941022
2011-06-24 12:03:00,10.993393042161188
2011-06-24 12:03:00,9.569665950682975
2011-06-24 12:03:00,11.228672911642207
2011-06-24 12:03:00,8.60458848737835
2011-06-24 12:03:00,9.653911184204844
2011-06-24 12:03:00,11.375873994200447
2014-06-15 07:06:00,9.87931642685544
2014-06-15 07:06:00,10.377020309935688
2014-06-06 16:22:20,10.82801610165734
2009-09-14 02:19:00,11.708695452514803
2009-09-14 02:19:00,7.6388107739403495
2009-09-14 02:19:00,10.377971770687509
2009-09-14 02:19:00,14.822185204433481
2009-09-14 02:19:00,10.988683914629291
2010-08-21 22:21:32,10.53396983762832
2010-08-21 22:21:32,9.307993919233922
2012-05-06 23:37:24,10.976049064898689
2013-12-21 17:20:32,27.467183820373975
2014-04-28 19:46:36,7.955044038639244
2011-06-01 07:37:00,6.964233186958154
2011-06-01 07:37:00,11.792301945035433
2011-06-01 07:37:00,13.80706379455296
2011-06-01 07:37:00,15.755754668192822
2011-06-01 07:37:00,9.804271828937999
2011-06-01 07:37:00,16.663436758241005
2011-06-01 07:37:00,13.225260505936603
2011-06-01 07:37:00,10.095443413514658
2011-06-01 07:37:00,9.426951498493509
2011-06-01 07:37:00,9.797772069945495
2010-08-27 18:45:00,8.21266827490399
2010-08-27 18:45:00,9.029370977203143
2010-08-27 18:45:00,8.43231314559307
2010-08-27 18:45:00,12.148028866085951
2010-08-27 18:45:00,18.751644609386858
2010-08-27 18:45:00,9.659261305992914
2010-08-27 18:45:00,11.391615573111267
2010-08-27 18:45:00,10.28556678131099
2010-08-27 18:45:00,9.658039891306544
2010-08-27 18:45:00,12.047432094301257
2010-08-27 18:45:00,11.222164714399696
2010-08-27 18:45:00,8.565419207823652
2010-08-27 18:45:00,8.820578616734565
2010-08-14 02:13:00,10.203691346074265
2010-08-14 02:13:00,11.852399525962028
2010-08-14 02:13:00,17.285819994087433
2010-08-14 02:13:00,11.000673220878525
2010-08-14 02:13:00,10.265270509933544
2010-08-14 02:13:00,9.581270127975586
2010-08-14 02:13:00,13.62933595521281
2010-08-14 02:13:00,9.2425752987765
2010-08-14 02:13:00,9.726900284626026
2010-08-14 02:13:00,18.23435035889088
2010-08-14 02:13:00,9.26729480220638
2010-08-14 02:13:00,12.311556382266645
2010-08-14 02:13:00,9.945246183568088
2010-08-14 02:13:00,11.16444190286893
2010-08-14 02:13:00,9.61389673490703
2010-08-14 02:13:00,15.192435418086461
2010-08-14 02:13:00,15.207265301871303
2014-03-25 23:47:00,10.18542497442104
2014-03-25 23:47:00,9.8981390092722
2014-03-25 23:47:00,9.032338536528187
2014-03-25 23:47:00,7.938519624363835
2014-03-25 23:47:00,10.062780561387626
2014-03-25 23:47:00,9.319179639327558
2014-03-25 23:47:00,11.07170285167922
2014-03-25 23:47:00,10.34220788548555
2015-06-05 08:38:56,11.928923911862512
2010-09-29 16:43:00,38.28507985575561
2010-09-29 16:43:00,11.430691819998174
2010-09-29 16:43:00,11.119030133546403
2010-09-29 16:43:00,10.587302046909826
2010-09-29 16:43:00,11.797723856947414
2014-10-27 14:58:00,8.729761495394996
2014-10-27 14:58:00,11.301099386859278
2014-10-27 14:58:00,11.838942345535543
2014-10-27 14:58:00,10.400305855899205
2014-10-27 14:58:00,12.766968456486211
2014-10-27 14:58:00,10.122273106762805
2014-10-27 14:58:00,46.38481919866899
2009-10-08 23:44:56,10.061796865626093
2012-11-03 17:11:00,15.47012985971196
2012-11-03 17:11:00,12.068211962397982
2012-11-03 17:11:00,7.1864448724809336
2012-11-03 17:11:00,8.20948261988633
2012-11-03 17:11:00,10.54207986147594
2012-11-03 17:11:00,11.18325581987665
2012-11-03 17:11:00,12.166349331184392
2011-05-28 17:29:44,9.468086768800276
2011-03-11 01:44:00,11.725530912142858
2011-03-11 01:44:00,13.522359458700521
2011-03-11 01:44:00,11.294017705158694
2011-03-11 01:44:00,11.439939856680212
2011-03-11 01:44:00,50.45278800223059
2011-03-11 01:44:00,9.25346691228333
2011-03-11 01:44:00,11.688264102871472
2011-03-11 01:44:00,13.795921891989565
2011-03-11 01:44:00,8.073766037807218
2013-12-16 19:06:44,10.569385706496178
2009-05-08 18:00:36,11.565033934784879
2013-01-27 00:09:12,10.898373504585834
2013-09-15 02:37:52,10.279913551339632
2009-04-05 09:48:20,8.820204352572546
2009-11-25 19:32:52,42.316259309976886
2011-10-04 09:37:00,11.568383441190235
2011-10-04 09:37:00,11.268727994776782
2011-10-04 09:37:00,7.850341542516617
2011-10-04 09:37:00,22.64455192591413
2011-10-04 09:37:00,18.356787384678682
2011-10-04 09:37:00,9.88186742263133
2011-10-04 09:37:00,11.667321674889536
2014-04-29 08:15:56,9.931914898968898
2014-12-24 03:00:00,11.592289021649776
2009-10-04 22:54:56,15.189522952205152
2015-04-11 20:31:32,10.832882352735396
2015-04-11 20:31:32,12.360293887641092
2011-02-06 17:08:24,10.4452923844201
2014-04-27 02:57:00,11.6018576794595
2014-04-27 02:57:00,11.089180722914534
2014-04-27 02:57:00,11.09835473151361
2014-04-27 02:57:00,8.606685976223162
2014-04-27 02:57:00,8.819654594470194
2014-04-27 02:57:00,18.00092838033379
2014-04-27 02:57:00,12.447561654948004
2014-04-27 02:57:00,12.688842401657894
2014-04-27 02:57:00,14.587132742335598
2011-12-13 22:00:00,9.923384796185928
2011-12-13 22:00:00,12.408187390963576
2011-12-13 22:00:00,9.512306228323723
2011-12-13 22:00:00,10.490601982210137
2011-12-13 22:00:00,8.15036041991334
2011-12-13 22:00:00,8.559039501546067
2011-12-13 22:00:00,10.735603960161825
2011-12-13 22:00:00,10.252567505525803
2011-12-13 22:00:00,19.481038972666283
2011-12-13 22:00:00,10.728873754615051
2011-12-13 22:00:00,8.994151980607057
2011-12-13 22:00:00,11.264103326857366
2011-12-13 22:00:00,10.760110318371517
2011-12-13 22:00:00,11.82077270703303
2011-12-13 22:00:00,22.558926830955897
2011-12-13 22:00:00,10.249940105033602
2011-12-13 22:00:00,8.954578774562833
2011-12-13 22:00:00,10.774142495261913
2011-12-13 22:00:00,-0.5035179334190616
2011-12-13 22:00:00,12.043444051143524
2011-12-13 22:00:00,8.955773489504281
2009-04-12 16:00:56,7.98873926035958
2014-03-05 21:07:12,8.81541741761066
2015-04-11 14:16:12,11.704110559756373
2014-07-21 18:19:00,7.136456241594715
2014-07-21 18:19:00,9.758663606144182
2014-07-21 18:19:00,8.162794879775902
2014-07-21 18:19:00,10.606916735239793
2014-07-21 18:19:00,10.870692000533381
2014-07-21 18:19:00,9.582561338209416
2014-07-21 18:19:00,11.22854772586652
2014-07-21 18:19:00,15.120673292649371
2014-07-21 18:19:00,9.70925139632891
2014-07-21 18:19:00,9.864271553858998
2014-07-21 18:19:00,8.290947301216875
2014-07-21 18:19:00,11.71392712382658
2014-07-21 18:19:00,8.103362843225113
2014-07-21 18:19:00,10.50537299973439
2014-07-21 18:19:00,9.397731694343747
2011-06-13 09:55:04,8.695314419566785
2010-09-20 16:48:00,9.5110371490955
2010-09-20 16:48:00,34.572569394391394
2010-09-20 16:48:00,17.072479496253436
2010-09-20 16:48:00,11.17874772115647
2010-09-20 16:48:00,13.161211574342815
2010-09-20 16:48:00,11.002098796983773
2010-09-20 16:48:00,11.157645940449584
2010-09-20 16:48:00,9.734070822463764
2010-09-20 16:48:00,8.918663214150001
2012-08-20 14:47:36,12.328988302315338
2014-12-01 00:12:44,15.969774605708153
2009-03-16 09:55:24,8.185706384347213
2011-03-06 21:01:00,10.501599296507266
2011-03-06 21:01:00,10.79917811298219
2011-03-06 21:01:00,10.654364910658842
2011-03-06 21:01:00,11.196631857748798
2011-03-06 21:01:00,11.57859602507051
2013-02-26 01:38:20,10.538680066598317
2014-09-22 07:14:16,11.961849275352506
2010-10-05 02:09:00,10.953518897989852
2010-10-05 02:09:00,21.757743002386633
2010-10-05 02:09:00,11.3812235406931
2011-04-16 21:23:16,10.980652177242519
2013-10-05 19:51:04,9.27472073253739
2011-10-07 22:08:20,10.889163949868816
2012-03-14 19:10:48,10.654064140848277
2009-06-21 04:28:48,10.827980554304304
2011-06-25 11:42:36,7.7713087847278075
2012-01-26 07:33:00,11.210162046261757
2012-01-26 07:33:00,12.00459572672662
2012-01-26 07:33:00,9.777001271346307
2012-01-26 07:33:00,10.311557280929264
2012-01-26 07:33:00,9.859861310480483
2015-03-20 23:34:40,9.417687960925832
2015-03-20 23:34:40,10.856388819171116
2015-05-21 07:08:08,9.969303741072508
2010-12-09 07:29:00,11.27503525418615
2010-12-09 07:29:00,11.106265465701654
2010-12-09 07:29:00,8.802038595742488
2010-08-21 23:02:28,8.746223656760776
2009-10-29 10:48:40,8.417609279753378
2015-02-01 00:48:44,9.120173904047988
2015-02-01 00:48:44,13.807639373431812
2011-12-06 11:07:40,10.197968691780261
2011-12-06 11:07:40,10.416234062573494
2013-05-18 15:28:40,10.040486093135769
2013-09-01 17:57:04,11.186338568035353
2015-02-21 18:39:16,9.928762784975333
2013-07-22 15:05:16,9.28623119625081
2010-12-25 13:54:12,10.830388912276248
2013-11-29 20:09:12,10.928927345659758
2011-10-25 20:34:20,11.177812559944869
2012-11-20 21:54:00,11.007847525939724
2012-11-20 21:54:00,13.595850825418893
2012-11-20 21:54:00,11.177764962158108
2012-11-20 21:54:00,10.967965180208921
2012-11-20 21:54:00,11.133394588759984
2012-11-20 21:54:00,8.118598749344528
2012-11-20 21:54:00,7.665797775680403
2012-11-20 21:54:00,11.509152724644082
2012-11-20 21:54:00,9.801125756919646
2012-11-20 21:54:00,8.161703836491142
2012-11-20 21:54:00,8.638436109169561
2012-11-20 21:54:00,12.616565004916993
2014-06-23 00:16:00,10.440985703007755
2014-06-23 00:16:00,40.154259078992254
2014-06-23 00:16:00,10.60972272430081
2011-09-30 03:23:32,9.062976960127344
2011-01-03 21:51:28,8.575245253137837
2013-09-25 22:00:00,7.009110609302297
2013-09-25 22:00:00,10.311068708006133
2013-09-25 22:00:00,10.532415551686427
2013-09-25 22:00:00,11.1991252756834
2013-09-25 22:00:00,8.668875892662982
2013-09-25 22:00:00,10.897949180067371
2013-09-25 22:00:00,9.099077551385562
2013-09-25 22:00:00,10.45825274931667
2011-07-06 18:07:44,10.817584852326036
2014-07-11 12:36:08,8.634211165453962
2015-02-20 11:08:29,12.179225942369158
2009-05-16 14:53:41,11.986357052206586
2010-07-01 22:11:33,12.506726043369781
2014-10-07 11:52:13,11.491132139526599
2015-02-26 23:20:13,10.086705106077716
2011-11-28 14:13:37,10.426134005014319
2013-08-30 11:20:21,16.88998188297228
2014-10-25 23:23:05,11.459056849989793
2014-10-25 23:23:05,9.6957145793167
2011-07-02 00:38:01,11.72340904840712
2014-02-08 17:24:57,9.209745527978157
2013-02-16 16:03:17,10.179993603280309
2011-01-24 20:18:49,11.034890631835879
2012-04-07 12:14:05,14.57833645392384
2011-10-20 13:46:33,8.34875981514233
2013-11-29 15:09:45,12.093343308049953
2014-06-22 14:49:13,16.38164042119024
2009-08-28 23:01:41,9.863223947804727
2010-06-11 13:37:21,10.399349832317967
2013-06-17 06:37:49,8.010164039964366
2015-06-02 09:11:17,18.74758594476043
2014-12-07 19:56:45,11.682348709780854
2013-04-23 13:19:17,10.808923486407366
2013-11-28 13:17:13,10.065577290792135
2012-06-10 00:46:17,10.164056870755303
2010-02-27 22:55:09,9.868663247370932
2012-04-14 14:20:33,15.572060579937897
2013-03-08 19:03:09,9.264012513429407
2012-07-13 11:00:05,7.406249094950908
2014-07-01 11:05:21,7.76129788806611
2012-10-25 16:20:37,11.140433308004503
2011-03-24 17:44:01,8.557701157436895
2014-07-25 18:06:37,10.418270509153444
2009-08-02 14:01:33,11.630273669752569
2009-09-25 21:43:49,9.90358585370268
2011-12-09 21:19:25,7.830853840903728
2011-12-09 21:19:25,10.319531868643026
2012-02-08 11:14:49,10.155540793841283
2012-07-18 22:34:53,10.487006211500557
2012-07-18 22:34:53,9.726427474772208
2009-09-04 18:43:33,7.730415761543554
2011-04-23 11:01:49,17.216064857662786
2014-10-28 22:42:33,18.442072109541186
2010-06-20 12:42:37,11.786980556795243
2015-02-19 11:39:21,18.374111063047167
2013-12-08 10:41:05,9.154652571607585
2009-05-15 21:19:13,9.253333724271215
2011-08-18 08:36:13,9.568940604389354
2012-12-20 23:43:09,10.386793060684795
2009-06-13 18:40:13,10.518689125641686
2009-01-06 07:36:34,11.75252291994002
2015-04-12 21:56:22,10.664873917297882
2010-03-21 16:52:58,10.998478096276813
2013-07-09 21:59:42,47.06542005724805
2012-06-23 09:43:42,8.036970075467252
2012-06-23 09:43:42,10.910610799664937
2013-10-26 10:46:46,18.877234921277704
2013-09-14 18:51:46,7.318244781392423
2009-11-23 19:06:14,9.722141754387849
2010-01-24 14:09:58,17.535844369926053
2011-12-10 23:39:06,12.827079814647732
2011-01-15 04:13:38,8.86202983934163
2011-03-03 21:31:42,8.206093721399156
2012-08-04 23:34:58,15.122487345803165
2015-04-10 11:56:54,10.890152377542108
2015-05-05 12:32:14,10.551564988714745
2013-10-13 19:52:54,35.866164561593905
2015-06-25 01:01:46,9.305108654325522
2009-05-19 15:44:30,16.261707065574228
2010-02-06 17:37:10,10.256768708168238
2013-01-14 18:42:54,10.858147279945115
2014-01-05 17:47:02,9.001141453851233
2009-07-28 11:13:10,9.481703022924194
2012-01-12 18:05:10,18.376035095927364
2010-12-21 08:46:02,10.115402039858964
2013-11-24 03:44:46,11.857009878329336
2013-06-30 03:37:26,19.620810370961408
2011-05-26 21:36:54,9.80507004545143
2009-03-11 21:46:54,10.493245875071807
2012-12-26 17:12:30,8.005567811345827
2013-04-21 19:50:54,10.242988250323833
2013-02-06 18:21:18,11.32247622192881
2013-07-21 11:41:26,9.334015494327105
2011-09-17 15:41:06,10.388227394587375
2015-06-21 17:16:10,8.9890519281671
2015-02-27 19:36:02,7.621226359380671
2015-06-15 01:00:06,12.223847727853354
2014-03-08 16:08:26,11.17963854023401
2014-03-08 16:08:26,8.698246460440714
2014-09-13 19:05:02,12.2507664778459
2010-12-04 21:08:38,48.08015063023231
2010-03-07 00:47:26,10.935362579508364
2009-12-30 16:54:50,10.70627821204107
2009-03-11 16:02:14,11.077962476605535
2010-03-13 01:23:10,9.988420913834489
2012-05-30 02:28:50,11.417749760272272
2010-09-04 18:31:42,10.12867505833674
2009-11-20 23:19:58,6.414442839228286
2011-09-22 20:05:22,11.914838655506173
2009-02-08 00:04:06,14.25813122739055
2014-05-17 10:51:46,12.394298959097796
2010-05-06 11:35:26,8.221450164473936
2011-10-01 00:42:26,10.298974370391079
2014-12-26 20:19:38,10.430300755415374
2015-04-22 09:54:06,10.652884784116395
2009-01-25 21:17:18,11.736599306263088
2011-08-01 17:44:30,12.92815441440689
2012-03-25 04:50:39,14.526608649168338
2012-12-26 18:28:55,11.776920324167804
2011-07-06 19:56:23,11.76956442329356
2012-08-19 12:06:39,8.89323753237477
2015-04-28 20:15:27,10.55666993640989
2015-04-28 20:15:27,10.464854387229934
2014-06-07 12:21:11,16.7430783172058
2013-12-22 21:24:47,9.827575790543051
2011-11-23 21:07:43,9.291866921534165
2011-08-08 11:18:15,7.803970547287463
2015-05-20 19:39:11,10.394649649080748
2015-03-20 16:33:07,18.209709738604943
2015-04-26 21:44:23,10.866663000402696
2010-10-09 15:48:51,10.132583674438138
2012-04-27 22:32:19,10.738773726410727
2012-10-12 15:21:55,10.513239354824691
2009-12-26 09:23:19,9.20648783038996
2014-11-30 15:46:23,11.51908006794838
2010-06-22 14:25:19,10.290976748570756
2013-01-03 11:41:47,7.570345425916457
2015-01-12 17:05:51,7.930622273355766
2013-04-07 00:24:27,10.697022560001642
2010-01-13 08:28:59,11.63509541014173
2012-06-16 14:33:19,9.874732280115495
2009-03-25 01:20:55,10.512322444928941
2010-07-13 07:38:03,11.781149496959188
2012-11-09 18:17:35,7.576508211353939
2009-06-21 00:54:23,8.686612871139005
2009-12-23 20:14:19,10.769013386192455
2013-11-29 21:36:07,8.427309694961878
2012-06-09 22:57:15,9.566840676276115
2010-10-22 20:56:51,9.327180616774058
2011-02-21 23:46:07,10.553006033112979
2012-07-30 18:18:19,15.49766321336574
2010-06-02 19:45:19,9.522548631786776
2009-05-21 20:50:31,9.566726394350553
2014-11-11 12:10:59,10.343746793783794
2012-09-09 23:40:03,9.497371496905544
2011-04-28 01:29:51,8.033708074326569
2009-09-28 19:21:59,10.26363026656145
2012-10-21 19:47:23,12.156604120531483
2013-06-04 23:58:11,10.80092468845396
2014-08-08 17:32:47,33.71833410702675
2011-01-04 10:12:51,10.334491144134518
2011-10-26 17:48:43,10.14203156977237
2009-12-19 21:56:15,10.452640375115152
2010-06-13 19:39:51,11.000362006428986
2015-02-14 09:08:11,23.858362441802456
2015-02-14 09:08:11,8.856106704301055
2013-01-09 02:05:51,10.888512219164113
2013-06-21 02:39:47,10.061817272522603
2011-10-07 12:38:19,10.886268181910054
2013-02-02 16:07:55,11.348506216305395
2014-04-05 01:52:27,12.383315930259414
2014-04-05 01:52:27,11.60558759261221
2010-02-23 20:29:51,11.136655730644634
2014-07-01 15:15:23,10.741163536164095
2012-12-01 21:12:12,25.532944032711384
2014-06-14 13:39:00,10.724172480675406
2013-11-09 18:52:40,9.886611150142926
2013-11-09 18:52:40,7.658459711457908
2014-12-30 20:29:24,10.061432530772436
2010-05-10 10:37:04,11.404979756045577
2013-07-12 23:33:24,10.311720962441541
2009-06-10 16:55:00,7.565775765744547
2009-06-10 16:55:00,10.280713783484316
2009-06-10 16:55:00,10.555949364372282
2009-03-22 04:31:40,14.790974085379275
2011-06-24 12:03:00,8.74879934395176
2011-06-24 12:03:00,18.97877580032582
2011-06-24 12:03:00,11.080366519930976
2014-06-15 07:06:00,26.604292908312345
2015-05-30 21:29:04,11.349508048453572
2009-09-14 02:19:00,9.85962265076887
2011-10-02 22:31:44,8.020395550542162
2011-07-20 16:34:48,10.464103869322571
2011-06-01 07:37:00,8.996016999857602
2011-06-01 07:37:00,11.527696488892616
2011-06-01 07:37:00,10.102617267340975
2010-08-27 18:45:00,10.673340886040023
2010-08-27 18:45:00,9.46316053874034
2010-08-27 18:45:00,11.951718434002032
2010-08-27 18:45:00,14.734911371733688
2010-08-27 18:45:00,8.636599882915107
2010-08-27 18:45:00,31.856714432589797
2010-08-27 18:45:00,9.21931086396944
2010-08-27 18:45:00,9.241843248111763
2010-08-27 18:45:00,9.772475845733425
2010-08-27 18:45:00,10.675957519055373
2010-08-27 18:45:00,10.578824601445376
2010-08-14 02:13:00,9.04042254835258
2010-08-14 02:13:00,9.601894707906467
2015-04-16 22:32:48,12.143029040704278
2014-03-25 23:47:00,11.420885943425674
2014-03-25 23:47:00,14.622388086783758
2010-09-29 16:43:00,8.804563188303291
2010-09-29 16:43:00,14.066978668744923
2014-10-27 14:58:00,9.825485790706807
2014-10-27 14:58:00,33.364006674779375
2014-10-27 14:58:00,10.177795667701503
2012-11-03 17:11:00,12.072841560364395
2012-11-03 17:11:00,7.164954672733074
2012-11-03 17:11:00,8.458153722138377
2011-05-28 17:29:44,7.942496071436835
2013-09-28 00:06:20,11.230570790268757
2013-09-28 00:06:20,9.596520235641947
2011-03-11 01:44:00,10.596292238416936
2011-03-11 01:44:00,9.862051059595615
2011-10-04 09:37:00,17.900425123905734
2011-10-04 09:37:00,10.088711866632366
2011-10-04 09:37:00,10.376585126155987
2011-10-04 09:37:00,10.562806115649437
2014-12-24 03:00:00,3.397357306032063
2009-05-16 23:36:24,11.849972578031156
2014-04-27 02:57:00,23.84929724880203
2014-04-27 02:57:00,10.229612327626455
2014-04-27 02:57:00,13.55738514982113
2014-04-27 02:57:00,11.248003248516397
2011-12-13 22:00:00,9.800466711712943
2011-12-13 22:00:00,50.775027375275386
2011-12-13 22:00:00,12.608178717431656
2011-12-13 22:00:00,12.052113480704065
2011-12-13 22:00:00,13.863730977571322
2011-12-13 22:00:00,10.849438382074368
2011-12-13 22:00:00,12.083523855697422
2011-12-13 22:00:00,11.908659946133412
2015-04-11 14:16:12,11.687591396739663
2014-07-21 18:19:00,8.42210765508571
2014-07-21 18:19:00,10.073930538514105
2014-07-21 18:19:00,9.444518887214144
2014-07-21 18:19:00,10.289738775569276
2014-07-21 18:19:00,13.286988837318859
2010-09-20 16:48:00,10.17239436230193
2010-09-20 16:48:00,12.130761604548752
2010-09-20 16:48:00,9.932135952873068
2010-09-20 16:48:00,11.608656956337654
2010-09-20 16:48:00,10.756548656252562
2011-03-06 21:01:00,11.158108702249592
2011-03-06 21:01:00,9.973343757303155
2011-03-06 21:01:00,11.580216578429827
2011-03-06 21:01:00,11.082088986921008
2011-03-06 21:01:00,9.02333872977215
2011-03-06 21:01:00,10.247175911315935
2012-05-23 16:25:16,32.22968259564368
2011-04-16 21:23:16,12.051467825187501
2013-10-05 19:51:04,11.16604244714108
2012-03-14 19:10:48,8.963954595817995
2012-01-26 07:33:00,12.21043803869361
2012-01-26 07:33:00,8.05770820554062
2012-01-26 07:33:00,11.359257402758885
2012-01-26 07:33:00,13.032581287607172
2012-01-26 07:33:00,12.095227547837567
2010-12-09 07:29:00,10.283604213796934
2010-12-09 07:29:00,9.104751545553881
2010-12-09 07:29:00,8.536753541142389
2014-05-17 02:47:12,10.816826214182583
2009-01-22 12:27:20,11.169197899838764
2011-04-23 21:22:20,9.12546114988072
2012-11-20 21:54:00,9.788559572547456
2012-11-20 21:54:00,13.474743032738843
2012-11-20 21:54:00,10.382645255956959
2012-11-20 21:54:00,8.619235631615084
2012-11-20 21:54:00,33.13573257488133
2014-06-23 00:16:00,13.997394469253777
2014-06-23 00:16:00,10.425719384114927
2013-09-25 22:00:00,10.815745553305533
2013-09-25 22:00:00,33.39735291935358
2013-09-25 22:00:00,11.068305422548292
2013-09-25 22:00:00,11.491627193378008
2013-09-25 22:00:00,11.362834363411821
2011-07-06 18:07:44,30.547977453685235
2009-05-16 14:53:41,9.859178117387273
2013-10-17 22:21:57,8.960246525966795
2015-03-04 21:42:57,10.366932171460576
2011-03-22 12:59:49,11.214970325409013
2013-07-05 00:58:17,9.958588676294312
2010-01-30 00:57:21,7.10367531292286
2012-04-02 08:39:21,10.126280565027628
2010-07-25 04:03:17,9.476363415509695
2012-07-01 22:30:29,12.698297770579302
2014-02-08 17:24:57,14.4260427924728
2012-06-02 01:16:05,13.546418311489106
2012-06-02 01:16:05,11.958640526108866
2014-01-11 06:18:37,9.455359847393993
2012-12-09 22:30:13,9.945656531785062
2011-10-01 15:04:57,10.846977991481253
2012-01-01 00:37:29,11.491903558173362
2012-04-14 14:20:33,10.707411768142265
2010-02-01 20:28:45,10.164876648430436
2013-08-19 16:21:05,11.989214638872
2014-06-05 22:56:05,9.377656988595845
2013-11-07 22:25:25,10.063826331013843
2010-06-19 03:06:33,10.674176414902831
2012-07-18 09:44:53,11.471423039442016
2009-09-25 21:43:49,11.93648118141573
2009-09-04 18:43:33,9.76519615531106
2012-10-20 00:36:37,11.731025383887754
2014-06-19 22:37:09,7.456520609477593
2012-12-20 23:43:09,11.10469082641066
2015-05-23 01:00:22,10.677994302448496
2012-11-18 14:55:42,8.906715078215711
2010-01-24 14:09:58,10.310222284573683
2014-07-27 11:25:18,10.627840917899448
2009-03-15 03:31:14,8.160132261795297
2010-09-24 22:40:06,7.984125124132333
2009-04-18 23:09:34,7.011073710689743
2014-08-26 16:39:54,10.515309286394768
2009-05-31 20:56:38,9.066834052942795
2015-05-29 10:02:42,9.015665523920688
2011-04-17 14:55:58,10.226463226326814
2011-05-26 21:36:54,10.56134444401323
2011-05-26 21:36:54,12.15085019833532
2013-11-23 16:33:30,8.385481499653906
2009-06-03 09:11:30,8.770529220677417
2010-12-04 21:08:38,11.133950499215644
2013-09-07 19:43:18,9.590562464247341
2011-03-10 18:16:14,8.027893546848645
2011-05-19 02:06:46,11.561955200446391
2009-08-03 17:06:06,10.99982348768026
2015-04-14 19:20:46,9.599409702259436
2011-09-08 13:39:06,8.118087846094568
2012-03-03 02:30:54,12.15239387881411
2012-12-27 21:01:54,18.269881249454556
2012-12-27 21:01:54,9.874730106170318
2014-06-20 02:16:34,13.033020227832822
2014-01-14 18:48:06,8.066557676884258
2011-09-03 00:03:42,9.292787045324076
2013-07-02 22:27:14,10.850973474121929
2013-07-02 22:27:14,23.591285912902094
2015-05-09 11:33:58,12.901837400660952
2015-03-28 19:31:26,10.985943504163515
2013-08-08 14:38:43,7.419280481299211
2009-11-19 22:48:27,13.969976493810464
2011-07-06 19:56:23,9.618135465319938
2015-06-18 20:56:55,10.331197370178415
2015-02-14 13:15:19,10.444806904706638
2013-01-12 22:40:39,10.325701112889874
2013-03-23 15:41:07,17.263695670844754
2010-01-31 00:33:03,10.416046062713576
2014-06-09 14:51:39,10.58306348205224
2015-03-20 16:33:07,12.263354949725908
2015-01-04 00:28:11,12.020266575254936
2010-10-04 16:17:03,12.76016441135289
2011-05-17 07:53:55,10.532225757993729
2012-12-26 20:55:27,9.269008797327842
2012-12-26 20:55:27,7.813449594219492
2011-12-17 16:19:47,10.416731375449672
2010-02-15 10:14:23,15.106524915931004
2010-12-11 16:12:35,9.578438242633638
2011-12-11 11:05:51,11.747132135635184
2014-06-14 12:32:11,8.933088861649594
2012-06-09 22:57:15,9.779891038720962
2009-05-21 20:50:31,9.383007682841708
2010-09-22 09:42:31,8.07238322181911
2014-07-08 10:21:39,10.134707016377433
2012-09-16 18:14:55,9.539830878784414
2013-10-05 13:45:39,10.228081681252661
2014-07-31 10:39:39,10.080545280014121
2013-02-16 14:26:51,10.117445778838373
2014-01-04 10:54:59,33.96727432427724
2015-03-07 15:25:59,8.941745243495461
2009-04-16 15:57:31,10.685795057077485
2011-10-23 17:43:43,9.22664524863103
2014-06-14 13:39:00,11.099429412965037
2014-06-14 13:39:00,11.386646750726868
2014-06-14 13:39:00,8.929487600256834
2014-06-14 13:39:00,9.972831824736204
2014-06-14 13:39:00,9.076174311483555
2014-06-14 13:39:00,16.416132019807264
2014-06-14 13:39:00,34.2987079706636
2014-06-14 13:39:00,10.241033843889454
2014-06-14 13:39:00,11.233738749169788
2014-06-14 13:39:00,7.643188511752669
2014-06-14 13:39:00,11.104610973248782
2014-06-14 13:39:00,9.98630688429148
2014-06-14 13:39:00,13.979326709932138
2014-06-14 13:39:00,19.85108399611272
2014-06-14 13:39:00,8.268620744403961
2014-06-14 13:39:00,11.641347562186638
2011-10-02 23:36:00,31.212998372266156
2011-10-02 23:36:00,14.797318628290668
2011-10-02 23:36:00,9.224657933182243
2011-10-02 23:36:00,9.671958960505435
2011-10-02 23:36:00,8.72157517868618
2011-10-02 23:36:00,11.900940327166609
2011-10-02 23:36:00,8.643316000379855
2011-10-02 23:36:00,12.085824547248194
2011-10-02 23:36:00,14.990234016173417
2011-10-02 23:36:00,8.838388303896863
2011-10-02 23:36:00,18.05636292955387
2011-10-02 23:36:00,11.27349255068475
2011-10-02 23:36:00,8.200734708780146
2011-10-02 23:36:00,38.74461308607533
2011-10-02 23:36:00,11.923419706512504
2011-10-02 23:36:00,20.400198997425832
2011-10-02 23:36:00,8.497292992835355
2009-06-10 16:55:00,11.132377389743851
2009-06-10 16:55:00,10.74364928140858
2009-06-10 16:55:00,9.42405940104436
2009-06-10 16:55:00,11.607307427084379
2009-06-10 16:55:00,9.36598836039775
2009-06-10 16:55:00,9.297868903013295
2009-06-10 16:55:00,8.298346423773182
2009-06-10 16:55:00,11.618579389341903
2009-06-10 16:55:00,7.369342355614208
2009-06-10 16:55:00,7.257109735448466
2009-06-10 16:55:00,8.784942188847708
2009-06-10 16:55:00,9.719678631572606
2009-06-10 16:55:00,11.014754005082068
2009-06-10 16:55:00,8.312181329569285
2009-06-10 16:55:00,9.428012902759292
2009-06-10 16:55:00,10.194487381977524
2009-06-10 16:55:00,9.727184732750175
2009-06-10 16:55:00,7.948433528848909
2009-06-10 16:55:00,8.917057517232024
2009-06-10 16:55:00,7.9163988612872345
2009-06-10 16:55:00,9.312227581714978
2009-06-10 16:55:00,11.070959043625408
2009-06-10 16:55:00,10.108608526823446
2009-06-10 16:55:00,12.366206483655333
2009-06-10 16:55:00,15.448429157684586
2009-06-10 16:55:00,9.91128617517461
2009-06-10 16:55:00,16.045338575824644
2009-06-10 16:55:00,8.385549134914982
2009-06-10 16:55:00,9.84544563090276
2009-06-10 16:55:00,10.834868734182237
2009-06-10 16:55:00,5.402740952979002
2009-06-10 16:55:00,8.310234704787945
2009-06-10 16:55:00,12.22471123692958
2009-06-10 16:55:00,8.021021984117397
2009-06-10 16:55:00,10.554098358503325
2011-06-24 12:03:00,7.469846985544791
2011-06-24 12:03:00,10.714461687317453
2011-06-24 12:03:00,10.143899088356193
2011-06-24 12:03:00,12.063612284831834
2011-06-24 12:03:00,10.2379587041396
2011-06-24 12:03:00,15.72915107618428
2011-06-24 12:03:00,9.073536335907193
2011-06-24 12:03:00,10.940800413429315
2011-06-24 12:03:00,8.618307750672102
2011-06-24 12:03:00,11.027452901558718
2011-06-24 12:03:00,11.351264296738009
2011-06-24 12:03:00,11.117568820875022
2011-06-24 12:03:00,10.098034671207643
2011-06-24 12:03:00,7.832628515792749
2011-06-24 12:03:00,10.1596689928665
2011-06-24 12:03:00,11.4329471436522
2011-06-24 12:03:00,14.434078628341013
2011-06-24 12:03:00,12.48426242586902
2011-06-24 12:03:00,10.78552635279084
2011-06-24 12:03:00,38.53503689748868
2011-06-24 12:03:00,9.500010520521755
2011-06-24 12:03:00,11.744250614610792
2011-06-24 12:03:00,11.32738674398206
2011-06-24 12:03:00,11.166667362764201
2011-06-24 12:03:00,20.01837894747041
2011-06-24 12:03:00,11.00382036004703
2011-06-24 12:03:00,11.000241794732574
2011-06-24 12:03:00,9.957538713742906
2011-06-24 12:03:00,10.11705344065922
2014-06-15 07:06:00,10.586414901370517
2014-06-15 07:06:00,10.37147717651169
2014-06-15 07:06:00,27.390045824817207
2014-06-15 07:06:00,11.578423457433018
2014-06-15 07:06:00,9.028119716133006
2014-06-15 07:06:00,8.723008024644514
2014-06-15 07:06:00,10.069576881469402
2009-09-14 02:19:00,8.338766137041603
2009-09-14 02:19:00,13.00966706930376
2009-09-14 02:19:00,11.769271090182883
2009-09-14 02:19:00,12.044343510831823
2009-09-14 02:19:00,10.574889977971907
2009-09-14 02:19:00,9.42098916874238
2011-06-01 07:37:00,11.167400040994835
2011-06-01 07:37:00,8.133938281660448
2011-06-01 07:37:00,11.713952520096427
2011-06-01 07:37:00,8.546636092785775
2011-06-01 07:37:00,12.663399875465984
2011-06-01 07:37:00,8.158176245042341
2011-06-01 07:37:00,11.234477900075944
2011-06-01 07:37:00,10.901868574499531
2011-06-01 07:37:00,10.522417708305511
2011-06-01 07:37:00,11.255569599241426
2011-06-01 07:37:00,9.28810598385644
2011-06-01 07:37:00,8.520394127304826
2011-06-01 07:37:00,8.702884036576506
2011-06-01 07:37:00,10.077290505001656
2011-06-01 07:37:00,11.73923153783835
2011-06-01 07:37:00,26.83759577757519
2011-06-01 07:37:00,9.91241793253721
2011-06-01 07:37:00,14.764559195118636
2011-06-01 07:37:00,7.363212585081783
2011-06-01 07:37:00,11.106550227783373
2011-06-01 07:37:00,9.568433689828453
2011-06-01 07:37:00,11.416795077628194
2011-06-01 07:37:00,8.894344076932612
2011-06-01 07:37:00,10.070703277420762
2011-06-01 07:37:00,18.035499055624314
2011-06-01 07:37:00,11.835594712176317
2011-06-01 07:37:00,11.989820901295388
2011-06-01 07:37:00,9.982959585082426
2011-06-01 07:37:00,12.688976808238294
2011-06-01 07:37:00,9.322198932835818
2011-06-01 07:37:00,9.55664146903473
2011-06-01 07:37:00,7.575567887721263
2011-06-01 07:37:00,7.375564688922168
2011-06-01 07:37:00,11.68287349021739
2011-06-01 07:37:00,10.427901959794326
2011-06-01 07:37:00,10.038172690598003
2011-06-01 07:37:00,11.53326783243574
2011-06-01 07:37:00,9.807110191928587
2011-06-01 07:37:00,10.451849934392158
2010-08-27 18:45:00,40.546229260464315
2010-08-27 18:45:00,12.52826736445786
2010-08-27 18:45:00,10.56110070541763
2010-08-27 18:45:00,10.47515427806502
2010-08-27 18:45:00,10.619295028216584
2010-08-27 18:45:00,10.592711424802474
2010-08-27 18:45:00,9.939993222400517
2010-08-27 18:45:00,8.469674440553717
2010-08-27 18:45:00,17.011797055072748
2010-08-27 18:45:00,10.15422708517508
2010-08-27 18:45:00,10.626939615362062
2010-08-27 18:45:00,9.849153852856034
2010-08-27 18:45:00,11.493594407460478
2010-08-27 18:45:00,12.23558789265735
2010-08-27 18:45:00,33.29411077666737
2010-08-27 18:45:00,11.769439610905465
2010-08-27 18:45:00,10.718602798535358
2010-08-27 18:45:00,15.054946366724835
2010-08-27 18:45:00,6.8598895331633685
2010-08-27 18:45:00,11.10772503359658
2010-08-27 18:45:00,10.46172443002979
2010-08-27 18:45:00,11.115430698044293
2010-08-27 18:45:00,8.569348386661659
2010-08-27 18:45:00,11.981092610627456
2010-08-27 18:45:00,10.564507871131354
2010-08-27 18:45:00,8.210546997943311
2010-08-27 18:45:00,8.818675331174745
2010-08-27 18:45:00,11.289661266873736
2010-08-27 18:45:00,11.228352583488231
2010-08-27 18:45:00,11.707116007826698
2010-08-27 18:45:00,9.291407070928472
2010-08-27 18:45:00,12.573461807654894
2010-08-27 18:45:00,11.382259720872753
2010-08-27 18:45:00,8.418138227405507
2010-08-27 18:45:00,11.622723488408155
2010-08-27 18:45:00,10.055197477484398
2010-08-27 18:45:00,7.147680256062813
2010-08-27 18:45:00,10.648106364078558
2010-08-27 18:45:00,9.44363976223758
2010-08-27 18:45:00,10.865572434857313
2010-08-27 18:45:00,10.174472154581963
2010-08-27 18:45:00,30.241295390735104
2010-08-27 18:45:00,13.563869419807816
2010-08-27 18:45:00,14.878309251518658
2010-08-27 18:45:00,10.913270723494861
2010-08-27 18:45:00,18.7733749019244
2010-08-27 18:45:00,11.359349821075739
2010-08-27 18:45:00,18.903548956874147
2010-08-27 18:45:00,11.045028886392174
2010-08-27 18:45:00,8.304779343719929
2010-08-14 02:13:00,11.751639713727855
2010-08-14 02:13:00,11.072608598216902
2010-08-14 02:13:00,10.265311283337724
2010-08-14 02:13:00,7.392381372908858
2010-08-14 02:13:00,12.375553712196051
2010-08-14 02:13:00,17.66691012332558
2010-08-14 02:13:00,17.114654966781018
2010-08-14 02:13:00,11.948670295181728
2010-08-14 02:13:00,14.413879685678694
2010-08-14 02:13:00,11.611854647049768
2010-08-14 02:13:00,8.840495854299661
2010-08-14 02:13:00,11.665863661588446
2010-08-14 02:13:00,11.304444364526717
2010-08-14 02:13:00,10.103039512332543
2010-08-14 02:13:00,15.650642305759902
2010-08-14 02:13:00,12.463079387003745
2010-08-14 02:13:00,10.227460049543879
2010-08-14 02:13:00,11.8217350849809
2010-08-14 02:13:00,14.277437964992714
2010-08-14 02:13:00,12.51565576120447
2010-08-14 02:13:00,10.057044070559641
2010-08-14 02:13:00,6.298444461132021
2010-08-14 02:13:00,10.20116767384934
2010-08-14 02:13:00,16.058805669279536
2010-08-14 02:13:00,9.680799612504416
2010-08-14 02:13:00,10.412223471332254
2010-08-14 02:13:00,8.0884638637217
2010-08-14 02:13:00,11.006847128064692
2010-08-14 02:13:00,12.949134863556537
2010-08-14 02:13:00,11.018334092290388
2010-08-14 02:13:00,9.209192190328395
2010-08-14 02:13:00,12.181571412780613
2010-08-14 02:13:00,10.817592867093481
2010-08-14 02:13:00,11.355474446336302
2010-08-14 02:13:00,12.552381050694748
2010-08-14 02:13:00,9.01295004745225
2010-08-14 02:13:00,11.88063502886871
2010-08-14 02:13:00,10.934478882045369
2010-08-14 02:13:00,14.477100183232324
2010-08-14 02:13:00,14.366196950793892
2010-08-14 02:13:00,8.180467568119639
2010-08-14 02:13:00,23.967542399703234
2010-08-14 02:13:00,12.539243897112101
2014-03-25 23:47:00,10.852322495416956
2014-03-25 23:47:00,9.07973885602405
2014-03-25 23:47:00,12.515209051072816
2014-03-25 23:47:00,9.357024246824949
2014-03-25 23:47:00,7.259467090385442
2014-03-25 23:47:00,9.580769432506713
2014-03-25 23:47:00,9.958485970682887
2014-03-25 23:47:00,11.317051033382086
2014-03-25 23:47:00,12.843915706727785
2014-03-25 23:47:00,9.482411256774867
2014-03-25 23:47:00,42.52878491082265
2014-03-25 23:47:00,8.510656284344805
2014-03-25 23:47:00,16.099535030256447
2014-03-25 23:47:00,19.083539232666226
2014-03-25 23:47:00,32.436926105830935
2014-03-25 23:47:00,7.2553173787800915
2014-03-25 23:47:00,10.052460395492744
2014-03-25 23:47:00,11.357254881308108
2014-03-25 23:47:00,15.127000635449804
2014-03-25 23:47:00,15.998744054340932
2014-03-25 23:47:00,6.614137473396113
2014-03-25 23:47:00,8.380208807473537
2014-03-25 23:47:00,7.958424357142576
2014-03-25 23:47:00,12.495244645077037
2014-03-25 23:47:00,11.853532441811694
2010-09-29 16:43:00,10.310118740128019
2010-09-29 16:43:00,10.474371539075946
2010-09-29 16:43:00,10.933029300804264
2010-09-29 16:43:00,8.933969997953682
2010-09-29 16:43:00,9.542768370572958
2010-09-29 16:43:00,8.990422356968338
2010-09-29 16:43:00,10.81704871175316
2010-09-29 16:43:00,8.614281443573418
2010-09-29 16:43:00,11.232627167695682
2010-09-29 16:43:00,10.273043908018735
2010-09-29 16:43:00,7.435823081081253
2010-09-29 16:43:00,10.781642224570533
2010-09-29 16:43:00,10.633825369684928
2010-09-29 16:43:00,13.6045454311934
2010-09-29 16:43:00,10.05566318923593
2010-09-29 16:43:00,11.334394313096709
2010-09-29 16:43:00,11.895428190064194
2010-09-29 16:43:00,11.291650572929939
2010-09-29 16:43:00,9.12179939591988
2010-09-29 16:43:00,10.471018975815241
2010-09-29 16:43:00,6.902669080964188
2010-09-29 16:43:00,11.944128393148276
2010-09-29 16:43:00,10.939729903597254
2010-09-29 16:43:00,33.789354583013846
2010-09-29 16:43:00,10.546213259147407
2010-09-29 16:43:00,10.932786604646026
2010-09-29 16:43:00,11.987269548670156
2010-09-29 16:43:00,10.873524112925224
2010-09-29 16:43:00,11.581983045922243
2010-09-29 16:43:00,11.599265485616343
2010-09-29 16:43:00,9.819588009191648
2010-09-29 16:43:00,17.865980598415263
2010-09-29 16:43:00,12.219690785206694
2010-09-29 16:43:00,10.272162531149661
2010-09-29 16:43:00,8.201070816741776
2010-09-29 16:43:00,7.668734961938753
2010-09-29 16:43:00,11.20187241522217
2014-10-27 14:58:00,33.94739921292239
2014-10-27 14:58:00,9.579452418724031
2014-10-27 14:58:00,10.843989067105213
2014-10-27 14:58:00,9.03139950174409
2014-10-27 14:58:00,11.30811719256053
2014-10-27 14:58:00,11.144954501536631
2014-10-27 14:58:00,11.705101896681299
2014-10-27 14:58:00,10.15077411447237
2014-10-27 14:58:00,7.730810352351909
2014-10-27 14:58:00,26.407980056423185
2014-10-27 14:58:00,31.76142335628174
2014-10-27 14:58:00,10.637000953664028
2014-10-27 14:58:00,32.30639644830262
2014-10-27 14:58:00,11.13362931771735
2014-10-27 14:58:00,10.244123142740136
2014-10-27 14:58:00,11.213285581588934
2014-10-27 14:58:00,10.850861856364645
2014-10-27 14:58:00,12.55810740639572
2014-10-27 14:58:00,7.108514871915759
2014-10-27 14:58:00,10.956468371467054
2012-11-03 17:11:00,10.9943325685108
2012-11-03 17:11:00,12.491246646683067
2012-11-03 17:11:00,11.144168845692548
2012-11-03 17:11:00,10.454261527134804
2012-11-03 17:11:00,12.378549333683623
2012-11-03 17:11:00,10.199959508610846
2012-11-03 17:11:00,10.606347694063516
2012-11-03 17:11:00,9.585644224052885
2012-11-03 17:11:00,8.661285264477556
2012-11-03 17:11:00,7.528234040593816
2012-11-03 17:11:00,8.053489627798626
2012-11-03 17:11:00,10.666793854306889
2012-11-03 17:11:00,9.711168448578974
2012-11-03 17:11:00,11.65027268205995
2012-11-03 17:11:00,11.868435356815098
2012-11-03 17:11:00,8.967317616727087
2012-11-03 17:11:00,8.279262423709952
2012-11-03 17:11:00,10.69602892473631
2011-03-11 01:44:00,11.448396627885813
2011-03-11 01:44:00,11.136339095261064
2011-03-11 01:44:00,10.494019162819313
2011-03-11 01:44:00,9.017314372702458
2011-03-11 01:44:00,25.146404735083706
2011-03-11 01:44:00,12.98045108254155
2011-03-11 01:44:00,14.349835168763093
2011-03-11 01:44:00,9.563908688638548
2011-03-11 01:44:00,29.926388646470514
2011-03-11 01:44:00,12.216471261153856
2011-03-11 01:44:00,10.289498995300164
2011-03-11 01:44:00,11.799233430670938
2011-03-11 01:44:00,9.658773914585254
2011-03-11 01:44:00,8.890176229198914
2011-03-11 01:44:00,13.65452149472003
2011-03-11 01:44:00,8.681025913676422
2011-03-11 01:44:00,8.721604298689272
2011-03-11 01:44:00,15.475296400965817
2011-03-11 01:44:00,11.479167972966025
2011-10-04 09:37:00,10.548935186037852
2011-10-04 09:37:00,11.523556838154036
2011-10-04 09:37:00,14.373781927006348
2011-10-04 09:37:00,8.905076134102273
2011-10-04 09:37:00,10.691007526820613
2011-10-04 09:37:00,10.444286391199057
2011-10-04 09:37:00,11.123083558566577
2011-10-04 09:37:00,8.966843231430175
2011-10-04 09:37:00,10.117164440094712
2011-10-04 09:37:00,11.045085394505804
2011-10-04 09:37:00,10.04241770048975
2011-10-04 09:37:00,9.897137111242046
2011-10-04 09:37:00,33.89969407115677
2011-10-04 09:37:00,11.719718018041021
2011-10-04 09:37:00,10.346210647086991
2011-10-04 09:37:00,10.464071566586426
2011-10-04 09:37:00,12.200558052867564
2011-10-04 09:37:00,9.148119578228943
2011-10-04 09:37:00,11.979640908741203
2011-10-04 09:37:00,10.149375705348575
2011-10-04 09:37:00,10.009415857179192
2011-10-04 09:37:00,10.713694268508334
2011-10-04 09:37:00,11.313632864983447
2011-10-04 09:37:00,11.700830395555386
2011-10-04 09:37:00,9.21671745515232
2011-10-04 09:37:00,11.48774714688443
2011-10-04 09:37:00,9.118672067330408
2011-10-04 09:37:00,14.103270127263386
2011-10-04 09:37:00,9.497866572968633
2011-10-04 09:37:00,7.931536535994383
2014-12-24 03:00:00,9.679006500859032
2014-12-24 03:00:00,11.411979136848458
2014-12-24 03:00:00,13.574276484598158
2014-12-24 03:00:00,11.244783786967673
2014-12-24 03:00:00,8.057096812573945
2014-12-24 03:00:00,13.344345670031544
2014-12-24 03:00:00,10.407580372524535
2015-02-12 05:37:56,11.101093215786022
2014-04-27 02:57:00,10.586764451711133
2014-04-27 02:57:00,16.785290737852847
2014-04-27 02:57:00,9.231604322043495
2014-04-27 02:57:00,7.52822615651894
2014-04-27 02:57:00,11.076092849616543
2014-04-27 02:57:00,10.17862217358379
2014-04-27 02:57:00,7.334823648312522
2014-04-27 02:57:00,8.956873438999537
2014-04-27 02:57:00,11.089625546710522
2014-04-27 02:57:00,12.731882774716723
2014-04-27 02:57:00,16.953080861139824
2014-04-27 02:57:00,9.982624501297323
2014-04-27 02:57:00,12.804129411189933
2014-04-27 02:57:00,12.403120885650424
2014-04-27 02:57:00,12.279792827681376
2014-04-27 02:57:00,11.267553005744048
2014-04-27 02:57:00,10.409535084514573
2014-04-27 02:57:00,10.168932638143815
2011-12-13 22:00:00,11.179161900437975
2011-12-13 22:00:00,8.021113165132192
2011-12-13 22:00:00,10.712050922966228
2011-12-13 22:00:00,12.620249179271923
2011-12-13 22:00:00,10.168556266482483
2011-12-13 22:00:00,12.905693328229972
2011-12-13 22:00:00,10.274974088611998
2011-12-13 22:00:00,10.045278104869794
2011-12-13 22:00:00,10.329594673130487
2011-12-13 22:00:00,9.535570361098507
2011-12-13 22:00:00,11.516284408258798
2011-12-13 22:00:00,11.821345489533996
2011-12-13 22:00:00,10.930196414587044
2011-12-13 22:00:00,10.005840214338605
2011-12-13 22:00:00,9.303754105449116
2011-12-13 22:00:00,7.074804050680541
2011-12-13 22:00:00,7.627542583239119
2011-12-13 22:00:00,18.304939651250606
2011-12-13 22:00:00,10.401000147005107
2011-12-13 22:00:00,10.184846796164493
2011-12-13 22:00:00,15.73030069154629
2011-12-13 22:00:00,10.369547967700782
2011-12-13 22:00:00,10.60835956658957
2011-12-13 22:00:00,10.138178913717638
2011-12-13 22:00:00,9.31760424613276
2011-12-13 22:00:00,9.446911690534762
2011-12-13 22:00:00,10.962818431396954
2011-12-13 22:00:00,12.111412545576968
2011-12-13 22:00:00,9.26109053691107
2011-12-13 22:00:00,10.932466872112855
2011-12-13 22:00:00,11.218510817132483
2011-12-13 22:00:00,11.067868969263145
2011-12-13 22:00:00,37.03893794679607
2011-12-13 22:00:00,7.556281214050614
2015-04-11 14:16:12,12.458739867577606
2015-05-10 19:54:00,11.988465412212463
2014-07-21 18:19:00,10.864705621608664
2014-07-21 18:19:00,9.996413303595546
2014-07-21 18:19:00,8.129503828289671
2014-07-21 18:19:00,10.113670646971514
2014-07-21 18:19:00,10.283796336205342
2014-07-21 18:19:00,11.518543523761764
2014-07-21 18:19:00,11.281651364572099
2014-07-21 18:19:00,9.396848981159565
2014-07-21 18:19:00,10.919394159847798
2014-07-21 18:19:00,11.614148931272211
2014-07-21 18:19:00,10.015734156151666
2014-07-21 18:19:00,7.859695104107232
2014-07-21 18:19:00,7.7907860718351
2014-07-21 18:19:00,9.868803797184228
2014-07-21 18:19:00,10.620440822280216
2014-07-21 18:19:00,10.214828380714607
2014-07-21 18:19:00,7.318772511860516
2014-07-21 18:19:00,9.954107693723927
2014-07-21 18:19:00,7.517783055494874
2014-07-21 18:19:00,11.062902514639063
2014-07-21 18:19:00,9.531830488023843
2014-07-21 18:19:00,9.392805195691835
2014-07-21 18:19:00,10.844855820489101
2014-07-21 18:19:00,9.132312847123103
2014-07-21 18:19:00,7.581460069783134
2014-07-21 18:19:00,10.002106542260663
2014-07-21 18:19:00,12.017309835240667
2014-07-21 18:19:00,11.68051053140698
2014-07-21 18:19:00,11.656029035368192
2014-07-21 18:19:00,9.127174226930947
2014-07-21 18:19:00,11.678965325043464
2014-07-21 18:19:00,11.97680354629847
2014-07-21 18:19:00,9.305440515074224
2010-09-20 16:48:00,15.844487387194022
2010-09-20 16:48:00,10.017476395867561
2010-09-20 16:48:00,10.678909477448542
2010-09-20 16:48:00,9.657674534277248
2010-09-20 16:48:00,19.77778768893222
2010-09-20 16:48:00,12.276864192112043
2010-09-20 16:48:00,8.015287778980564
2010-09-20 16:48:00,33.24872225177569
2010-09-20 16:48:00,13.099334053036728
2010-09-20 16:48:00,9.02501528006178
2010-09-20 16:48:00,11.637974713356016
2010-09-20 16:48:00,8.85359854532362
2010-09-20 16:48:00,9.003416773413846
2010-09-20 16:48:00,17.942400589094177
2010-09-20 16:48:00,10.621466060671082
2010-09-20 16:48:00,10.040681885906451
2010-09-20 16:48:00,10.211688444056563
2010-09-20 16:48:00,7.333010264836048
2010-09-20 16:48:00,29.724078576504326
2011-03-06 21:01:00,8.86919560026945
2011-03-06 21:01:00,13.812134280537066
2011-03-06 21:01:00,10.57015659318131
2011-03-06 21:01:00,12.934896171485889
2011-03-06 21:01:00,16.711089119458848
2011-03-06 21:01:00,17.78396046677335
2011-03-06 21:01:00,13.768340304386584
2011-03-06 21:01:00,8.094335483794566
2011-03-06 21:01:00,9.850581305285232
2011-03-06 21:01:00,10.308228123256413
2011-03-06 21:01:00,13.620054952487408
2011-03-06 21:01:00,10.43938126523608
2011-03-06 21:01:00,12.038135351540404
2011-03-06 21:01:00,8.99462626116292
2011-03-06 21:01:00,9.098704660387739
2011-03-06 21:01:00,12.323361594426387
2011-03-06 21:01:00,16.667825306803934
2011-03-06 21:01:00,12.325258364739057
2011-03-06 21:01:00,9.438578425018932
2011-03-06 21:01:00,10.412081263615619
2011-03-06 21:01:00,7.519694584267199
2011-03-06 21:01:00,6.826773291455538
2011-03-06 21:01:00,13.469659439113457
2011-03-06 21:01:00,10.01742740861664
2011-03-06 21:01:00,10.295627856281499
2011-03-06 21:01:00,11.918659417149684
2012-01-26 07:33:00,11.005839652176292
2012-01-26 07:33:00,14.158164143518661
2012-01-26 07:33:00,9.982691898116173
2012-01-26 07:33:00,14.634958316270058
2012-01-26 07:33:00,10.156089959504243
2012-01-26 07:33:00,8.609097400465544
2012-01-26 07:33:00,10.68232410643941
2012-01-26 07:33:00,16.993267076224583
2012-01-26 07:33:00,10.956911601209868
2012-01-26 07:33:00,11.419370253262969
2012-01-26 07:33:00,8.565820805904877
2012-01-26 07:33:00,13.280644803005998
2012-01-26 07:33:00,8.780114873236016
2012-01-26 07:33:00,54.406338992319434
2012-01-26 07:33:00,11.985057670817696
2012-01-26 07:33:00,10.702597445169886
2012-01-26 07:33:00,8.29116292395156
2012-01-26 07:33:00,9.157278347682222
2012-01-26 07:33:00,8.95824169361913
2012-01-26 07:33:00,9.907941052317256
2010-12-09 07:29:00,9.367323664346259
2010-12-09 07:29:00,19.281703382061096
2010-12-09 07:29:00,11.585187418670102
2010-12-09 07:29:00,8.660225326188083
2010-12-09 07:29:00,7.849999089234188
2010-12-09 07:29:00,10.193938172977141
2010-12-09 07:29:00,8.989719918092305
2010-12-09 07:29:00,11.171616750381872
2010-12-09 07:29:00,16.75273814609318
2010-12-09 07:29:00,12.198071234693998
2010-12-09 07:29:00,9.64657866833295
2010-12-09 07:29:00,10.132088921507602
2010-12-09 07:29:00,24.3567327458004
2010-12-09 07:29:00,11.508616806553619
2010-12-09 07:29:00,9.139697125940074
2010-12-09 07:29:00,11.431053798647554
2010-12-09 07:29:00,11.957418680529372
2010-12-09 07:29:00,9.961333323366489
2010-12-09 07:29:00,9.454217653474188
2010-12-09 07:29:00,9.587417488921346
2010-12-09 07:29:00,11.640003258700744
2010-12-09 07:29:00,11.60811137042765
2010-12-09 07:29:00,10.115805825424104
2010-12-09 07:29:00,10.527895274966795
2010-12-09 07:29:00,11.50229012059026
2010-12-09 07:29:00,12.607510207708401
2010-12-09 07:29:00,8.903465519109886
2010-12-09 07:29:00,9.723966156891038
2010-12-09 07:29:00,9.852768626838952
2010-12-09 07:29:00,34.25911181699303
2010-12-09 07:29:00,11.661329846212539
2010-12-09 07:29:00,11.347691802246118
2010-12-09 07:29:00,8.302457310259342
2010-12-09 07:29:00,10.199872714158118
2010-12-09 07:29:00,10.176100293252603
2010-12-09 07:29:00,10.528949244137038
2010-12-09 07:29:00,9.116934576799395
2012-05-08 03:50:00,14.128113295268122
2012-05-08 03:50:00,9.912235943738779
2012-05-08 03:50:00,14.526250527551383
2012-05-08 03:50:00,11.85860689279798
2015-03-12 19:43:24,9.562685960492672
2015-02-01 00:48:44,14.442096756129104
2015-02-21 18:39:16,10.024359101222217
2011-01-24 20:47:04,10.391837488994497
2010-12-25 13:54:12,11.589737303400398
2015-04-07 14:31:12,8.960494077038675
2012-11-20 21:54:00,9.74858286077324
2012-11-20 21:54:00,7.251689102637101
2012-11-20 21:54:00,11.695544018108194
2012-11-20 21:54:00,18.55958428538179
2012-11-20 21:54:00,9.511596653253946
2012-11-20 21:54:00,10.004098652911125
2012-11-20 21:54:00,11.067683430097532
2012-11-20 21:54:00,10.337035954480598
2012-11-20 21:54:00,10.330438395940291
2012-11-20 21:54:00,8.546405513798163
2012-11-20 21:54:00,8.344447849685821
2012-11-20 21:54:00,10.137419132270225
2012-11-20 21:54:00,14.155974466248153
2012-11-20 21:54:00,11.364483358514917
2012-11-20 21:54:00,11.732432244514712
2012-11-20 21:54:00,8.36798500502664
2012-11-20 21:54:00,11.683896068883769
2012-11-20 21:54:00,10.959667243821968
2012-11-20 21:54:00,10.216190494717011
2012-11-20 21:54:00,11.39226771012909
2012-11-20 21:54:00,10.566152423421954
2012-11-20 21:54:00,10.089560499438448
2012-11-20 21:54:00,13.693241978035076
2012-11-20 21:54:00,11.62294689774717
2012-11-20 21:54:00,11.697049944781611
2012-11-20 21:54:00,8.424454526002592
2012-11-20 21:54:00,10.115269284140595
2012-11-20 21:54:00,11.290238383109681
2012-11-20 21:54:00,8.234602828426432
2012-11-20 21:54:00,11.576030182352042
2012-11-20 21:54:00,9.89308467448609
2012-11-20 21:54:00,20.958873316480094
2012-11-20 21:54:00,9.963528250584204
2012-11-20 21:54:00,12.266080117757156
2012-11-20 21:54:00,11.387354272617813
2012-11-20 21:54:00,11.317886791946876
2012-11-20 21:54:00,11.018071315855195
2012-11-20 21:54:00,11.260268535024807
2012-11-20 21:54:00,8.539027249951687
2014-06-23 00:16:00,8.637402677142745
2014-06-23 00:16:00,10.35340237906712
2014-06-23 00:16:00,11.269031150573937
2014-06-23 00:16:00,11.93080072675366
2014-06-23 00:16:00,13.383277639448352
2014-06-23 00:16:00,13.600491955779944
2014-06-23 00:16:00,22.32334153834381
2014-06-23 00:16:00,14.545928233334052
2014-06-23 00:16:00,10.909996810385564
2014-06-23 00:16:00,14.105385229087915
2013-09-25 22:00:00,7.697893796137578
2013-09-25 22:00:00,10.74373382853446
2013-09-25 22:00:00,34.137065845199686
2013-09-25 22:00:00,10.077634232779019
2013-09-25 22:00:00,10.566734528460074
2013-09-25 22:00:00,8.149409579946223
2013-09-25 22:00:00,11.595749581912969
2013-09-25 22:00:00,10.513508779155018
2013-09-25 22:00:00,9.181225594944408
2013-09-25 22:00:00,9.822340637514571
2013-09-25 22:00:00,8.575285555009032
2013-09-25 22:00:00,9.06595558855588
2013-09-25 22:00:00,10.555124528687884
2013-09-25 22:00:00,8.881148367616333
2013-09-25 22:00:00,20.872935074936322
2013-09-25 22:00:00,12.30862169620923
2013-09-25 22:00:00,9.242549150501873
2013-09-25 22:00:00,8.889793262513194
2013-09-25 22:00:00,10.958554212036688
2013-09-25 22:00:00,19.887735830545353
2013-09-25 22:00:00,11.1847107435824
2013-09-25 22:00:00,10.259654296381996
2013-09-25 22:00:00,11.55456565210443
2013-09-25 22:00:00,9.06306847032647
2013-09-25 22:00:00,11.106125236892694
2013-09-25 22:00:00,11.920881217216447
2013-09-25 22:00:00,10.673293611627741
2013-09-25 22:00:00,12.619831452700964
2013-09-25 22:00:00,11.685123147559352
2013-09-25 22:00:00,12.881349822337143
2015-03-04 21:42:57,8.526889742939602
2015-04-25 01:06:17,14.360020446665658
2015-02-19 11:39:21,12.451349879682311
2015-01-29 13:15:50,9.939522926890277
2015-05-07 15:33:26,7.524506798637958
2015-02-09 07:16:26,10.085605866508558
2015-04-16 18:45:22,11.910131714144882
2015-05-31 20:48:54,38.307757175804
2015-05-31 20:48:54,11.453377762380114
2015-06-18 20:56:55,17.97402613914892
2015-02-14 13:15:19,11.702828357716498
2015-05-10 12:37:51,8.726416865685678
2015-05-10 12:37:51,8.829100513425146
2015-05-20 00:59:15,11.775386148256075
2015-05-29 18:59:35,10.548776233768876
2015-02-25 18:00:51,10.198045244880632
2015-02-08 08:44:03,10.873171392813674
2015-05-12 08:31:07,9.619903430830163
2015-03-16 21:12:19,9.616203300825873
2014-06-14 13:39:00,8.841414543105202
2014-06-14 13:39:00,8.692585736698675
2014-06-14 13:39:00,9.750387709400457
2014-06-14 13:39:00,12.60754864212322
2014-06-14 13:39:00,10.52841205788718
2014-06-14 13:39:00,27.38001754752986
2014-06-14 13:39:00,10.09780918317847
2014-06-14 13:39:00,7.771653260950188
2014-06-14 13:39:00,8.090645192556622
2014-06-14 13:39:00,11.345677710263772
2014-06-14 13:39:00,8.875170323914062
2015-01-31 20:54:04,10.50910571404711
2011-10-02 23:36:00,12.57233495845685
2011-10-02 23:36:00,9.399199688867157
2011-06-24 12:03:00,10.860508929090429
2011-06-24 12:03:00,9.815787327264843
2011-06-24 12:03:00,8.076173079422006
2011-06-01 07:37:00,11.250199432519366
2010-08-27 18:45:00,9.47652002968789
2010-08-14 02:13:00,21.43310142185328
2014-03-25 23:47:00,9.270985999743061
2014-03-25 23:47:00,17.460422738102352
2014-03-25 23:47:00,10.110417643234541
2014-03-25 23:47:00,11.77853073094775
2014-03-25 23:47:00,9.237042876475243
2014-03-25 23:47:00,8.735459076899133
2014-03-25 23:47:00,18.933066475166925
2014-03-25 23:47:00,9.720371236029678
2014-03-25 23:47:00,10.691221748382304
2010-09-29 16:43:00,11.737244341691621
2014-10-27 14:58:00,19.024724579006943
2014-10-27 14:58:00,8.308506013203441
2014-10-27 14:58:00,9.799116518905066
2014-10-27 14:58:00,13.629822391952985
2014-10-27 14:58:00,11.22062838085185
2014-10-27 14:58:00,16.08315764894178
2014-10-27 14:58:00,11.315608287299256
2012-11-03 17:11:00,12.81845465560582
2012-11-03 17:11:00,8.844997631613296
2012-11-03 17:11:00,10.016241394096141
2012-11-03 17:11:00,11.762655274447752
2012-11-03 17:11:00,10.574320428380815
2012-11-03 17:11:00,12.682357467134352
2012-11-03 17:11:00,7.885338525897168
2011-03-11 01:44:00,13.02351471142174
2015-02-22 09:48:32,9.696812127942394
2011-10-04 09:37:00,8.267016953632265
2011-10-04 09:37:00,11.268119948585081
2014-12-24 03:00:00,9.998956618928787
2014-12-24 03:00:00,11.93254379444079
2014-12-24 03:00:00,9.264886349814333
2014-12-24 03:00:00,12.47368294397711
2015-04-11 20:31:32,10.227436357246916
2014-04-27 02:57:00,9.491368614255407
2014-04-27 02:57:00,7.642439246574213
2014-04-27 02:57:00,9.259185753224301
2014-04-27 02:57:00,8.288207857920497
2014-04-27 02:57:00,10.410696371985978
2014-04-27 02:57:00,8.38137120965257
2014-04-27 02:57:00,15.98843074791148
2014-04-27 02:57:00,9.625607950758422
2014-04-27 02:57:00,13.263566843477747
2014-04-27 02:57:00,10.358534811122809
2014-04-27 02:57:00,15.10943159008093
2014-04-27 02:57:00,10.645571310706146
2014-04-27 02:57:00,14.550003971229671
2014-04-27 02:57:00,12.327330751939371
2014-04-27 02:57:00,11.153152073420642
2014-04-27 02:57:00,17.827764149906216
2011-12-13 22:00:00,9.7989731160269
2011-12-13 22:00:00,9.06475163885625
2011-12-13 22:00:00,18.282514156360776
2011-12-13 22:00:00,10.26254829993195
2011-12-13 22:00:00,11.456371020052757
2011-12-13 22:00:00,13.069748712539877
2011-12-13 22:00:00,7.4537961697024
2011-12-13 22:00:00,11.188266738086895
2011-12-13 22:00:00,8.55859403955401
2011-12-13 22:00:00,8.25312226220376
2011-12-13 22:00:00,7.8494455389809445
2011-12-13 22:00:00,9.594598803920235
2011-12-13 22:00:00,11.353883123487321
2011-12-13 22:00:00,11.674162406943651
2015-02-26 15:55:48,12.916579790136893
2014-07-21 18:19:00,11.109866457769385
2014-07-21 18:19:00,7.606086183350271
2014-07-21 18:19:00,9.759158715114609
2014-07-21 18:19:00,21.42870529051106
2014-07-21 18:19:00,12.457575268736036
2014-07-21 18:19:00,11.036383086779097
2014-07-21 18:19:00,7.785796983420369
2014-07-21 18:19:00,11.60248008216513
2014-07-21 18:19:00,9.377137177525583
2014-07-21 18:19:00,8.319057908505783
2014-07-21 18:19:00,10.116633961770276
2010-09-20 16:48:00,9.463719251416478
2010-09-20 16:48:00,10.193332632401507
2010-09-20 16:48:00,9.170407122841425
2015-01-26 07:13:44,34.163191274805286
2011-03-06 21:01:00,11.863286427331332
2012-01-26 07:33:00,11.770171748703433
2012-01-26 07:33:00,9.819428845063157
2012-01-26 07:33:00,8.94349504361162
2012-01-26 07:33:00,11.755056096768385
2012-01-26 07:33:00,5.070300201774444
2012-01-26 07:33:00,11.336506567240576
2012-01-26 07:33:00,12.18731955250405
2015-03-20 23:34:40,20.0312527333881
2010-12-09 07:29:00,9.630965354137516
2012-05-08 03:50:00,10.565498179916176
2015-03-12 19:43:24,10.51623333896714
2012-11-20 21:54:00,10.805168991246319
2012-11-20 21:54:00,10.507195910433438
2012-11-20 21:54:00,10.828286695161296
2012-11-20 21:54:00,11.124062061717268
2012-11-20 21:54:00,8.676826247137797
2012-11-20 21:54:00,10.940685959316397
2012-11-20 21:54:00,11.882526924940976
2012-11-20 21:54:00,7.700198842758255
2012-11-20 21:54:00,11.420001165111898
2012-11-20 21:54:00,11.04883032284124
2012-11-20 21:54:00,7.956962087597276
2012-11-20 21:54:00,9.610663016597755
2012-11-20 21:54:00,10.758760256998357
2012-11-20 21:54:00,7.57656352173035
2012-11-20 21:54:00,11.763035521900747
2012-11-20 21:54:00,10.02686740732679
2012-11-20 21:54:00,10.032331007347238
2012-11-20 21:54:00,9.777375669302273
2014-06-23 00:16:00,7.733866812362976
2014-06-23 00:16:00,10.931086938582666
2014-06-23 00:16:00,8.336260847154335
2014-06-23 00:16:00,11.28991420858074
2014-06-23 00:16:00,10.019160562575053
2013-09-25 22:00:00,16.778321536023213
2013-09-25 22:00:00,12.011846201363369
2013-09-25 22:00:00,11.13152676939717
2013-09-25 22:00:00,14.620378025720129
2013-09-25 22:00:00,12.214951457817733
2013-09-25 22:00:00,11.456961900436
2013-09-25 22:00:00,8.828408820498225
2013-09-25 22:00:00,9.624465912353116
2013-09-25 22:00:00,10.26966695840747
2013-09-25 22:00:00,11.559494966464626
2013-09-25 22:00:00,13.333814578058082
2013-09-25 22:00:00,8.053365861049315
2013-09-25 22:00:00,12.810741469724235
2013-09-25 22:00:00,45.5133081057229
2013-09-25 22:00:00,11.015889025198703
2013-09-25 22:00:00,10.19485583095775
2013-09-25 22:00:00,9.19433390024642
2013-09-25 22:00:00,12.433507347401246
2013-09-25 22:00:00,17.44018385612071
2013-09-25 22:00:00,11.298555405432126
2013-09-25 22:00:00,9.782017132165493
2013-09-25 22:00:00,11.571596238667553
2013-09-25 22:00:00,10.858108658329002
2013-09-25 22:00:00,9.570059804967968
2013-09-25 22:00:00,17.67389866702797
2013-09-25 22:00:00,10.467913296128245
2015-02-20 11:08:29,8.206900980341743
2015-01-12 15:36:37,7.842373092094931
2015-06-07 00:38:14,13.320543991991144
2015-04-12 21:56:22,9.654456149954058
2015-04-10 11:56:54,9.457045353847207
2015-06-25 01:01:46,24.00032919502337
2015-05-29 10:02:42,9.992119335815005
2015-06-30 20:03:50,40.26625789121135
2015-02-27 19:36:02,6.864797350790468
2015-06-15 01:00:06,13.100152873252227
2015-02-03 09:00:58,18.8928427145147
2015-05-19 13:58:11,13.021299283442204
2015-05-10 12:37:51,9.107406261578944
2015-01-12 17:05:51,10.519033233222217
2015-04-19 20:44:15,26.70092600220596
2015-01-31 01:05:19,11.323528715960492
2015-01-18 14:06:23,8.652901207457035
